added,gain,hallucination_change,length_group,loss,modified_in,modified_out,original_count,pair_id,possible_gain,possible_loss,removed,retained,role,steer_count,supported_change,type
2,2,unresolved,shorter,1,0,0,4,38438,0,0,1,3,S,5,mixed,entity
0,0,unresolved,shorter,0,0,0,0,38438,0,0,0,0,H,0,mixed,entity
1,1,unresolved,shorter,0,0,0,1,38438,1,0,0,1,S,2,mixed,attribute
0,0,unresolved,shorter,0,0,0,0,38438,1,0,0,0,H,0,mixed,attribute
1,1,lost,shorter,1,0,0,7,398726,0,0,1,6,S,7,mixed,entity
0,0,lost,shorter,1,0,0,1,398726,0,0,1,0,H,0,mixed,entity
1,1,lost,shorter,1,0,0,1,398726,0,0,1,0,S,1,mixed,attribute
0,0,lost,shorter,0,0,0,0,398726,0,0,0,0,H,0,mixed,attribute
0,0,lost,shorter,4,0,0,9,260370,0,0,4,5,S,5,lost,entity
0,0,lost,shorter,2,0,0,2,260370,0,0,2,0,H,0,lost,entity
0,0,lost,shorter,0,0,0,2,260370,0,0,0,2,S,2,lost,attribute
0,0,lost,shorter,0,0,0,0,260370,0,0,0,0,H,0,lost,attribute
0,0,unresolved,shorter,5,0,0,9,113173,0,0,5,4,S,4,unresolved,entity
0,0,unresolved,shorter,0,0,0,0,113173,0,0,0,0,H,0,unresolved,entity
0,0,unresolved,shorter,0,0,0,1,113173,0,0,0,1,S,1,unresolved,attribute
0,0,unresolved,shorter,0,0,0,0,113173,0,0,0,0,H,0,unresolved,attribute
1,1,lost,shorter,3,0,0,7,64189,0,1,3,4,S,5,mixed,entity
0,0,lost,shorter,2,0,0,2,64189,0,1,2,0,H,0,mixed,entity
1,1,lost,shorter,0,0,0,1,64189,0,0,0,1,S,2,mixed,attribute
0,0,lost,shorter,0,0,0,0,64189,0,0,0,0,H,0,mixed,attribute
0,0,unchanged,shorter,0,0,0,4,18291,2,1,0,3,S,5,mixed,entity
0,0,unchanged,shorter,0,0,0,0,18291,0,0,0,0,H,0,mixed,entity
1,1,unchanged,shorter,2,0,0,3,18291,0,1,2,0,S,1,mixed,attribute
0,0,unchanged,shorter,0,0,0,0,18291,0,0,0,0,H,0,mixed,attribute
1,1,unchanged,shorter,0,0,0,3,359751,1,1,0,2,S,4,unresolved,entity
0,0,unchanged,shorter,0,0,0,0,359751,0,0,0,0,H,0,unresolved,entity
0,0,unchanged,shorter,0,0,0,0,359751,0,0,0,0,S,0,unresolved,attribute
0,0,unchanged,shorter,0,0,0,0,359751,0,0,0,0,H,0,unresolved,attribute
0,0,unresolved,shorter,1,0,0,1,404462,2,2,1,0,S,0,unresolved,entity
0,0,unresolved,shorter,0,0,0,0,404462,2,2,0,0,H,0,unresolved,entity
0,0,unresolved,shorter,0,0,0,0,404462,0,2,0,0,S,0,unresolved,attribute
0,0,unresolved,shorter,0,0,0,0,404462,0,2,0,0,H,0,unresolved,attribute
0,0,unresolved,shorter,2,0,0,4,326667,1,1,2,1,S,2,unresolved,entity
0,0,unresolved,shorter,0,0,0,0,326667,0,0,0,0,H,0,unresolved,entity
0,0,unresolved,shorter,0,0,0,0,326667,0,1,0,0,S,0,unresolved,attribute
0,0,unresolved,shorter,0,0,0,0,326667,0,1,0,0,H,0,unresolved,attribute
0,0,unresolved,shorter,3,0,0,5,396768,0,1,3,2,S,2,lost,entity
0,0,unresolved,shorter,0,0,0,0,396768,0,1,0,0,H,0,lost,entity
0,0,unresolved,shorter,1,0,0,2,396768,0,0,1,1,S,1,lost,attribute
0,0,unresolved,shorter,0,0,0,0,396768,0,0,0,0,H,0,lost,attribute
2,2,unresolved,shorter,3,0,0,6,342770,2,0,3,3,S,6,mixed,entity
1,1,unresolved,shorter,0,0,0,1,342770,1,1,0,0,H,1,mixed,entity
1,1,unresolved,shorter,0,0,0,0,342770,0,0,0,0,S,1,mixed,attribute
0,0,unresolved,shorter,0,0,0,0,342770,1,0,0,0,H,1,mixed,attribute
0,0,unresolved,shorter,1,0,0,4,487391,2,3,1,1,S,2,unresolved,entity
0,0,unresolved,shorter,0,0,0,0,487391,1,1,0,0,H,0,unresolved,entity
0,0,unresolved,shorter,1,0,0,1,487391,1,0,1,0,S,0,unresolved,attribute
0,0,unresolved,shorter,0,0,0,0,487391,1,0,0,0,H,0,unresolved,attribute
0,0,unresolved,shorter,1,0,0,7,542511,5,4,1,2,S,7,unresolved,entity
0,0,unresolved,shorter,0,0,0,0,542511,2,0,0,0,H,2,unresolved,entity
0,0,unresolved,shorter,0,0,0,0,542511,0,1,0,0,S,0,unresolved,attribute
0,0,unresolved,shorter,0,0,0,0,542511,0,1,0,0,H,0,unresolved,attribute
0,0,unresolved,shorter,0,0,0,3,525322,3,4,0,1,S,4,unresolved,entity
0,0,unresolved,shorter,0,0,0,0,525322,0,2,0,0,H,0,unresolved,entity
0,0,unresolved,shorter,0,0,0,1,525322,4,1,0,0,S,4,unresolved,attribute
0,0,unresolved,shorter,0,0,0,0,525322,0,0,0,0,H,0,unresolved,attribute
1,1,unresolved,shorter,1,0,0,5,279305,2,2,1,2,S,5,unresolved,entity
0,0,unresolved,shorter,0,0,0,0,279305,0,0,0,0,H,0,unresolved,entity
1,1,unresolved,shorter,1,0,0,2,279305,2,0,1,1,S,4,unresolved,attribute
0,0,unresolved,shorter,0,0,0,0,279305,0,0,0,0,H,0,unresolved,attribute
2,2,unresolved,shorter,1,0,0,5,45472,4,3,1,1,S,6,unresolved,entity
0,0,unresolved,shorter,0,0,0,0,45472,1,0,0,0,H,0,unresolved,entity
2,2,unresolved,shorter,0,0,0,1,45472,0,1,0,0,S,2,unresolved,attribute
0,0,unresolved,shorter,0,0,0,0,45472,0,0,0,0,H,0,unresolved,attribute
1,1,unresolved,shorter,0,0,0,8,102609,1,2,0,6,S,8,unresolved,entity
0,0,unresolved,shorter,1,0,0,1,102609,0,0,1,0,H,0,unresolved,entity
0,0,unresolved,shorter,1,0,0,1,102609,0,0,1,0,S,0,unresolved,attribute
0,0,unresolved,shorter,0,0,0,0,102609,0,0,0,0,H,0,unresolved,attribute
1,1,mixed,shorter,4,0,0,7,403482,1,1,4,2,S,4,mixed,entity
2,2,mixed,shorter,3,0,0,3,403482,0,0,3,0,H,2,mixed,entity
0,0,mixed,shorter,0,0,0,1,403482,0,3,0,0,S,0,mixed,attribute
0,0,mixed,shorter,0,0,0,0,403482,0,2,0,0,H,0,mixed,attribute
1,1,unresolved,shorter,2,0,0,7,45388,1,1,2,4,S,6,unresolved,entity
0,0,unresolved,shorter,0,0,0,0,45388,0,0,0,0,H,0,unresolved,entity
1,1,unresolved,shorter,1,0,0,1,45388,0,0,1,0,S,1,unresolved,attribute
0,0,unresolved,shorter,0,0,0,0,45388,0,0,0,0,H,0,unresolved,attribute
0,0,unresolved,shorter,0,0,0,4,281711,1,3,0,4,S,4,unresolved,entity
0,0,unresolved,shorter,0,0,0,0,281711,1,3,0,0,H,0,unresolved,entity
1,1,unresolved,shorter,0,0,0,0,281711,0,0,0,0,S,1,unresolved,attribute
0,0,unresolved,shorter,0,0,0,0,281711,0,0,0,0,H,0,unresolved,attribute
1,1,unresolved,shorter,2,0,0,7,268717,3,1,2,4,S,7,mixed,entity
0,0,unresolved,shorter,1,0,0,1,268717,1,0,1,0,H,0,mixed,entity
1,1,unresolved,shorter,0,0,0,2,268717,1,2,0,0,S,2,mixed,attribute
0,0,unresolved,shorter,0,0,0,0,268717,1,0,0,0,H,1,mixed,attribute
1,1,unresolved,shorter,0,0,0,6,318854,2,3,0,5,S,7,unresolved,entity
0,0,unresolved,shorter,1,0,0,3,318854,1,2,1,2,H,2,unresolved,entity
0,0,unresolved,shorter,0,0,0,1,318854,1,1,0,0,S,1,unresolved,attribute
0,0,unresolved,shorter,0,0,0,0,318854,0,0,0,0,H,0,unresolved,attribute
0,0,unresolved,shorter,1,0,0,3,402992,1,1,1,1,S,2,unresolved,entity
0,0,unresolved,shorter,0,0,0,0,402992,0,0,0,0,H,0,unresolved,entity
0,0,unresolved,shorter,0,0,0,1,402992,0,1,0,0,S,0,unresolved,attribute
0,0,unresolved,shorter,0,0,0,0,402992,0,0,0,0,H,0,unresolved,attribute
0,0,unchanged,shorter,3,0,0,7,321176,0,0,3,4,S,4,mixed,entity
0,0,unchanged,shorter,0,0,0,0,321176,0,0,0,0,H,0,mixed,entity
1,1,unchanged,shorter,2,0,0,3,321176,0,0,2,1,S,2,mixed,attribute
0,0,unchanged,shorter,0,0,0,0,321176,0,0,0,0,H,0,mixed,attribute
0,0,mixed,shorter,1,0,0,4,34520,1,1,1,2,S,3,unresolved,entity
1,1,mixed,shorter,1,0,0,1,34520,0,0,1,0,H,1,unresolved,entity
0,0,mixed,shorter,1,0,0,1,34520,0,0,1,0,S,0,unresolved,attribute
0,0,mixed,shorter,0,0,0,0,34520,0,0,0,0,H,0,unresolved,attribute
2,2,lost,shorter,1,0,0,5,379542,0,1,1,4,S,6,mixed,entity
0,0,lost,shorter,1,0,0,1,379542,0,1,1,0,H,0,mixed,entity
1,1,lost,shorter,0,0,0,0,379542,0,0,0,0,S,1,mixed,attribute
0,0,lost,shorter,0,0,0,0,379542,0,0,0,0,H,0,mixed,attribute
2,2,lost,shorter,3,0,0,8,340654,0,0,3,5,S,7,mixed,entity
0,0,lost,shorter,1,0,0,1,340654,0,0,1,0,H,0,mixed,entity
0,0,lost,shorter,0,0,0,1,340654,0,0,0,1,S,1,mixed,attribute
0,0,lost,shorter,0,0,0,1,340654,0,0,0,1,H,1,mixed,attribute
2,2,unresolved,shorter,6,0,0,8,40705,1,4,6,2,S,5,unresolved,entity
0,0,unresolved,shorter,1,0,0,1,40705,0,4,1,0,H,0,unresolved,entity
0,0,unresolved,shorter,0,0,0,0,40705,0,0,0,0,S,0,unresolved,attribute
0,0,unresolved,shorter,0,0,0,0,40705,0,0,0,0,H,0,unresolved,attribute
2,2,lost,shorter,5,0,0,11,198120,1,1,5,5,S,8,mixed,entity
0,0,lost,shorter,3,0,0,4,198120,0,0,3,1,H,1,mixed,entity
0,0,lost,shorter,1,0,0,1,198120,0,0,1,0,S,0,mixed,attribute
0,0,lost,shorter,0,0,0,0,198120,0,0,0,0,H,0,mixed,attribute
4,4,unresolved,shorter,4,0,0,8,469671,3,1,4,3,S,8,mixed,entity
0,0,unresolved,shorter,2,0,0,2,469671,2,0,2,0,H,0,mixed,entity
0,0,unresolved,shorter,0,0,0,1,469671,0,0,0,1,S,1,mixed,attribute
0,0,unresolved,shorter,0,0,0,0,469671,0,0,0,0,H,0,mixed,attribute
1,1,lost,shorter,7,0,0,9,402623,1,1,7,1,S,3,mixed,entity
0,0,lost,shorter,2,0,0,2,402623,0,0,2,0,H,0,mixed,entity
0,0,lost,shorter,1,0,0,1,402623,0,0,1,0,S,0,mixed,attribute
0,0,lost,shorter,0,0,0,0,402623,0,0,0,0,H,0,mixed,attribute
0,0,lost,shorter,4,0,0,4,308391,0,0,4,0,S,0,lost,entity
0,0,lost,shorter,1,0,0,1,308391,0,0,1,0,H,0,lost,entity
0,0,lost,shorter,2,0,0,2,308391,0,0,2,0,S,0,lost,attribute
0,0,lost,shorter,0,0,0,0,308391,0,0,0,0,H,0,lost,attribute
3,3,lost,shorter,3,0,0,9,289392,2,3,3,4,S,9,mixed,entity
0,0,lost,shorter,2,0,0,2,289392,0,1,2,0,H,0,mixed,entity
2,2,lost,shorter,2,0,0,2,289392,0,0,2,0,S,2,mixed,attribute
0,0,lost,shorter,0,0,0,0,289392,0,0,0,0,H,0,mixed,attribute
2,2,unresolved,shorter,4,0,0,7,451915,1,1,4,2,S,5,unresolved,entity
0,0,unresolved,shorter,0,0,0,0,451915,0,0,0,0,H,0,unresolved,entity
0,0,unresolved,shorter,1,0,0,1,451915,0,0,1,0,S,0,unresolved,attribute
0,0,unresolved,shorter,0,0,0,0,451915,0,0,0,0,H,0,unresolved,attribute
2,2,mixed,shorter,1,0,0,10,25986,1,1,1,8,S,11,mixed,entity
2,2,mixed,shorter,1,0,0,1,25986,0,0,1,0,H,2,mixed,entity
0,0,mixed,shorter,0,0,0,0,25986,0,0,0,0,S,0,mixed,attribute
0,0,mixed,shorter,0,0,0,0,25986,0,0,0,0,H,0,mixed,attribute
0,0,unchanged,shorter,2,0,0,5,270593,0,0,2,3,S,3,mixed,entity
0,0,unchanged,shorter,0,0,0,0,270593,0,0,0,0,H,0,mixed,entity
1,1,unchanged,shorter,1,0,0,1,270593,0,0,1,0,S,1,mixed,attribute
0,0,unchanged,shorter,0,0,0,0,270593,0,0,0,0,H,0,mixed,attribute
1,1,unresolved,shorter,3,0,0,8,295574,2,1,3,5,S,6,mixed,entity
0,0,unresolved,shorter,0,0,0,0,295574,2,1,0,0,H,0,mixed,entity
1,1,unresolved,shorter,0,0,0,0,295574,0,0,0,0,S,1,mixed,attribute
0,0,unresolved,shorter,0,0,0,0,295574,0,0,0,0,H,0,mixed,attribute
2,2,unresolved,shorter,4,0,0,8,55244,1,2,4,3,S,6,unresolved,entity
1,1,unresolved,shorter,0,0,0,0,55244,0,1,0,0,H,1,unresolved,entity
1,1,unresolved,shorter,0,0,0,1,55244,0,0,0,1,S,2,unresolved,attribute
0,0,unresolved,shorter,0,0,0,0,55244,0,0,0,0,H,0,unresolved,attribute
0,0,lost,shorter,2,0,0,6,277326,0,0,2,4,S,4,lost,entity
0,0,lost,shorter,2,0,0,2,277326,0,0,2,0,H,0,lost,entity
0,0,lost,shorter,0,0,0,1,277326,0,0,0,1,S,1,lost,attribute
0,0,lost,shorter,0,0,0,0,277326,0,0,0,0,H,0,lost,attribute
0,0,unresolved,shorter,2,0,0,6,264423,1,0,2,4,S,4,unresolved,entity
0,0,unresolved,shorter,0,0,0,0,264423,1,0,0,0,H,0,unresolved,entity
0,0,unresolved,shorter,1,0,0,1,264423,0,0,1,0,S,0,unresolved,attribute
0,0,unresolved,shorter,0,0,0,0,264423,0,0,0,0,H,0,unresolved,attribute
3,3,unchanged,shorter,2,0,0,5,43098,0,0,2,3,S,6,mixed,entity
0,0,unchanged,shorter,0,0,0,0,43098,0,0,0,0,H,0,mixed,entity
0,0,unchanged,shorter,1,0,0,2,43098,0,0,1,1,S,1,mixed,attribute
0,0,unchanged,shorter,0,0,0,0,43098,0,0,0,0,H,0,mixed,attribute
1,1,unchanged,shorter,1,0,0,6,80185,2,1,1,4,S,7,mixed,entity
0,0,unchanged,shorter,0,0,0,0,80185,0,0,0,0,H,0,mixed,entity
0,0,unchanged,shorter,0,0,0,0,80185,0,0,0,0,S,0,mixed,attribute
0,0,unchanged,shorter,0,0,0,0,80185,0,0,0,0,H,0,mixed,attribute
0,0,unchanged,shorter,4,0,0,9,120357,1,4,4,1,S,2,unresolved,entity
0,0,unchanged,shorter,0,0,0,0,120357,0,0,0,0,H,0,unresolved,entity
0,0,unchanged,shorter,0,0,0,0,120357,0,0,0,0,S,0,unresolved,attribute
0,0,unchanged,shorter,0,0,0,0,120357,0,0,0,0,H,0,unresolved,attribute
0,0,unresolved,shorter,0,0,0,2,68418,0,1,0,2,S,2,unresolved,entity
0,0,unresolved,shorter,0,0,0,0,68418,0,1,0,0,H,0,unresolved,entity
0,0,unresolved,shorter,0,0,0,0,68418,0,1,0,0,S,0,unresolved,attribute
0,0,unresolved,shorter,0,0,0,0,68418,0,1,0,0,H,0,unresolved,attribute
2,2,unresolved,shorter,3,0,0,8,561517,1,0,3,5,S,7,unresolved,entity
1,1,unresolved,shorter,1,0,0,2,561517,1,0,1,1,H,2,unresolved,entity
0,0,unresolved,shorter,1,0,0,1,561517,0,0,1,0,S,0,unresolved,attribute
0,0,unresolved,shorter,0,0,0,0,561517,0,0,0,0,H,0,unresolved,attribute
0,0,gained,shorter,1,0,0,5,543118,0,0,1,4,S,4,lost,entity
0,0,gained,shorter,0,0,0,1,543118,0,0,0,1,H,1,lost,entity
0,0,gained,shorter,2,0,0,2,543118,0,0,2,0,S,0,lost,attribute
1,1,gained,shorter,0,0,0,0,543118,0,0,0,0,H,1,lost,attribute
1,1,mixed,shorter,0,0,0,5,120806,0,0,0,5,S,6,mixed,entity
1,1,mixed,shorter,0,0,0,0,120806,0,0,0,0,H,1,mixed,entity
1,1,mixed,shorter,1,0,0,2,120806,0,0,1,1,S,2,mixed,attribute
0,0,mixed,shorter,1,0,0,1,120806,0,0,1,0,H,0,mixed,attribute
2,2,unresolved,shorter,0,0,0,3,136140,0,0,0,3,S,5,mixed,entity
0,0,unresolved,shorter,0,0,0,0,136140,0,0,0,0,H,0,mixed,entity
1,1,unresolved,shorter,1,0,0,1,136140,1,0,1,0,S,1,mixed,attribute
0,0,unresolved,shorter,0,0,0,0,136140,1,0,0,0,H,0,mixed,attribute
3,3,unchanged,shorter,3,0,0,5,196989,0,0,3,2,S,5,mixed,entity
0,0,unchanged,shorter,0,0,0,0,196989,0,0,0,0,H,0,mixed,entity
0,0,unchanged,shorter,0,0,0,0,196989,0,0,0,0,S,0,mixed,attribute
0,0,unchanged,shorter,0,0,0,0,196989,0,0,0,0,H,0,mixed,attribute
3,3,gained,shorter,2,0,0,8,85674,4,3,2,3,S,9,mixed,entity
1,1,gained,shorter,0,0,0,0,85674,1,0,0,0,H,1,mixed,entity
0,1,gained,shorter,1,1,1,1,85674,0,0,0,0,S,1,mixed,attribute
0,0,gained,shorter,0,0,0,0,85674,0,0,0,0,H,0,mixed,attribute
1,1,lost,shorter,1,0,0,6,433892,0,0,1,5,S,6,mixed,entity
0,0,lost,shorter,1,0,0,3,433892,0,0,1,2,H,2,mixed,entity
0,0,lost,shorter,0,0,0,0,433892,0,0,0,0,S,0,mixed,attribute
0,0,lost,shorter,0,0,0,0,433892,0,0,0,0,H,0,mixed,attribute
0,0,unchanged,shorter,1,0,0,4,190015,0,0,1,3,S,3,lost,entity
0,0,unchanged,shorter,0,0,0,0,190015,0,0,0,0,H,0,lost,entity
0,0,unchanged,shorter,1,0,0,2,190015,0,0,1,1,S,1,lost,attribute
0,0,unchanged,shorter,0,0,0,0,190015,0,0,0,0,H,0,lost,attribute
1,1,gained,shorter,1,0,0,3,419558,0,0,1,2,S,3,mixed,entity
1,1,gained,shorter,0,0,0,0,419558,0,0,0,0,H,1,mixed,entity
0,0,gained,shorter,1,0,0,1,419558,0,0,1,0,S,0,mixed,attribute
0,0,gained,shorter,0,0,0,0,419558,0,0,0,0,H,0,mixed,attribute
1,1,mixed,shorter,0,0,0,6,70471,0,2,0,6,S,7,unresolved,entity
1,1,mixed,shorter,1,0,0,1,70471,0,2,1,0,H,1,unresolved,entity
0,0,mixed,shorter,0,0,0,0,70471,0,0,0,0,S,0,unresolved,attribute
0,0,mixed,shorter,0,0,0,0,70471,0,0,0,0,H,0,unresolved,attribute
1,1,unresolved,shorter,4,0,0,6,569801,0,1,4,2,S,3,unresolved,entity
0,0,unresolved,shorter,4,0,0,4,569801,0,1,4,0,H,0,unresolved,entity
0,0,unresolved,shorter,1,0,0,2,569801,0,2,1,0,S,0,unresolved,attribute
0,0,unresolved,shorter,0,0,0,0,569801,0,1,0,0,H,0,unresolved,attribute
3,3,lost,shorter,5,0,0,9,86250,0,0,5,4,S,7,mixed,entity
0,0,lost,shorter,1,0,0,2,86250,0,0,1,1,H,1,mixed,entity
1,1,lost,shorter,0,0,0,1,86250,0,0,0,1,S,2,mixed,attribute
0,0,lost,shorter,0,0,0,0,86250,0,0,0,0,H,0,mixed,attribute
2,2,lost,shorter,2,0,0,7,552221,0,0,2,5,S,7,mixed,entity
0,0,lost,shorter,1,0,0,3,552221,0,0,1,2,H,2,mixed,entity
0,0,lost,shorter,0,0,0,1,552221,0,0,0,1,S,1,mixed,attribute
0,0,lost,shorter,0,0,0,0,552221,0,0,0,0,H,0,mixed,attribute
2,2,unresolved,shorter,4,0,0,6,118839,0,2,4,2,S,4,mixed,entity
0,0,unresolved,shorter,0,0,0,0,118839,0,2,0,0,H,0,mixed,entity
0,0,unresolved,shorter,1,0,0,1,118839,1,2,1,0,S,0,mixed,attribute
0,0,unresolved,shorter,0,0,0,0,118839,1,2,0,0,H,0,mixed,attribute
0,0,unchanged,shorter,1,0,0,4,303499,4,2,1,1,S,5,unresolved,entity
0,0,unchanged,shorter,0,0,0,0,303499,0,0,0,0,H,0,unresolved,entity
0,0,unchanged,shorter,0,0,0,1,303499,2,0,0,1,S,3,unresolved,attribute
0,0,unchanged,shorter,0,0,0,0,303499,0,0,0,0,H,0,unresolved,attribute
1,1,unchanged,shorter,1,0,0,6,471483,0,0,1,5,S,6,mixed,entity
0,0,unchanged,shorter,0,0,0,0,471483,0,0,0,0,H,0,mixed,entity
0,0,unchanged,shorter,1,0,0,3,471483,0,0,1,2,S,2,mixed,attribute
0,0,unchanged,shorter,0,0,0,0,471483,0,0,0,0,H,0,mixed,attribute
0,0,mixed,shorter,1,0,0,5,545353,0,0,1,4,S,4,lost,entity
1,1,mixed,shorter,4,0,0,6,545353,0,0,4,2,H,3,lost,entity
0,0,mixed,shorter,0,0,0,0,545353,0,0,0,0,S,0,lost,attribute
0,0,mixed,shorter,0,0,0,0,545353,0,0,0,0,H,0,lost,attribute
0,0,unresolved,shorter,3,0,0,8,55857,4,4,3,1,S,5,unresolved,entity
0,0,unresolved,shorter,0,0,0,0,55857,0,0,0,0,H,0,unresolved,entity
0,0,unresolved,shorter,0,0,0,1,55857,1,0,0,1,S,2,unresolved,attribute
0,0,unresolved,shorter,0,0,0,0,55857,0,0,0,0,H,0,unresolved,attribute
0,0,unresolved,shorter,3,0,0,6,150098,0,0,3,3,S,3,lost,entity
0,0,unresolved,shorter,0,0,0,0,150098,0,0,0,0,H,0,lost,entity
0,0,unresolved,shorter,2,0,0,2,150098,0,1,2,0,S,0,lost,attribute
0,0,unresolved,shorter,0,0,0,0,150098,0,1,0,0,H,0,lost,attribute
0,0,unresolved,shorter,3,0,0,6,183970,0,0,3,3,S,3,unresolved,entity
0,0,unresolved,shorter,1,0,0,2,183970,0,0,1,1,H,1,unresolved,entity
0,0,unresolved,shorter,0,0,0,0,183970,0,0,0,0,S,0,unresolved,attribute
0,0,unresolved,shorter,0,0,0,0,183970,0,0,0,0,H,0,unresolved,attribute
0,0,unresolved,shorter,1,0,0,2,32909,0,2,1,1,S,1,lost,entity
0,0,unresolved,shorter,0,0,0,0,32909,0,2,0,0,H,0,lost,entity
0,0,unresolved,shorter,1,0,0,2,32909,0,1,1,1,S,1,lost,attribute
0,0,unresolved,shorter,0,0,0,0,32909,0,1,0,0,H,0,lost,attribute
0,0,unresolved,shorter,3,0,0,8,21046,0,0,3,5,S,5,unresolved,entity
1,1,unresolved,shorter,1,0,0,1,21046,0,0,1,0,H,1,unresolved,entity
0,0,unresolved,shorter,2,0,0,3,21046,0,0,2,1,S,1,unresolved,attribute
0,0,unresolved,shorter,0,0,0,0,21046,0,0,0,0,H,0,unresolved,attribute
2,2,lost,shorter,1,0,0,6,195269,2,2,1,3,S,7,mixed,entity
0,0,lost,shorter,1,0,0,1,195269,0,0,1,0,H,0,mixed,entity
0,0,lost,shorter,0,0,0,1,195269,0,1,0,0,S,0,mixed,attribute
0,0,lost,shorter,0,0,0,0,195269,0,0,0,0,H,0,mixed,attribute
1,1,gained,shorter,0,0,0,5,513037,3,3,0,2,S,6,unresolved,entity
0,0,gained,shorter,0,0,0,0,513037,0,0,0,0,H,0,unresolved,entity
0,0,gained,shorter,0,0,0,1,513037,0,0,0,1,S,1,unresolved,attribute
1,1,gained,shorter,0,0,0,0,513037,1,0,0,0,H,2,unresolved,attribute
1,1,unresolved,shorter,1,0,0,6,431364,4,2,1,3,S,7,mixed,entity
0,0,unresolved,shorter,0,0,0,0,431364,1,0,0,0,H,0,mixed,entity
1,1,unresolved,shorter,0,0,0,0,431364,1,0,0,0,S,2,mixed,attribute
0,0,unresolved,shorter,0,0,0,0,431364,0,0,0,0,H,0,mixed,attribute
3,3,lost,shorter,2,0,0,4,121876,0,0,2,2,S,5,mixed,entity
0,0,lost,shorter,0,0,0,0,121876,0,0,0,0,H,0,mixed,entity
0,0,lost,shorter,2,0,0,2,121876,0,0,2,0,S,0,mixed,attribute
0,0,lost,shorter,1,0,0,1,121876,0,0,1,0,H,0,mixed,attribute
0,0,mixed,shorter,3,0,0,7,256220,0,0,3,4,S,4,lost,entity
3,3,mixed,shorter,1,0,0,2,256220,0,0,1,1,H,4,lost,entity
0,0,mixed,shorter,0,0,0,0,256220,0,0,0,0,S,0,lost,attribute
0,0,mixed,shorter,0,0,0,0,256220,0,0,0,0,H,0,lost,attribute
3,3,unresolved,shorter,1,0,0,2,274612,0,0,1,1,S,4,mixed,entity
0,0,unresolved,shorter,0,0,0,0,274612,0,0,0,0,H,0,mixed,entity
0,0,unresolved,shorter,0,0,0,1,274612,3,3,0,0,S,1,mixed,attribute
0,0,unresolved,shorter,0,0,0,0,274612,2,2,0,0,H,0,mixed,attribute
1,1,unresolved,shorter,4,0,0,6,43324,0,0,4,2,S,3,unresolved,entity
1,1,unresolved,shorter,0,0,0,0,43324,0,0,0,0,H,1,unresolved,entity
1,1,unresolved,shorter,0,0,0,0,43324,0,0,0,0,S,1,unresolved,attribute
0,0,unresolved,shorter,0,0,0,0,43324,0,0,0,0,H,0,unresolved,attribute
4,4,unresolved,shorter,3,0,0,5,82465,0,1,3,2,S,6,mixed,entity
0,0,unresolved,shorter,0,0,0,0,82465,0,1,0,0,H,0,mixed,entity
0,0,unresolved,shorter,1,0,0,2,82465,1,1,1,0,S,1,mixed,attribute
0,0,unresolved,shorter,0,0,0,0,82465,0,0,0,0,H,0,mixed,attribute
0,0,unresolved,shorter,1,0,0,4,75806,0,1,1,3,S,3,lost,entity
0,0,unresolved,shorter,0,0,0,0,75806,0,1,0,0,H,0,lost,entity
0,0,unresolved,shorter,1,0,0,1,75806,0,1,1,0,S,0,lost,attribute
0,0,unresolved,shorter,0,0,0,0,75806,0,1,0,0,H,0,lost,attribute
3,3,unchanged,shorter,3,0,0,5,89296,0,0,3,2,S,5,mixed,entity
0,0,unchanged,shorter,0,0,0,0,89296,0,0,0,0,H,0,mixed,entity
2,2,unchanged,shorter,1,0,0,1,89296,0,0,1,0,S,2,mixed,attribute
0,0,unchanged,shorter,0,0,0,0,89296,0,0,0,0,H,0,mixed,attribute
0,0,lost,shorter,4,0,0,8,449039,1,0,4,4,S,5,mixed,entity
0,0,lost,shorter,2,0,0,2,449039,0,0,2,0,H,0,mixed,entity
1,1,lost,shorter,0,0,0,1,449039,0,0,0,1,S,2,mixed,attribute
0,0,lost,shorter,1,0,0,1,449039,0,0,1,0,H,0,mixed,attribute
0,0,lost,shorter,0,0,0,8,527219,0,0,0,8,S,8,unchanged,entity
0,0,lost,shorter,1,0,0,1,527219,0,0,1,0,H,0,unchanged,entity
0,0,lost,shorter,0,0,0,1,527219,0,0,0,1,S,1,unchanged,attribute
0,0,lost,shorter,0,0,0,0,527219,0,0,0,0,H,0,unchanged,attribute
2,2,unresolved,shorter,4,0,0,8,45094,0,3,4,4,S,6,mixed,entity
0,0,unresolved,shorter,0,0,0,0,45094,0,3,0,0,H,0,mixed,entity
1,1,unresolved,shorter,1,0,0,1,45094,0,0,1,0,S,1,mixed,attribute
0,0,unresolved,shorter,0,0,0,0,45094,0,0,0,0,H,0,mixed,attribute
0,0,lost,shorter,2,0,0,7,113246,3,2,2,3,S,6,unresolved,entity
0,0,lost,shorter,1,0,0,2,113246,0,0,1,1,H,1,unresolved,entity
0,0,lost,shorter,0,0,0,0,113246,0,0,0,0,S,0,unresolved,attribute
0,0,lost,shorter,0,0,0,0,113246,0,0,0,0,H,0,unresolved,attribute
0,0,lost,shorter,2,0,0,4,389308,1,1,2,1,S,2,unresolved,entity
0,0,lost,shorter,1,0,0,1,389308,0,0,1,0,H,0,unresolved,entity
0,0,lost,shorter,0,0,0,0,389308,1,0,0,0,S,1,unresolved,attribute
0,0,lost,shorter,0,0,0,0,389308,0,0,0,0,H,0,unresolved,attribute
0,0,unresolved,shorter,1,0,0,6,261115,1,1,1,4,S,5,unresolved,entity
0,0,unresolved,shorter,0,0,0,0,261115,0,0,0,0,H,0,unresolved,entity
0,0,unresolved,shorter,1,0,0,2,261115,0,2,1,0,S,0,unresolved,attribute
0,0,unresolved,shorter,0,0,0,0,261115,0,1,0,0,H,0,unresolved,attribute
0,0,lost,shorter,2,0,0,7,253489,0,0,2,5,S,5,mixed,entity
0,0,lost,shorter,0,0,0,0,253489,0,0,0,0,H,0,mixed,entity
2,2,lost,shorter,1,0,0,2,253489,0,0,1,1,S,3,mixed,attribute
0,0,lost,shorter,1,0,0,1,253489,0,0,1,0,H,0,mixed,attribute
1,1,unchanged,shorter,2,0,0,6,45367,0,0,2,4,S,5,mixed,entity
0,0,unchanged,shorter,0,0,0,0,45367,0,0,0,0,H,0,mixed,entity
0,0,unchanged,shorter,1,0,0,3,45367,0,0,1,2,S,2,mixed,attribute
0,0,unchanged,shorter,0,0,0,0,45367,0,0,0,0,H,0,mixed,attribute
1,1,lost,shorter,0,0,0,2,46912,0,1,0,2,S,3,unresolved,entity
0,0,lost,shorter,1,0,0,2,46912,0,1,1,1,H,1,unresolved,entity
1,1,lost,shorter,0,0,0,0,46912,0,0,0,0,S,1,unresolved,attribute
0,0,lost,shorter,0,0,0,0,46912,0,0,0,0,H,0,unresolved,attribute
2,2,unresolved,shorter,0,0,0,4,94760,2,0,0,4,S,6,gained,entity
0,0,unresolved,shorter,0,0,0,0,94760,2,0,0,0,H,0,gained,entity
1,1,unresolved,shorter,0,0,0,0,94760,0,0,0,0,S,1,gained,attribute
0,0,unresolved,shorter,0,0,0,0,94760,0,0,0,0,H,0,gained,attribute
3,3,unresolved,shorter,3,0,0,9,96755,2,2,3,4,S,8,mixed,entity
0,0,unresolved,shorter,1,0,0,1,96755,1,0,1,0,H,0,mixed,entity
0,0,unresolved,shorter,0,0,0,0,96755,0,0,0,0,S,0,mixed,attribute
0,0,unresolved,shorter,0,0,0,0,96755,0,0,0,0,H,0,mixed,attribute
2,2,unresolved,shorter,2,0,0,5,221044,2,2,2,1,S,4,mixed,entity
0,0,unresolved,shorter,1,0,0,1,221044,1,0,1,0,H,0,mixed,entity
0,0,unresolved,shorter,0,0,0,1,221044,0,0,0,1,S,1,mixed,attribute
0,0,unresolved,shorter,0,0,0,0,221044,0,0,0,0,H,0,mixed,attribute
2,2,unresolved,shorter,3,0,0,7,482236,0,2,3,4,S,6,mixed,entity
1,1,unresolved,shorter,0,0,0,0,482236,0,2,0,0,H,1,mixed,entity
0,0,unresolved,shorter,0,0,0,0,482236,0,0,0,0,S,0,mixed,attribute
0,0,unresolved,shorter,0,0,0,0,482236,0,0,0,0,H,0,mixed,attribute
0,0,unresolved,shorter,1,0,0,3,48530,1,1,1,1,S,2,unresolved,entity
0,0,unresolved,shorter,0,0,0,0,48530,0,0,0,0,H,0,unresolved,entity
0,0,unresolved,shorter,1,0,0,2,48530,0,2,1,0,S,0,unresolved,attribute
0,0,unresolved,shorter,0,0,0,0,48530,0,1,0,0,H,0,unresolved,attribute
0,0,mixed,shorter,3,0,0,6,112437,0,2,3,3,S,3,mixed,entity
0,0,mixed,shorter,2,0,0,3,112437,0,2,2,1,H,1,mixed,entity
1,1,mixed,shorter,0,0,0,0,112437,0,0,0,0,S,1,mixed,attribute
1,1,mixed,shorter,0,0,0,0,112437,0,0,0,0,H,1,mixed,attribute
0,0,mixed,shorter,3,0,0,8,255795,1,0,3,5,S,6,unresolved,entity
1,1,mixed,shorter,2,0,0,3,255795,0,1,2,0,H,1,unresolved,entity
0,0,mixed,shorter,0,0,0,0,255795,0,0,0,0,S,0,unresolved,attribute
0,0,mixed,shorter,0,0,0,0,255795,0,0,0,0,H,0,unresolved,attribute
1,1,unresolved,shorter,0,0,0,3,511138,0,0,0,3,S,4,unresolved,entity
0,0,unresolved,shorter,0,0,0,1,511138,0,0,0,1,H,1,unresolved,entity
0,0,unresolved,shorter,0,0,0,0,511138,0,0,0,0,S,0,unresolved,attribute
0,0,unresolved,shorter,0,0,0,0,511138,0,0,0,0,H,0,unresolved,attribute
2,2,unresolved,shorter,2,0,0,7,548090,0,0,2,5,S,7,unresolved,entity
0,0,unresolved,shorter,0,0,0,0,548090,0,0,0,0,H,0,unresolved,entity
0,0,unresolved,shorter,0,0,0,2,548090,0,0,0,2,S,2,unresolved,attribute
0,0,unresolved,shorter,0,0,0,0,548090,0,0,0,0,H,0,unresolved,attribute
0,0,unresolved,shorter,0,0,0,1,403907,2,4,0,1,S,1,unresolved,entity
0,0,unresolved,shorter,0,0,0,0,403907,2,4,0,0,H,0,unresolved,entity
0,0,unresolved,shorter,1,0,0,2,403907,0,1,1,1,S,1,unresolved,attribute
0,0,unresolved,shorter,0,0,0,0,403907,0,1,0,0,H,0,unresolved,attribute
1,1,unresolved,shorter,1,0,0,5,439180,0,0,1,4,S,5,unresolved,entity
0,0,unresolved,shorter,1,0,0,1,439180,0,0,1,0,H,0,unresolved,entity
1,1,unresolved,shorter,0,0,0,0,439180,0,0,0,0,S,1,unresolved,attribute
0,0,unresolved,shorter,0,0,0,0,439180,0,0,0,0,H,0,unresolved,attribute
2,2,gained,shorter,1,0,0,4,554582,0,0,1,3,S,5,mixed,entity
0,0,gained,shorter,0,0,0,0,554582,0,0,0,0,H,0,mixed,entity
0,0,gained,shorter,0,0,0,0,554582,0,0,0,0,S,0,mixed,attribute
1,1,gained,shorter,0,0,0,0,554582,0,0,0,0,H,1,mixed,attribute
2,2,lost,shorter,0,0,0,3,475150,0,0,0,3,S,5,gained,entity
0,0,lost,shorter,1,0,0,1,475150,0,0,1,0,H,0,gained,entity
0,0,lost,shorter,0,0,0,1,475150,0,0,0,1,S,1,gained,attribute
0,0,lost,shorter,0,0,0,0,475150,0,0,0,0,H,0,gained,attribute
0,0,lost,shorter,6,0,0,7,575946,0,0,6,1,S,1,lost,entity
0,0,lost,shorter,2,0,0,2,575946,0,0,2,0,H,0,lost,entity
0,0,lost,shorter,2,0,0,3,575946,0,0,2,1,S,1,lost,attribute
0,0,lost,shorter,0,0,0,0,575946,0,0,0,0,H,0,lost,attribute
0,0,unresolved,shorter,1,0,0,6,356500,0,0,1,5,S,5,unresolved,entity
0,0,unresolved,shorter,0,0,0,0,356500,0,0,0,0,H,0,unresolved,entity
0,0,unresolved,shorter,0,0,0,0,356500,0,0,0,0,S,0,unresolved,attribute
0,0,unresolved,shorter,0,0,0,0,356500,0,0,0,0,H,0,unresolved,attribute
1,1,gained,shorter,2,0,0,7,579468,1,1,2,4,S,6,mixed,entity
1,1,gained,shorter,0,0,0,0,579468,0,0,0,0,H,1,mixed,entity
1,1,gained,shorter,1,0,0,3,579468,0,0,1,2,S,3,mixed,attribute
0,0,gained,shorter,0,0,0,0,579468,0,0,0,0,H,0,mixed,attribute
0,0,unchanged,shorter,1,0,0,6,332570,1,3,1,2,S,3,unresolved,entity
0,0,unchanged,shorter,0,0,0,0,332570,0,0,0,0,H,0,unresolved,entity
0,0,unchanged,shorter,1,0,0,1,332570,0,0,1,0,S,0,unresolved,attribute
0,0,unchanged,shorter,0,0,0,0,332570,0,0,0,0,H,0,unresolved,attribute
2,2,unresolved,shorter,3,0,0,5,293964,6,7,3,1,S,6,mixed,entity
0,0,unresolved,shorter,1,0,0,1,293964,3,6,1,0,H,0,mixed,entity
0,0,unresolved,shorter,0,0,0,0,293964,0,0,0,0,S,0,mixed,attribute
0,0,unresolved,shorter,0,0,0,0,293964,0,0,0,0,H,0,mixed,attribute
0,0,mixed,shorter,3,0,0,9,137967,0,0,3,6,S,6,lost,entity
1,1,mixed,shorter,2,0,0,3,137967,0,0,2,1,H,2,lost,entity
0,0,mixed,shorter,0,0,0,0,137967,0,0,0,0,S,0,lost,attribute
0,0,mixed,shorter,0,0,0,0,137967,0,0,0,0,H,0,lost,attribute
0,0,unresolved,shorter,3,0,0,4,54264,0,1,3,1,S,1,unresolved,entity
0,0,unresolved,shorter,1,0,0,2,54264,0,1,1,1,H,1,unresolved,entity
0,0,unresolved,shorter,0,0,0,0,54264,0,0,0,0,S,0,unresolved,attribute
0,0,unresolved,shorter,0,0,0,0,54264,0,0,0,0,H,0,unresolved,attribute
7,7,gained,shorter,1,0,0,10,63040,1,4,1,5,S,13,mixed,entity
1,1,gained,shorter,0,0,0,0,63040,0,0,0,0,H,1,mixed,entity
0,0,gained,shorter,0,0,0,0,63040,0,0,0,0,S,0,mixed,attribute
0,0,gained,shorter,0,0,0,0,63040,0,0,0,0,H,0,mixed,attribute
3,3,unresolved,shorter,1,0,0,3,397351,2,0,1,2,S,5,unresolved,entity
0,0,unresolved,shorter,0,0,0,0,397351,2,0,0,0,H,0,unresolved,entity
1,1,unresolved,shorter,1,0,0,1,397351,0,0,1,0,S,1,unresolved,attribute
0,0,unresolved,shorter,0,0,0,0,397351,0,0,0,0,H,0,unresolved,attribute
0,0,lost,shorter,2,0,0,7,204661,0,1,2,4,S,4,mixed,entity
0,0,lost,shorter,1,0,0,1,204661,0,0,1,0,H,0,mixed,entity
2,2,lost,shorter,1,0,0,1,204661,0,0,1,0,S,2,mixed,attribute
0,0,lost,shorter,0,0,0,0,204661,0,0,0,0,H,0,mixed,attribute
1,1,unresolved,shorter,1,0,0,7,223874,9,6,1,2,S,12,mixed,entity
1,1,unresolved,shorter,0,0,0,0,223874,0,2,0,0,H,1,mixed,entity
0,0,unresolved,shorter,0,0,0,0,223874,3,0,0,0,S,3,mixed,attribute
0,0,unresolved,shorter,0,0,0,0,223874,0,0,0,0,H,0,mixed,attribute
2,2,unchanged,shorter,5,0,0,9,87144,0,0,5,4,S,6,mixed,entity
0,0,unchanged,shorter,0,0,0,0,87144,0,0,0,0,H,0,mixed,entity
3,3,unchanged,shorter,0,0,0,0,87144,0,0,0,0,S,3,mixed,attribute
0,0,unchanged,shorter,0,0,0,0,87144,0,0,0,0,H,0,mixed,attribute
0,0,unresolved,shorter,2,0,0,7,373857,3,2,2,3,S,6,unresolved,entity
0,0,unresolved,shorter,2,0,0,2,373857,0,0,2,0,H,0,unresolved,entity
0,0,unresolved,shorter,0,0,0,1,373857,1,1,0,0,S,1,unresolved,attribute
0,0,unresolved,shorter,0,0,0,0,373857,0,0,0,0,H,0,unresolved,attribute
2,2,unresolved,longer,0,0,0,4,294484,2,2,0,2,S,5,unresolved,entity
0,0,unresolved,longer,0,0,0,1,294484,3,1,0,0,H,2,unresolved,entity
0,0,unresolved,longer,0,0,0,0,294484,0,0,0,0,S,0,unresolved,attribute
0,0,unresolved,longer,0,0,0,0,294484,0,0,0,0,H,0,unresolved,attribute
1,1,unchanged,shorter,2,0,0,6,303908,0,0,2,4,S,5,mixed,entity
0,0,unchanged,shorter,0,0,0,0,303908,0,0,0,0,H,0,mixed,entity
1,1,unchanged,shorter,1,0,0,1,303908,0,0,1,0,S,1,mixed,attribute
0,0,unchanged,shorter,0,0,0,0,303908,0,0,0,0,H,0,mixed,attribute
0,0,lost,shorter,1,0,0,3,112702,0,0,1,2,S,2,lost,entity
0,0,lost,shorter,4,0,0,4,112702,0,0,4,0,H,0,lost,entity
0,0,lost,shorter,2,0,0,3,112702,0,0,2,1,S,1,lost,attribute
0,0,lost,shorter,1,0,0,1,112702,0,0,1,0,H,0,lost,attribute
0,0,unresolved,shorter,5,0,0,8,226701,2,3,5,1,S,3,unresolved,entity
0,0,unresolved,shorter,0,0,0,1,226701,0,1,0,1,H,1,unresolved,entity
0,0,unresolved,shorter,0,0,0,0,226701,0,0,0,0,S,0,unresolved,attribute
0,0,unresolved,shorter,0,0,0,0,226701,0,0,0,0,H,0,unresolved,attribute
0,0,lost,shorter,0,0,0,4,89359,0,0,0,4,S,4,lost,entity
0,0,lost,shorter,1,0,0,1,89359,0,0,1,0,H,0,lost,entity
0,0,lost,shorter,1,0,0,1,89359,0,0,1,0,S,0,lost,attribute
0,0,lost,shorter,0,0,0,0,89359,0,0,0,0,H,0,lost,attribute
3,3,lost,longer,1,0,0,4,366830,0,0,1,3,S,6,mixed,entity
0,0,lost,longer,1,0,0,1,366830,0,0,1,0,H,0,mixed,entity
1,1,lost,longer,0,0,0,1,366830,0,0,0,1,S,2,mixed,attribute
0,0,lost,longer,0,0,0,0,366830,0,0,0,0,H,0,mixed,attribute
0,0,unresolved,shorter,4,0,0,8,537857,1,0,4,4,S,5,unresolved,entity
0,0,unresolved,shorter,0,0,0,1,537857,0,1,0,0,H,0,unresolved,entity
0,0,unresolved,shorter,0,0,0,1,537857,1,0,0,1,S,2,unresolved,attribute
0,0,unresolved,shorter,0,0,0,0,537857,0,0,0,0,H,0,unresolved,attribute
2,2,unresolved,shorter,1,0,0,4,494141,1,0,1,3,S,5,mixed,entity
0,0,unresolved,shorter,1,0,0,1,494141,1,0,1,0,H,0,mixed,entity
0,0,unresolved,shorter,0,0,0,0,494141,0,0,0,0,S,0,mixed,attribute
0,0,unresolved,shorter,0,0,0,0,494141,0,0,0,0,H,0,mixed,attribute
1,1,unchanged,shorter,0,0,0,2,164497,0,0,0,2,S,3,mixed,entity
0,0,unchanged,shorter,0,0,0,0,164497,0,0,0,0,H,0,mixed,entity
0,0,unchanged,shorter,1,0,0,1,164497,0,0,1,0,S,0,mixed,attribute
0,0,unchanged,shorter,0,0,0,0,164497,0,0,0,0,H,0,mixed,attribute
1,1,unresolved,shorter,5,0,0,10,380203,2,3,5,2,S,5,mixed,entity
0,0,unresolved,shorter,0,0,0,0,380203,0,0,0,0,H,0,mixed,entity
0,0,unresolved,shorter,0,0,0,2,380203,1,1,0,1,S,2,mixed,attribute
0,0,unresolved,shorter,0,0,0,1,380203,1,1,0,0,H,1,mixed,attribute
2,2,mixed,shorter,2,0,0,6,570101,0,0,2,4,S,6,mixed,entity
0,0,mixed,shorter,3,0,0,5,570101,0,0,3,2,H,2,mixed,entity
1,1,mixed,shorter,2,0,0,2,570101,0,0,2,0,S,1,mixed,attribute
1,1,mixed,shorter,0,0,0,0,570101,0,0,0,0,H,1,mixed,attribute
0,0,unchanged,shorter,1,0,0,5,447553,0,0,1,4,S,4,lost,entity
0,0,unchanged,shorter,0,0,0,0,447553,0,0,0,0,H,0,lost,entity
0,0,unchanged,shorter,1,0,0,1,447553,0,0,1,0,S,0,lost,attribute
0,0,unchanged,shorter,0,0,0,0,447553,0,0,0,0,H,0,lost,attribute
1,1,unresolved,shorter,6,0,0,10,230739,0,0,6,4,S,5,unresolved,entity
0,0,unresolved,shorter,0,0,0,0,230739,0,0,0,0,H,0,unresolved,entity
0,0,unresolved,shorter,1,0,0,1,230739,0,0,1,0,S,0,unresolved,attribute
0,0,unresolved,shorter,0,0,0,0,230739,0,0,0,0,H,0,unresolved,attribute
0,0,unresolved,shorter,0,0,0,3,74789,0,1,0,3,S,3,unresolved,entity
1,1,unresolved,shorter,0,0,0,0,74789,0,1,0,0,H,1,unresolved,entity
0,0,unresolved,shorter,0,0,0,0,74789,0,0,0,0,S,0,unresolved,attribute
0,0,unresolved,shorter,0,0,0,0,74789,0,0,0,0,H,0,unresolved,attribute
0,0,lost,shorter,0,0,0,4,198590,1,1,0,3,S,4,unresolved,entity
0,0,lost,shorter,0,0,0,0,198590,0,0,0,0,H,0,unresolved,entity
0,0,lost,shorter,0,0,0,1,198590,0,0,0,1,S,1,unresolved,attribute
0,0,lost,shorter,1,0,0,1,198590,0,0,1,0,H,0,unresolved,attribute
0,0,lost,shorter,1,0,0,3,41438,0,1,1,2,S,2,lost,entity
0,0,lost,shorter,1,0,0,2,41438,0,1,1,1,H,1,lost,entity
0,0,lost,shorter,0,0,0,0,41438,0,0,0,0,S,0,lost,attribute
0,0,lost,shorter,0,0,0,0,41438,0,0,0,0,H,0,lost,attribute
1,1,lost,shorter,2,0,0,6,235864,0,0,2,4,S,5,mixed,entity
0,0,lost,shorter,2,0,0,2,235864,0,0,2,0,H,0,mixed,entity
0,0,lost,shorter,0,0,0,0,235864,0,0,0,0,S,0,mixed,attribute
0,0,lost,shorter,0,0,0,0,235864,0,0,0,0,H,0,mixed,attribute
0,0,lost,shorter,1,0,0,6,133819,0,0,1,5,S,5,mixed,entity
0,0,lost,shorter,1,0,0,1,133819,0,0,1,0,H,0,mixed,entity
0,1,lost,shorter,2,1,1,2,133819,0,0,1,0,S,1,mixed,attribute
0,0,lost,shorter,0,0,0,0,133819,0,0,0,0,H,0,mixed,attribute
1,1,unchanged,shorter,1,0,0,6,30361,1,1,1,4,S,6,mixed,entity
0,0,unchanged,shorter,0,0,0,0,30361,0,0,0,0,H,0,mixed,entity
0,0,unchanged,shorter,0,0,0,0,30361,1,0,0,0,S,1,mixed,attribute
0,0,unchanged,shorter,0,0,0,0,30361,0,0,0,0,H,0,mixed,attribute
1,1,unchanged,shorter,3,0,0,6,281683,1,1,3,2,S,4,mixed,entity
0,0,unchanged,shorter,0,0,0,0,281683,0,0,0,0,H,0,mixed,entity
0,0,unchanged,shorter,0,0,0,2,281683,2,1,0,1,S,3,mixed,attribute
0,0,unchanged,shorter,0,0,0,0,281683,0,0,0,0,H,0,mixed,attribute
1,1,mixed,shorter,0,0,0,2,574280,1,1,0,2,S,3,mixed,entity
1,1,mixed,shorter,1,0,0,2,574280,2,2,1,0,H,2,mixed,entity
0,0,mixed,shorter,1,0,0,2,574280,0,0,1,1,S,1,mixed,attribute
0,0,mixed,shorter,0,0,0,0,574280,0,0,0,0,H,0,mixed,attribute
2,2,lost,shorter,2,0,0,6,269942,0,0,2,4,S,6,mixed,entity
0,0,lost,shorter,1,0,0,1,269942,0,0,1,0,H,0,mixed,entity
0,0,lost,shorter,0,0,0,1,269942,1,1,0,0,S,1,mixed,attribute
0,0,lost,shorter,0,0,0,0,269942,0,0,0,0,H,0,mixed,attribute
0,0,unresolved,shorter,0,0,0,3,515391,0,1,0,3,S,3,lost,entity
0,0,unresolved,shorter,0,0,0,0,515391,0,1,0,0,H,0,lost,entity
0,0,unresolved,shorter,2,0,0,2,515391,0,0,2,0,S,0,lost,attribute
0,0,unresolved,shorter,0,0,0,0,515391,0,0,0,0,H,0,lost,attribute
0,0,unchanged,shorter,1,0,0,3,572050,0,0,1,2,S,2,lost,entity
0,0,unchanged,shorter,0,0,0,0,572050,0,0,0,0,H,0,lost,entity
0,0,unchanged,shorter,0,0,0,1,572050,0,0,0,1,S,1,lost,attribute
0,0,unchanged,shorter,0,0,0,0,572050,0,0,0,0,H,0,lost,attribute
1,1,unresolved,shorter,1,0,0,4,233023,6,2,1,2,S,6,mixed,entity
0,0,unresolved,shorter,1,0,0,1,233023,3,1,1,0,H,0,mixed,entity
1,1,unresolved,shorter,0,0,0,1,233023,0,0,0,1,S,2,mixed,attribute
0,0,unresolved,shorter,0,0,0,0,233023,0,0,0,0,H,0,mixed,attribute
0,0,gained,shorter,2,0,0,6,230220,1,0,2,4,S,5,unresolved,entity
0,0,gained,shorter,0,0,0,0,230220,0,0,0,0,H,0,unresolved,entity
0,0,gained,shorter,0,0,0,1,230220,2,1,0,0,S,0,unresolved,attribute
1,1,gained,shorter,0,0,0,0,230220,2,0,0,0,H,1,unresolved,attribute
2,2,lost,shorter,0,0,0,3,381213,2,1,0,2,S,6,unresolved,entity
0,0,lost,shorter,2,0,0,2,381213,0,0,2,0,H,0,unresolved,entity
0,0,lost,shorter,0,0,0,0,381213,0,0,0,0,S,0,unresolved,attribute
0,0,lost,shorter,0,0,0,0,381213,0,0,0,0,H,0,unresolved,attribute
0,0,unresolved,shorter,5,0,0,9,73201,0,1,5,4,S,4,lost,entity
0,0,unresolved,shorter,0,0,0,0,73201,0,1,0,0,H,0,lost,entity
0,0,unresolved,shorter,1,0,0,1,73201,0,0,1,0,S,0,lost,attribute
0,0,unresolved,shorter,0,0,0,0,73201,0,0,0,0,H,0,lost,attribute
3,3,unchanged,shorter,3,0,0,6,306879,2,1,3,2,S,7,mixed,entity
0,0,unchanged,shorter,0,0,0,0,306879,0,0,0,0,H,0,mixed,entity
2,2,unchanged,shorter,0,0,0,0,306879,2,0,0,0,S,4,mixed,attribute
0,0,unchanged,shorter,0,0,0,0,306879,0,0,0,0,H,0,mixed,attribute
0,0,unchanged,shorter,0,0,0,3,519728,0,0,0,3,S,3,lost,entity
0,0,unchanged,shorter,0,0,0,0,519728,0,0,0,0,H,0,lost,entity
0,0,unchanged,shorter,1,0,0,1,519728,0,0,1,0,S,0,lost,attribute
0,0,unchanged,shorter,0,0,0,0,519728,0,0,0,0,H,0,lost,attribute
1,1,unresolved,shorter,0,0,0,3,159736,2,2,0,3,S,4,unresolved,entity
0,0,unresolved,shorter,3,0,0,3,159736,2,2,3,0,H,0,unresolved,entity
0,0,unresolved,shorter,0,0,0,0,159736,0,0,0,0,S,0,unresolved,attribute
0,0,unresolved,shorter,0,0,0,0,159736,0,0,0,0,H,0,unresolved,attribute
0,0,unchanged,shorter,1,0,0,4,280888,0,0,1,3,S,3,lost,entity
0,0,unchanged,shorter,0,0,0,0,280888,0,0,0,0,H,0,lost,entity
0,0,unchanged,shorter,1,0,0,1,280888,0,0,1,0,S,0,lost,attribute
0,0,unchanged,shorter,0,0,0,0,280888,0,0,0,0,H,0,lost,attribute
0,0,unchanged,shorter,2,0,0,7,138119,1,1,2,4,S,5,unresolved,entity
0,0,unchanged,shorter,0,0,0,0,138119,0,0,0,0,H,0,unresolved,entity
0,0,unchanged,shorter,0,0,0,0,138119,0,0,0,0,S,0,unresolved,attribute
0,0,unchanged,shorter,0,0,0,0,138119,0,0,0,0,H,0,unresolved,attribute
0,0,unresolved,shorter,2,0,0,7,454642,1,2,2,3,S,4,unresolved,entity
0,0,unresolved,shorter,0,0,0,0,454642,0,0,0,0,H,0,unresolved,entity
0,0,unresolved,shorter,0,0,0,0,454642,0,1,0,0,S,0,unresolved,attribute
0,0,unresolved,shorter,0,0,0,0,454642,0,1,0,0,H,0,unresolved,attribute
7,7,lost,shorter,1,0,0,7,91349,0,0,1,6,S,13,mixed,entity
0,0,lost,shorter,4,0,0,4,91349,0,0,4,0,H,0,mixed,entity
0,0,lost,shorter,0,0,0,1,91349,0,0,0,1,S,1,mixed,attribute
0,0,lost,shorter,0,0,0,0,91349,0,0,0,0,H,0,mixed,attribute
5,5,lost,shorter,2,0,0,3,110196,0,0,2,1,S,6,mixed,entity
0,0,lost,shorter,2,0,0,2,110196,0,0,2,0,H,0,mixed,entity
2,2,lost,shorter,0,0,0,1,110196,0,0,0,1,S,3,mixed,attribute
0,0,lost,shorter,0,0,0,0,110196,0,0,0,0,H,0,mixed,attribute
0,0,lost,shorter,2,0,0,4,441614,0,0,2,2,S,2,lost,entity
0,0,lost,shorter,1,0,0,1,441614,0,0,1,0,H,0,lost,entity
0,0,lost,shorter,1,0,0,1,441614,0,0,1,0,S,0,lost,attribute
0,0,lost,shorter,0,0,0,0,441614,0,0,0,0,H,0,lost,attribute
1,1,unchanged,shorter,3,0,0,9,35966,2,1,3,5,S,8,mixed,entity
0,0,unchanged,shorter,0,0,0,0,35966,0,0,0,0,H,0,mixed,entity
0,0,unchanged,shorter,0,0,0,1,35966,0,0,0,1,S,1,mixed,attribute
0,0,unchanged,shorter,0,0,0,0,35966,0,0,0,0,H,0,mixed,attribute
0,0,lost,shorter,0,0,0,5,458778,0,1,0,5,S,5,mixed,entity
0,0,lost,shorter,1,0,0,1,458778,0,1,1,0,H,0,mixed,entity
1,1,lost,shorter,1,0,0,1,458778,0,0,1,0,S,1,mixed,attribute
0,0,lost,shorter,0,0,0,0,458778,0,0,0,0,H,0,mixed,attribute
1,1,lost,shorter,0,0,0,4,578383,0,0,0,4,S,5,mixed,entity
0,0,lost,shorter,1,0,0,1,578383,0,0,1,0,H,0,mixed,entity
0,0,lost,shorter,2,0,0,2,578383,0,0,2,0,S,0,mixed,attribute
0,0,lost,shorter,1,0,0,1,578383,0,0,1,0,H,0,mixed,attribute
3,3,lost,shorter,1,0,0,6,361521,1,1,1,4,S,8,mixed,entity
0,0,lost,shorter,1,0,0,1,361521,0,0,1,0,H,0,mixed,entity
0,0,lost,shorter,0,0,0,2,361521,1,1,0,1,S,2,mixed,attribute
0,0,lost,shorter,0,0,0,0,361521,0,0,0,0,H,0,mixed,attribute
0,0,unresolved,shorter,5,0,0,9,340934,2,2,5,2,S,4,unresolved,entity
0,0,unresolved,shorter,0,0,0,0,340934,0,0,0,0,H,0,unresolved,entity
1,1,unresolved,shorter,1,0,0,2,340934,1,2,1,0,S,2,unresolved,attribute
0,0,unresolved,shorter,0,0,0,0,340934,0,1,0,0,H,0,unresolved,attribute
2,2,unresolved,shorter,3,0,0,5,274298,2,1,3,1,S,5,unresolved,entity
0,0,unresolved,shorter,0,0,0,0,274298,0,0,0,0,H,0,unresolved,entity
0,0,unresolved,shorter,1,0,0,1,274298,0,0,1,0,S,0,unresolved,attribute
0,0,unresolved,shorter,0,0,0,0,274298,0,0,0,0,H,0,unresolved,attribute
0,0,unchanged,shorter,3,0,0,6,467966,1,1,3,2,S,3,unresolved,entity
0,0,unchanged,shorter,0,0,0,1,467966,0,0,0,1,H,1,unresolved,entity
0,0,unchanged,shorter,0,0,0,1,467966,0,0,0,1,S,1,unresolved,attribute
0,0,unchanged,shorter,0,0,0,0,467966,0,0,0,0,H,0,unresolved,attribute
3,3,unchanged,shorter,2,0,0,5,448657,0,0,2,3,S,6,mixed,entity
0,0,unchanged,shorter,0,0,0,0,448657,0,0,0,0,H,0,mixed,entity
2,2,unchanged,shorter,4,0,0,4,448657,0,0,4,0,S,2,mixed,attribute
0,0,unchanged,shorter,0,0,0,0,448657,0,0,0,0,H,0,mixed,attribute
2,2,unresolved,shorter,2,0,0,6,381925,1,0,2,4,S,6,mixed,entity
0,0,unresolved,shorter,0,0,0,1,381925,1,0,0,1,H,1,mixed,entity
0,0,unresolved,shorter,1,0,0,2,381925,0,0,1,1,S,1,mixed,attribute
0,0,unresolved,shorter,0,0,0,0,381925,0,0,0,0,H,0,mixed,attribute
1,1,unresolved,shorter,1,0,0,4,85162,1,0,1,3,S,4,unresolved,entity
0,0,unresolved,shorter,1,0,0,1,85162,1,0,1,0,H,0,unresolved,entity
0,0,unresolved,shorter,0,0,0,2,85162,0,0,0,2,S,2,unresolved,attribute
0,0,unresolved,shorter,0,0,0,0,85162,0,0,0,0,H,0,unresolved,attribute
0,0,lost,shorter,2,0,0,5,581863,0,0,2,3,S,3,mixed,entity
0,0,lost,shorter,4,0,0,4,581863,0,0,4,0,H,0,mixed,entity
1,1,lost,shorter,2,0,0,3,581863,0,0,2,1,S,2,mixed,attribute
0,0,lost,shorter,0,0,0,0,581863,0,0,0,0,H,0,mixed,attribute
3,3,unresolved,shorter,2,0,0,6,567740,0,0,2,4,S,7,unresolved,entity
1,1,unresolved,shorter,0,0,0,0,567740,0,0,0,0,H,1,unresolved,entity
2,2,unresolved,shorter,0,0,0,0,567740,0,0,0,0,S,2,unresolved,attribute
0,0,unresolved,shorter,0,0,0,0,567740,0,0,0,0,H,0,unresolved,attribute
2,2,unresolved,shorter,3,0,0,6,327590,0,1,3,3,S,5,mixed,entity
2,2,unresolved,shorter,0,0,0,0,327590,0,1,0,0,H,2,mixed,entity
0,0,unresolved,shorter,0,0,0,0,327590,0,0,0,0,S,0,mixed,attribute
0,0,unresolved,shorter,0,0,0,0,327590,0,0,0,0,H,0,mixed,attribute
2,2,lost,shorter,3,0,0,9,32001,1,1,3,5,S,8,mixed,entity
0,0,lost,shorter,1,0,0,1,32001,0,0,1,0,H,0,mixed,entity
0,0,lost,shorter,0,0,0,0,32001,0,0,0,0,S,0,mixed,attribute
0,0,lost,shorter,0,0,0,0,32001,0,0,0,0,H,0,mixed,attribute
2,2,mixed,shorter,2,0,0,6,293545,3,3,2,2,S,6,mixed,entity
2,2,mixed,shorter,1,0,0,3,293545,1,1,1,2,H,4,mixed,entity
0,0,mixed,shorter,0,0,0,0,293545,0,0,0,0,S,0,mixed,attribute
0,0,mixed,shorter,0,0,0,0,293545,0,0,0,0,H,0,mixed,attribute
2,2,gained,shorter,2,0,0,5,523677,0,0,2,3,S,5,mixed,entity
3,3,gained,shorter,0,0,0,0,523677,0,0,0,0,H,3,mixed,entity
0,0,gained,shorter,0,0,0,0,523677,0,0,0,0,S,0,mixed,attribute
0,0,gained,shorter,0,0,0,0,523677,0,0,0,0,H,0,mixed,attribute
2,2,unchanged,shorter,2,0,0,8,226404,4,4,2,2,S,8,mixed,entity
0,0,unchanged,shorter,0,0,0,0,226404,0,0,0,0,H,0,mixed,entity
0,0,unchanged,shorter,0,0,0,1,226404,1,1,0,0,S,1,mixed,attribute
0,0,unchanged,shorter,0,0,0,0,226404,0,0,0,0,H,0,mixed,attribute
4,4,mixed,shorter,3,0,0,3,158414,0,0,3,0,S,4,mixed,entity
3,3,mixed,shorter,2,0,0,2,158414,0,0,2,0,H,3,mixed,entity
0,0,mixed,shorter,0,0,0,0,158414,0,0,0,0,S,0,mixed,attribute
0,0,mixed,shorter,0,0,0,0,158414,0,0,0,0,H,0,mixed,attribute
3,3,lost,shorter,4,0,0,8,49151,5,3,4,1,S,9,mixed,entity
0,0,lost,shorter,1,0,0,1,49151,0,0,1,0,H,0,mixed,entity
0,0,lost,shorter,0,0,0,0,49151,0,0,0,0,S,0,mixed,attribute
0,0,lost,shorter,0,0,0,0,49151,0,0,0,0,H,0,mixed,attribute
2,2,unchanged,shorter,6,0,0,9,120340,0,0,6,3,S,5,mixed,entity
0,0,unchanged,shorter,0,0,0,0,120340,0,0,0,0,H,0,mixed,entity
1,1,unchanged,shorter,1,0,0,2,120340,0,0,1,1,S,2,mixed,attribute
0,0,unchanged,shorter,0,0,0,0,120340,0,0,0,0,H,0,mixed,attribute
0,0,unresolved,shorter,0,0,0,2,572184,0,2,0,2,S,2,unresolved,entity
0,0,unresolved,shorter,0,0,0,0,572184,0,2,0,0,H,0,unresolved,entity
0,0,unresolved,shorter,0,0,0,1,572184,0,0,0,1,S,1,unresolved,attribute
0,0,unresolved,shorter,0,0,0,0,572184,0,0,0,0,H,0,unresolved,attribute
0,0,unresolved,shorter,2,0,0,4,214124,1,1,2,2,S,2,unresolved,entity
0,0,unresolved,shorter,0,0,0,0,214124,1,1,0,0,H,0,unresolved,entity
0,0,unresolved,shorter,0,0,0,0,214124,0,1,0,0,S,0,unresolved,attribute
0,0,unresolved,shorter,0,0,0,0,214124,0,1,0,0,H,0,unresolved,attribute
1,1,lost,shorter,1,0,0,3,474439,0,0,1,2,S,3,mixed,entity
0,0,lost,shorter,0,0,0,0,474439,0,0,0,0,H,0,mixed,entity
0,0,lost,shorter,1,0,0,1,474439,0,0,1,0,S,0,mixed,attribute
0,0,lost,shorter,1,0,0,1,474439,0,0,1,0,H,0,mixed,attribute
0,0,lost,shorter,4,0,0,6,276971,3,0,4,2,S,5,unresolved,entity
0,0,lost,shorter,1,0,0,4,276971,0,3,1,0,H,0,unresolved,entity
0,0,lost,shorter,1,0,0,1,276971,0,0,1,0,S,0,unresolved,attribute
0,0,lost,shorter,0,0,0,0,276971,0,0,0,0,H,0,unresolved,attribute
0,0,unresolved,shorter,1,0,0,6,168583,3,2,1,4,S,6,unresolved,entity
0,0,unresolved,shorter,0,0,0,0,168583,1,1,0,0,H,0,unresolved,entity
0,0,unresolved,shorter,0,0,0,2,168583,2,2,0,0,S,2,unresolved,attribute
0,0,unresolved,shorter,1,0,0,1,168583,0,0,1,0,H,0,unresolved,attribute
3,3,unresolved,shorter,4,0,0,5,286591,1,0,4,1,S,4,unresolved,entity
0,0,unresolved,shorter,0,0,0,0,286591,1,0,0,0,H,0,unresolved,entity
0,0,unresolved,shorter,1,0,0,1,286591,0,0,1,0,S,0,unresolved,attribute
0,0,unresolved,shorter,0,0,0,0,286591,0,0,0,0,H,0,unresolved,attribute
0,0,unresolved,shorter,2,0,0,5,417586,0,0,2,3,S,3,unresolved,entity
0,0,unresolved,shorter,0,0,0,0,417586,0,0,0,0,H,0,unresolved,entity
0,0,unresolved,shorter,0,0,0,1,417586,1,0,0,1,S,1,unresolved,attribute
0,0,unresolved,shorter,0,0,0,0,417586,1,0,0,0,H,0,unresolved,attribute
2,2,unresolved,shorter,0,0,0,1,96034,1,0,0,1,S,3,mixed,entity
0,0,unresolved,shorter,0,0,0,1,96034,3,1,0,0,H,2,mixed,entity
0,0,unresolved,shorter,1,0,0,1,96034,1,0,1,0,S,0,mixed,attribute
0,0,unresolved,shorter,0,0,0,0,96034,1,0,0,0,H,0,mixed,attribute
0,0,lost,shorter,2,0,0,4,168543,1,1,2,1,S,2,unresolved,entity
0,0,lost,shorter,1,0,0,1,168543,0,0,1,0,H,0,unresolved,entity
0,0,lost,shorter,0,0,0,2,168543,1,1,0,1,S,2,unresolved,attribute
0,0,lost,shorter,0,0,0,0,168543,0,0,0,0,H,0,unresolved,attribute
4,4,unresolved,shorter,1,0,0,5,89618,2,1,1,3,S,9,unresolved,entity
0,0,unresolved,shorter,0,0,0,0,89618,0,0,0,0,H,0,unresolved,entity
0,0,unresolved,shorter,0,0,0,1,89618,0,1,0,0,S,0,unresolved,attribute
0,0,unresolved,shorter,0,0,0,0,89618,0,0,0,0,H,0,unresolved,attribute
2,2,gained,shorter,0,0,0,3,239005,0,0,0,3,S,5,gained,entity
1,1,gained,shorter,0,0,0,0,239005,0,0,0,0,H,1,gained,entity
1,1,gained,shorter,0,0,0,1,239005,0,0,0,1,S,2,gained,attribute
0,0,gained,shorter,0,0,0,0,239005,0,0,0,0,H,0,gained,attribute
0,0,unresolved,shorter,2,0,0,4,476796,1,1,2,1,S,2,unresolved,entity
0,0,unresolved,shorter,0,0,0,0,476796,0,0,0,0,H,0,unresolved,entity
0,0,unresolved,shorter,1,0,0,2,476796,0,2,1,0,S,0,unresolved,attribute
0,0,unresolved,shorter,0,0,0,1,476796,1,1,0,1,H,2,unresolved,attribute
5,5,gained,shorter,0,0,0,2,372428,0,0,0,2,S,7,mixed,entity
1,1,gained,shorter,0,0,0,1,372428,0,0,0,1,H,2,mixed,entity
0,0,gained,shorter,1,0,0,1,372428,0,0,1,0,S,0,mixed,attribute
0,0,gained,shorter,0,0,0,0,372428,0,0,0,0,H,0,mixed,attribute
2,2,mixed,shorter,1,0,0,3,483723,4,1,1,1,S,6,mixed,entity
0,0,mixed,shorter,2,0,0,3,483723,1,1,2,0,H,0,mixed,entity
0,0,mixed,shorter,0,0,0,0,483723,0,0,0,0,S,0,mixed,attribute
1,1,mixed,shorter,0,0,0,0,483723,0,0,0,0,H,1,mixed,attribute
1,1,lost,shorter,5,0,0,10,160004,0,0,5,5,S,6,mixed,entity
0,0,lost,shorter,2,0,0,2,160004,0,0,2,0,H,0,mixed,entity
0,0,lost,shorter,1,0,0,1,160004,0,0,1,0,S,0,mixed,attribute
0,0,lost,shorter,0,0,0,0,160004,0,0,0,0,H,0,mixed,attribute
2,2,unresolved,shorter,0,0,0,5,246252,1,2,0,3,S,6,unresolved,entity
0,0,unresolved,shorter,1,0,0,1,246252,0,0,1,0,H,0,unresolved,entity
2,2,unresolved,shorter,0,0,0,0,246252,0,0,0,0,S,2,unresolved,attribute
0,0,unresolved,shorter,0,0,0,0,246252,0,0,0,0,H,0,unresolved,attribute
0,0,unresolved,shorter,1,0,0,3,553747,2,5,1,0,S,2,unresolved,entity
0,0,unresolved,shorter,0,0,0,0,553747,0,3,0,0,H,0,unresolved,entity
0,0,unresolved,shorter,0,0,0,1,553747,1,1,0,0,S,1,unresolved,attribute
0,0,unresolved,shorter,0,0,0,0,553747,0,0,0,0,H,0,unresolved,attribute
1,1,unchanged,shorter,0,0,0,3,332777,2,2,0,1,S,4,unresolved,entity
0,0,unchanged,shorter,0,0,0,0,332777,0,0,0,0,H,0,unresolved,entity
0,0,unchanged,shorter,0,0,0,1,332777,1,1,0,0,S,1,unresolved,attribute
0,0,unchanged,shorter,0,0,0,0,332777,0,0,0,0,H,0,unresolved,attribute
1,1,unresolved,shorter,0,0,0,3,145073,1,1,0,3,S,4,unresolved,entity
0,0,unresolved,shorter,0,0,0,0,145073,1,1,0,0,H,0,unresolved,entity
0,0,unresolved,shorter,0,0,0,0,145073,0,0,0,0,S,0,unresolved,attribute
0,0,unresolved,shorter,0,0,0,0,145073,0,0,0,0,H,0,unresolved,attribute
2,2,mixed,shorter,1,0,0,8,370207,1,1,1,6,S,9,mixed,entity
1,1,mixed,shorter,2,0,0,2,370207,0,0,2,0,H,1,mixed,entity
0,0,mixed,shorter,0,0,0,1,370207,1,0,0,1,S,2,mixed,attribute
0,0,mixed,shorter,0,0,0,0,370207,0,0,0,0,H,0,mixed,attribute
0,0,lost,shorter,5,0,0,9,337055,0,0,5,4,S,4,lost,entity
0,0,lost,shorter,1,0,0,1,337055,0,0,1,0,H,0,lost,entity
0,0,lost,shorter,2,0,0,2,337055,0,0,2,0,S,0,lost,attribute
0,0,lost,shorter,0,0,0,0,337055,0,0,0,0,H,0,lost,attribute
1,1,lost,shorter,2,0,0,6,169436,0,0,2,4,S,5,mixed,entity
0,0,lost,shorter,1,0,0,1,169436,0,0,1,0,H,0,mixed,entity
0,0,lost,shorter,1,0,0,2,169436,0,0,1,1,S,1,mixed,attribute
0,0,lost,shorter,0,0,0,0,169436,0,0,0,0,H,0,mixed,attribute
3,3,unresolved,shorter,1,0,0,4,45644,0,1,1,3,S,6,unresolved,entity
2,2,unresolved,shorter,1,0,0,1,45644,0,1,1,0,H,2,unresolved,entity
0,0,unresolved,shorter,0,0,0,0,45644,0,0,0,0,S,0,unresolved,attribute
0,0,unresolved,shorter,0,0,0,0,45644,0,0,0,0,H,0,unresolved,attribute
0,0,gained,shorter,2,0,0,9,265518,0,1,2,6,S,6,unresolved,entity
1,1,gained,shorter,0,0,0,0,265518,1,0,0,0,H,2,unresolved,entity
0,0,gained,shorter,0,0,0,1,265518,2,1,0,0,S,2,unresolved,attribute
0,0,gained,shorter,0,0,0,0,265518,0,0,0,0,H,0,unresolved,attribute
3,3,unresolved,shorter,1,0,0,4,365208,0,1,1,3,S,6,mixed,entity
0,0,unresolved,shorter,0,0,0,0,365208,0,1,0,0,H,0,mixed,entity
0,0,unresolved,shorter,1,0,0,1,365208,1,0,1,0,S,0,mixed,attribute
0,0,unresolved,shorter,0,0,0,0,365208,1,0,0,0,H,0,mixed,attribute
0,0,unresolved,shorter,1,0,0,4,221536,4,2,1,1,S,4,unresolved,entity
0,0,unresolved,shorter,0,0,0,0,221536,1,0,0,0,H,0,unresolved,entity
0,0,unresolved,shorter,0,0,0,1,221536,2,1,0,0,S,1,unresolved,attribute
0,0,unresolved,shorter,0,0,0,1,221536,1,1,0,0,H,0,unresolved,attribute
0,0,unresolved,shorter,0,0,0,3,298372,1,1,0,2,S,3,unresolved,entity
0,0,unresolved,shorter,0,0,0,0,298372,0,0,0,0,H,0,unresolved,entity
0,0,unresolved,shorter,0,0,0,1,298372,0,1,0,1,S,1,unresolved,attribute
0,0,unresolved,shorter,1,0,0,1,298372,0,1,1,0,H,0,unresolved,attribute
0,0,unresolved,shorter,3,0,0,5,388409,0,0,3,2,S,2,unresolved,entity
0,0,unresolved,shorter,0,0,0,0,388409,0,0,0,0,H,0,unresolved,entity
0,0,unresolved,shorter,1,0,0,2,388409,0,0,1,1,S,1,unresolved,attribute
0,0,unresolved,shorter,0,0,0,0,388409,0,0,0,0,H,0,unresolved,attribute
1,1,unchanged,shorter,3,0,0,6,262092,0,0,3,3,S,4,mixed,entity
0,0,unchanged,shorter,0,0,0,0,262092,0,0,0,0,H,0,mixed,entity
0,0,unchanged,shorter,0,0,0,0,262092,0,0,0,0,S,0,mixed,attribute
0,0,unchanged,shorter,0,0,0,0,262092,0,0,0,0,H,0,mixed,attribute
1,1,unresolved,shorter,0,0,0,5,388829,1,1,0,4,S,6,unresolved,entity
0,0,unresolved,shorter,0,0,0,0,388829,0,0,0,0,H,0,unresolved,entity
0,0,unresolved,shorter,0,0,0,0,388829,0,0,0,0,S,0,unresolved,attribute
0,0,unresolved,shorter,0,0,0,0,388829,0,0,0,0,H,0,unresolved,attribute
1,1,lost,shorter,2,0,0,4,262987,3,2,2,0,S,4,mixed,entity
0,0,lost,shorter,1,0,0,2,262987,0,1,1,0,H,0,mixed,entity
0,0,lost,shorter,0,0,0,0,262987,0,0,0,0,S,0,mixed,attribute
0,0,lost,shorter,0,0,0,0,262987,0,0,0,0,H,0,mixed,attribute
2,2,unresolved,shorter,2,0,0,5,501047,1,0,2,3,S,5,mixed,entity
0,0,unresolved,shorter,0,0,0,0,501047,1,0,0,0,H,0,mixed,entity
0,0,unresolved,shorter,1,0,0,1,501047,0,0,1,0,S,0,mixed,attribute
0,0,unresolved,shorter,0,0,0,0,501047,0,0,0,0,H,0,mixed,attribute
1,1,unresolved,shorter,1,0,0,6,494014,2,3,1,3,S,6,mixed,entity
0,0,unresolved,shorter,0,0,0,0,494014,0,1,0,0,H,0,mixed,entity
1,1,unresolved,shorter,0,0,0,0,494014,0,0,0,0,S,1,mixed,attribute
0,0,unresolved,shorter,0,0,0,0,494014,0,0,0,0,H,0,mixed,attribute
0,0,unchanged,shorter,3,0,0,5,581451,0,0,3,2,S,2,lost,entity
0,0,unchanged,shorter,0,0,0,1,581451,0,0,0,1,H,1,lost,entity
0,0,unchanged,shorter,0,0,0,0,581451,0,0,0,0,S,0,lost,attribute
0,0,unchanged,shorter,0,0,0,0,581451,0,0,0,0,H,0,lost,attribute
0,0,unchanged,shorter,0,0,0,5,373089,0,0,0,5,S,5,gained,entity
0,0,unchanged,shorter,0,0,0,1,373089,0,0,0,1,H,1,gained,entity
2,2,unchanged,shorter,0,0,0,0,373089,0,0,0,0,S,2,gained,attribute
0,0,unchanged,shorter,0,0,0,0,373089,0,0,0,0,H,0,gained,attribute
0,0,lost,shorter,1,0,0,3,351528,1,0,1,2,S,3,unresolved,entity
0,0,lost,shorter,1,0,0,2,351528,0,1,1,0,H,0,unresolved,entity
0,0,lost,shorter,0,0,0,0,351528,0,0,0,0,S,0,unresolved,attribute
0,0,lost,shorter,0,0,0,0,351528,0,0,0,0,H,0,unresolved,attribute
3,3,unresolved,shorter,4,0,0,7,180917,0,0,4,3,S,6,mixed,entity
0,0,unresolved,shorter,0,0,0,0,180917,0,0,0,0,H,0,mixed,entity
0,0,unresolved,shorter,1,0,0,1,180917,1,1,1,0,S,0,mixed,attribute
0,0,unresolved,shorter,0,0,0,0,180917,1,1,0,0,H,0,mixed,attribute
2,2,unresolved,shorter,1,0,0,4,71090,0,0,1,3,S,5,mixed,entity
0,0,unresolved,shorter,1,0,0,1,71090,0,0,1,0,H,0,mixed,entity
0,0,unresolved,shorter,3,0,0,4,71090,1,1,3,0,S,1,mixed,attribute
0,0,unresolved,shorter,0,0,0,0,71090,1,0,0,0,H,1,mixed,attribute
0,0,unchanged,shorter,1,0,0,5,483849,0,0,1,4,S,4,mixed,entity
0,0,unchanged,shorter,0,0,0,1,483849,0,0,0,1,H,1,mixed,entity
1,1,unchanged,shorter,0,0,0,0,483849,0,0,0,0,S,1,mixed,attribute
0,0,unchanged,shorter,0,0,0,0,483849,0,0,0,0,H,0,mixed,attribute
0,0,lost,shorter,5,0,0,9,418623,3,3,5,1,S,4,unresolved,entity
0,0,lost,shorter,2,0,0,2,418623,0,0,2,0,H,0,unresolved,entity
0,0,lost,shorter,0,0,0,4,418623,0,4,0,0,S,0,unresolved,attribute
0,0,lost,shorter,0,0,0,0,418623,0,0,0,0,H,0,unresolved,attribute
0,0,gained,shorter,2,0,0,7,528098,1,0,2,5,S,5,unresolved,entity
2,2,gained,shorter,0,0,0,0,528098,1,0,0,0,H,2,unresolved,entity
0,0,gained,shorter,0,0,0,2,528098,0,0,0,2,S,2,unresolved,attribute
0,0,gained,shorter,0,0,0,0,528098,0,0,0,0,H,0,unresolved,attribute
4,4,mixed,shorter,2,0,0,4,536720,0,0,2,2,S,6,mixed,entity
2,2,mixed,shorter,1,0,0,2,536720,0,0,1,1,H,3,mixed,entity
0,0,mixed,shorter,1,0,0,1,536720,0,0,1,0,S,0,mixed,attribute
1,1,mixed,shorter,0,0,0,0,536720,0,0,0,0,H,1,mixed,attribute
1,1,unresolved,shorter,4,0,0,7,265096,1,1,4,2,S,4,unresolved,entity
0,0,unresolved,shorter,0,0,0,0,265096,0,0,0,0,H,0,unresolved,entity
0,0,unresolved,shorter,1,0,0,1,265096,0,0,1,0,S,0,unresolved,attribute
0,0,unresolved,shorter,0,0,0,0,265096,1,0,0,0,H,1,unresolved,attribute
0,0,lost,shorter,7,0,0,7,405635,0,0,7,0,S,0,lost,entity
0,0,lost,shorter,2,0,0,2,405635,0,0,2,0,H,0,lost,entity
0,0,lost,shorter,1,0,0,1,405635,0,1,1,0,S,0,lost,attribute
0,0,lost,shorter,0,0,0,0,405635,0,1,0,0,H,0,lost,attribute
1,1,unresolved,shorter,2,0,0,4,508580,2,1,2,1,S,4,unresolved,entity
0,0,unresolved,shorter,0,0,0,0,508580,0,0,0,0,H,0,unresolved,entity
0,0,unresolved,shorter,0,0,0,0,508580,0,0,0,0,S,0,unresolved,attribute
0,0,unresolved,shorter,0,0,0,0,508580,0,0,0,0,H,0,unresolved,attribute
2,2,mixed,shorter,2,0,0,5,30273,2,1,2,2,S,5,mixed,entity
4,4,mixed,shorter,3,0,0,4,30273,1,0,3,1,H,5,mixed,entity
0,0,mixed,shorter,0,0,0,1,30273,0,0,0,1,S,1,mixed,attribute
0,0,mixed,shorter,0,0,0,0,30273,0,0,0,0,H,0,mixed,attribute
3,3,unresolved,shorter,0,0,0,9,566324,1,1,0,8,S,12,unresolved,entity
1,1,unresolved,shorter,0,0,0,0,566324,0,0,0,0,H,1,unresolved,entity
1,1,unresolved,shorter,0,0,0,0,566324,0,1,0,0,S,1,unresolved,attribute
0,0,unresolved,shorter,0,0,0,0,566324,0,1,0,0,H,0,unresolved,attribute
0,0,lost,shorter,2,0,0,6,283119,0,0,2,4,S,4,lost,entity
0,0,lost,shorter,1,0,0,1,283119,0,0,1,0,H,0,lost,entity
0,0,lost,shorter,0,0,0,1,283119,0,0,0,1,S,1,lost,attribute
0,0,lost,shorter,0,0,0,0,283119,0,0,0,0,H,0,lost,attribute
3,3,unresolved,shorter,2,0,0,4,183965,1,0,2,2,S,6,mixed,entity
0,0,unresolved,shorter,1,0,0,5,183965,2,2,1,2,H,4,mixed,entity
0,0,unresolved,shorter,0,0,0,0,183965,0,0,0,0,S,0,mixed,attribute
0,0,unresolved,shorter,0,0,0,0,183965,0,0,0,0,H,0,mixed,attribute
1,1,lost,unchanged,0,0,0,4,15113,0,0,0,4,S,5,mixed,entity
0,0,lost,unchanged,0,0,0,0,15113,0,0,0,0,H,0,mixed,entity
0,0,lost,unchanged,1,0,0,2,15113,0,0,1,1,S,1,mixed,attribute
0,0,lost,unchanged,1,0,0,1,15113,0,0,1,0,H,0,mixed,attribute
2,2,unresolved,shorter,0,0,0,4,484346,1,1,0,3,S,6,unresolved,entity
0,0,unresolved,shorter,0,0,0,0,484346,0,0,0,0,H,0,unresolved,entity
0,0,unresolved,shorter,0,0,0,0,484346,0,0,0,0,S,0,unresolved,attribute
0,0,unresolved,shorter,0,0,0,0,484346,0,0,0,0,H,0,unresolved,attribute
0,0,lost,shorter,0,0,0,5,142826,0,0,0,5,S,5,lost,entity
0,0,lost,shorter,0,0,0,0,142826,0,0,0,0,H,0,lost,entity
0,0,lost,shorter,2,0,0,2,142826,0,0,2,0,S,0,lost,attribute
0,0,lost,shorter,1,0,0,1,142826,0,0,1,0,H,0,lost,attribute
0,0,unresolved,shorter,0,0,0,2,161022,0,0,0,2,S,2,unresolved,entity
0,0,unresolved,shorter,0,0,0,0,161022,0,0,0,0,H,0,unresolved,entity
0,0,unresolved,shorter,0,0,0,0,161022,0,1,0,0,S,0,unresolved,attribute
0,0,unresolved,shorter,0,0,0,0,161022,0,1,0,0,H,0,unresolved,attribute
0,0,unchanged,shorter,0,0,0,5,17409,0,0,0,5,S,5,unchanged,entity
0,0,unchanged,shorter,0,0,0,1,17409,0,0,0,1,H,1,unchanged,entity
0,0,unchanged,shorter,0,0,0,0,17409,0,0,0,0,S,0,unchanged,attribute
0,0,unchanged,shorter,0,0,0,0,17409,0,0,0,0,H,0,unchanged,attribute
1,1,lost,shorter,2,0,0,5,422522,1,1,2,2,S,4,mixed,entity
0,0,lost,shorter,1,0,0,1,422522,0,0,1,0,H,0,mixed,entity
0,0,lost,shorter,0,0,0,0,422522,0,0,0,0,S,0,mixed,attribute
0,0,lost,shorter,0,0,0,0,422522,0,0,0,0,H,0,mixed,attribute
0,0,lost,shorter,2,0,0,6,456559,1,1,2,3,S,4,unresolved,entity
0,0,lost,shorter,1,0,0,1,456559,0,0,1,0,H,0,unresolved,entity
0,0,lost,shorter,1,0,0,1,456559,0,0,1,0,S,0,unresolved,attribute
0,0,lost,shorter,0,0,0,0,456559,0,0,0,0,H,0,unresolved,attribute
0,0,unresolved,shorter,0,0,0,5,240323,0,1,0,5,S,5,lost,entity
0,0,unresolved,shorter,0,0,0,0,240323,0,1,0,0,H,0,lost,entity
0,0,unresolved,shorter,1,0,0,1,240323,0,0,1,0,S,0,lost,attribute
0,0,unresolved,shorter,0,0,0,0,240323,0,0,0,0,H,0,lost,attribute
3,3,unresolved,shorter,3,0,0,8,575901,0,1,3,5,S,8,unresolved,entity
0,0,unresolved,shorter,2,0,0,2,575901,0,1,2,0,H,0,unresolved,entity
1,1,unresolved,shorter,0,0,0,0,575901,0,0,0,0,S,1,unresolved,attribute
0,0,unresolved,shorter,0,0,0,0,575901,0,0,0,0,H,0,unresolved,attribute
1,1,unresolved,shorter,2,0,0,6,316397,1,1,2,4,S,5,mixed,entity
0,0,unresolved,shorter,0,0,0,0,316397,1,1,0,0,H,0,mixed,entity
0,0,unresolved,shorter,0,0,0,0,316397,0,0,0,0,S,0,mixed,attribute
0,0,unresolved,shorter,0,0,0,0,316397,0,0,0,0,H,0,mixed,attribute
2,2,mixed,shorter,2,0,0,9,344498,0,0,2,7,S,9,mixed,entity
1,1,mixed,shorter,2,0,0,2,344498,0,0,2,0,H,1,mixed,entity
0,0,mixed,shorter,0,0,0,0,344498,0,0,0,0,S,0,mixed,attribute
0,0,mixed,shorter,0,0,0,0,344498,0,0,0,0,H,0,mixed,attribute
2,2,unchanged,shorter,1,0,0,4,180167,1,1,1,2,S,5,mixed,entity
0,0,unchanged,shorter,0,0,0,0,180167,0,0,0,0,H,0,mixed,entity
0,0,unchanged,shorter,2,0,0,4,180167,1,1,2,1,S,2,mixed,attribute
0,0,unchanged,shorter,0,0,0,0,180167,0,0,0,0,H,0,mixed,attribute
2,2,lost,shorter,1,0,0,4,143132,0,0,1,3,S,5,mixed,entity
0,0,lost,shorter,4,0,0,4,143132,0,0,4,0,H,0,mixed,entity
1,1,lost,shorter,1,0,0,1,143132,0,0,1,0,S,1,mixed,attribute
0,0,lost,shorter,0,0,0,0,143132,0,0,0,0,H,0,mixed,attribute
4,4,unresolved,shorter,0,0,0,6,443218,2,0,0,6,S,10,unresolved,entity
0,0,unresolved,shorter,0,0,0,0,443218,2,0,0,0,H,0,unresolved,entity
0,0,unresolved,shorter,0,0,0,0,443218,0,0,0,0,S,0,unresolved,attribute
0,0,unresolved,shorter,0,0,0,0,443218,0,0,0,0,H,0,unresolved,attribute
0,0,unresolved,shorter,2,0,0,5,331883,1,2,2,2,S,3,unresolved,entity
0,0,unresolved,shorter,0,0,0,1,331883,0,2,0,0,H,0,unresolved,entity
0,0,unresolved,shorter,0,0,0,0,331883,0,0,0,0,S,0,unresolved,attribute
0,0,unresolved,shorter,0,0,0,0,331883,0,0,0,0,H,0,unresolved,attribute
1,1,unresolved,shorter,2,0,0,5,132317,1,3,2,1,S,3,mixed,entity
0,0,unresolved,shorter,0,0,0,0,132317,0,1,0,0,H,0,mixed,entity
1,1,unresolved,shorter,0,0,0,0,132317,0,0,0,0,S,1,mixed,attribute
0,0,unresolved,shorter,0,0,0,0,132317,0,0,0,0,H,0,mixed,attribute
0,0,unresolved,shorter,2,0,0,6,150639,0,1,2,4,S,4,unresolved,entity
1,1,unresolved,shorter,0,0,0,0,150639,0,1,0,0,H,1,unresolved,entity
0,0,unresolved,shorter,1,0,0,2,150639,0,0,1,1,S,1,unresolved,attribute
0,0,unresolved,shorter,0,0,0,0,150639,0,0,0,0,H,0,unresolved,attribute
3,3,unresolved,shorter,2,0,0,7,237759,1,0,2,5,S,8,mixed,entity
0,0,unresolved,shorter,0,0,0,0,237759,1,0,0,0,H,0,mixed,entity
0,0,unresolved,shorter,2,0,0,2,237759,0,0,2,0,S,0,mixed,attribute
0,0,unresolved,shorter,0,0,0,0,237759,0,0,0,0,H,0,mixed,attribute
2,2,gained,shorter,1,0,0,8,259422,5,2,1,5,S,10,mixed,entity
1,1,gained,shorter,0,0,0,0,259422,2,0,0,0,H,1,mixed,entity
0,0,gained,shorter,0,0,0,0,259422,0,0,0,0,S,0,mixed,attribute
0,0,gained,shorter,0,0,0,0,259422,0,0,0,0,H,0,mixed,attribute
3,3,lost,shorter,3,0,0,6,236747,0,1,3,3,S,6,mixed,entity
0,0,lost,shorter,3,0,0,3,236747,0,1,3,0,H,0,mixed,entity
0,0,lost,shorter,2,0,0,3,236747,0,0,2,1,S,1,mixed,attribute
0,0,lost,shorter,0,0,0,0,236747,0,0,0,0,H,0,mixed,attribute
0,0,lost,shorter,3,0,0,7,209322,1,2,3,2,S,3,unresolved,entity
0,0,lost,shorter,2,0,0,2,209322,0,0,2,0,H,0,unresolved,entity
0,0,lost,shorter,1,0,0,2,209322,0,0,1,1,S,1,unresolved,attribute
0,0,lost,shorter,0,0,0,0,209322,0,0,0,0,H,0,unresolved,attribute
3,3,unresolved,shorter,3,0,0,9,84701,2,5,3,3,S,8,mixed,entity
3,3,unresolved,shorter,0,0,0,0,84701,0,2,0,0,H,3,mixed,entity
0,0,unresolved,shorter,0,0,0,0,84701,0,0,0,0,S,0,mixed,attribute
0,0,unresolved,shorter,0,0,0,0,84701,0,0,0,0,H,0,mixed,attribute
1,1,unresolved,shorter,1,0,0,4,357501,0,1,1,2,S,3,unresolved,entity
0,0,unresolved,shorter,0,0,0,0,357501,2,0,0,0,H,2,unresolved,entity
2,2,unresolved,shorter,0,0,0,1,357501,0,0,0,1,S,3,unresolved,attribute
0,0,unresolved,shorter,0,0,0,0,357501,0,0,0,0,H,0,unresolved,attribute
0,0,unchanged,shorter,1,0,0,4,213432,0,0,1,3,S,3,mixed,entity
0,0,unchanged,shorter,0,0,0,0,213432,0,0,0,0,H,0,mixed,entity
2,2,unchanged,shorter,1,0,0,1,213432,0,0,1,0,S,2,mixed,attribute
0,0,unchanged,shorter,0,0,0,0,213432,0,0,0,0,H,0,mixed,attribute
0,0,unchanged,shorter,1,0,0,4,99581,0,0,1,3,S,3,mixed,entity
0,0,unchanged,shorter,0,0,0,0,99581,0,0,0,0,H,0,mixed,entity
0,1,unchanged,shorter,2,1,1,2,99581,0,0,1,0,S,1,mixed,attribute
0,0,unchanged,shorter,0,0,0,0,99581,0,0,0,0,H,0,mixed,attribute
0,0,unresolved,shorter,4,0,0,5,497867,0,0,4,1,S,1,lost,entity
0,0,unresolved,shorter,0,0,0,1,497867,0,0,0,1,H,1,lost,entity
0,0,unresolved,shorter,2,0,0,2,497867,0,1,2,0,S,0,lost,attribute
0,0,unresolved,shorter,0,0,0,0,497867,0,1,0,0,H,0,lost,attribute
1,1,gained,shorter,2,0,0,6,298812,0,0,2,4,S,5,mixed,entity
1,1,gained,shorter,0,0,0,0,298812,0,0,0,0,H,1,mixed,entity
2,2,gained,shorter,2,0,0,3,298812,0,0,2,1,S,3,mixed,attribute
1,1,gained,shorter,0,0,0,0,298812,0,0,0,0,H,1,mixed,attribute
3,3,lost,shorter,1,0,0,7,554114,2,4,1,3,S,8,mixed,entity
0,0,lost,shorter,1,0,0,1,554114,0,1,1,0,H,0,mixed,entity
1,1,lost,shorter,0,0,0,0,554114,0,0,0,0,S,1,mixed,attribute
0,0,lost,shorter,0,0,0,0,554114,0,0,0,0,H,0,mixed,attribute
2,2,unresolved,shorter,2,0,0,6,365099,2,2,2,2,S,6,unresolved,entity
0,0,unresolved,shorter,1,0,0,2,365099,0,0,1,1,H,1,unresolved,entity
0,0,unresolved,shorter,0,0,0,1,365099,1,0,0,1,S,2,unresolved,attribute
0,0,unresolved,shorter,0,0,0,0,365099,0,0,0,0,H,0,unresolved,attribute
0,0,lost,shorter,3,0,0,7,317188,0,0,3,4,S,4,mixed,entity
0,0,lost,shorter,0,0,0,0,317188,0,0,0,0,H,0,mixed,entity
2,2,lost,shorter,0,0,0,0,317188,0,0,0,0,S,2,mixed,attribute
0,0,lost,shorter,1,0,0,1,317188,0,0,1,0,H,0,mixed,attribute
3,3,unchanged,shorter,1,0,0,3,265462,0,0,1,2,S,5,mixed,entity
0,0,unchanged,shorter,0,0,0,0,265462,0,0,0,0,H,0,mixed,entity
1,1,unchanged,shorter,0,0,0,0,265462,0,0,0,0,S,1,mixed,attribute
0,0,unchanged,shorter,0,0,0,0,265462,0,0,0,0,H,0,mixed,attribute
4,4,lost,shorter,4,0,0,8,469638,0,1,4,4,S,8,mixed,entity
0,0,lost,shorter,3,0,0,3,469638,0,1,3,0,H,0,mixed,entity
2,2,lost,shorter,1,0,0,2,469638,0,0,1,1,S,3,mixed,attribute
0,0,lost,shorter,0,0,0,0,469638,0,0,0,0,H,0,mixed,attribute
4,4,mixed,shorter,3,0,0,4,190395,0,1,3,1,S,5,mixed,entity
0,0,mixed,shorter,2,0,0,2,190395,0,1,2,0,H,0,mixed,entity
1,1,mixed,shorter,2,0,0,3,190395,1,0,2,1,S,2,mixed,attribute
1,1,mixed,shorter,0,0,0,0,190395,1,0,0,0,H,1,mixed,attribute
0,0,unresolved,shorter,1,0,0,4,544638,1,1,1,2,S,3,mixed,entity
0,0,unresolved,shorter,1,0,0,1,544638,0,0,1,0,H,0,mixed,entity
1,1,unresolved,shorter,0,0,0,0,544638,1,0,0,0,S,1,mixed,attribute
0,0,unresolved,shorter,0,0,0,0,544638,1,0,0,0,H,0,mixed,attribute
0,0,lost,shorter,1,0,0,3,19079,2,1,1,1,S,3,unresolved,entity
0,0,lost,shorter,1,0,0,1,19079,0,0,1,0,H,0,unresolved,entity
0,0,lost,shorter,0,0,0,1,19079,0,0,0,1,S,1,unresolved,attribute
0,0,lost,shorter,0,0,0,0,19079,0,0,0,0,H,0,unresolved,attribute
3,3,unchanged,shorter,1,0,0,5,435081,0,0,1,4,S,7,mixed,entity
0,0,unchanged,shorter,0,0,0,0,435081,0,0,0,0,H,0,mixed,entity
0,0,unchanged,shorter,0,0,0,0,435081,0,0,0,0,S,0,mixed,attribute
0,0,unchanged,shorter,0,0,0,0,435081,0,0,0,0,H,0,mixed,attribute
4,4,mixed,shorter,0,0,0,4,324789,2,1,0,3,S,8,unresolved,entity
1,1,mixed,shorter,2,0,0,3,324789,1,0,2,1,H,2,unresolved,entity
0,0,mixed,shorter,0,0,0,0,324789,0,0,0,0,S,0,unresolved,attribute
0,0,mixed,shorter,0,0,0,0,324789,0,0,0,0,H,0,unresolved,attribute
0,0,lost,shorter,1,0,0,4,256003,1,3,1,1,S,2,unresolved,entity
0,0,lost,shorter,3,0,0,3,256003,0,1,3,0,H,0,unresolved,entity
0,0,lost,shorter,1,0,0,1,256003,0,0,1,0,S,0,unresolved,attribute
0,0,lost,shorter,0,0,0,0,256003,0,0,0,0,H,0,unresolved,attribute
0,0,unresolved,shorter,2,0,0,6,321217,1,1,2,3,S,4,unresolved,entity
0,0,unresolved,shorter,0,0,0,0,321217,0,0,0,0,H,0,unresolved,entity
0,0,unresolved,shorter,0,0,0,1,321217,0,0,0,1,S,1,unresolved,attribute
0,0,unresolved,shorter,0,0,0,0,321217,0,0,0,0,H,0,unresolved,attribute
0,0,unresolved,shorter,0,0,0,3,338419,1,0,0,3,S,3,unresolved,entity
0,0,unresolved,shorter,0,0,0,0,338419,1,0,0,0,H,0,unresolved,entity
0,0,unresolved,shorter,0,0,0,1,338419,0,0,0,1,S,1,unresolved,attribute
0,0,unresolved,shorter,1,0,0,1,338419,0,0,1,0,H,0,unresolved,attribute
0,0,unchanged,shorter,0,0,0,4,360487,1,1,0,3,S,4,unresolved,entity
0,0,unchanged,shorter,0,0,0,0,360487,0,0,0,0,H,0,unresolved,entity
0,0,unchanged,shorter,0,0,0,4,360487,1,1,0,3,S,4,unresolved,attribute
0,0,unchanged,shorter,0,0,0,0,360487,0,0,0,0,H,0,unresolved,attribute
0,0,unchanged,shorter,4,0,0,5,58029,0,0,4,1,S,1,lost,entity
0,0,unchanged,shorter,0,0,0,0,58029,0,0,0,0,H,0,lost,entity
0,0,unchanged,shorter,2,0,0,2,58029,0,0,2,0,S,0,lost,attribute
0,0,unchanged,shorter,0,0,0,0,58029,0,0,0,0,H,0,lost,attribute
2,2,mixed,shorter,1,0,0,4,428975,0,0,1,3,S,5,mixed,entity
1,1,mixed,shorter,3,0,0,3,428975,0,0,3,0,H,1,mixed,entity
1,1,mixed,shorter,1,0,0,1,428975,0,0,1,0,S,1,mixed,attribute
0,0,mixed,shorter,0,0,0,0,428975,0,0,0,0,H,0,mixed,attribute
1,1,unresolved,shorter,0,0,0,5,46463,1,2,0,5,S,6,unresolved,entity
1,1,unresolved,shorter,0,0,0,0,46463,1,2,0,0,H,1,unresolved,entity
0,0,unresolved,shorter,0,0,0,0,46463,0,0,0,0,S,0,unresolved,attribute
0,0,unresolved,shorter,0,0,0,0,46463,0,0,0,0,H,0,unresolved,attribute
3,3,lost,shorter,0,0,0,3,371005,0,0,0,3,S,6,mixed,entity
0,0,lost,shorter,2,0,0,2,371005,0,0,2,0,H,0,mixed,entity
0,0,lost,shorter,1,0,0,2,371005,0,0,1,1,S,1,mixed,attribute
0,0,lost,shorter,0,0,0,0,371005,0,0,0,0,H,0,mixed,attribute
1,1,unresolved,shorter,2,0,0,7,191054,4,2,2,4,S,6,mixed,entity
0,0,unresolved,shorter,2,0,0,2,191054,3,1,2,0,H,0,mixed,entity
0,0,unresolved,shorter,0,0,0,0,191054,0,0,0,0,S,0,mixed,attribute
0,0,unresolved,shorter,0,0,0,0,191054,0,0,0,0,H,0,mixed,attribute
0,0,unchanged,shorter,1,0,0,4,22461,5,3,1,0,S,5,unresolved,entity
0,0,unchanged,shorter,0,0,0,1,22461,0,0,0,1,H,1,unresolved,entity
0,0,unchanged,shorter,0,0,0,0,22461,2,0,0,0,S,2,unresolved,attribute
0,0,unchanged,shorter,0,0,0,0,22461,0,0,0,0,H,0,unresolved,attribute
1,1,unresolved,shorter,2,0,0,6,8899,4,1,2,3,S,8,mixed,entity
0,0,unresolved,shorter,0,0,0,0,8899,0,0,0,0,H,0,mixed,entity
0,0,unresolved,shorter,2,0,0,3,8899,2,1,2,0,S,2,mixed,attribute
0,0,unresolved,shorter,0,0,0,0,8899,1,0,0,0,H,1,mixed,attribute
3,3,unchanged,shorter,1,0,0,8,506441,1,1,1,6,S,10,mixed,entity
0,0,unchanged,shorter,0,0,0,0,506441,0,0,0,0,H,0,mixed,entity
0,0,unchanged,shorter,1,0,0,1,506441,0,0,1,0,S,0,mixed,attribute
0,0,unchanged,shorter,0,0,0,0,506441,0,0,0,0,H,0,mixed,attribute
0,0,lost,shorter,2,0,0,4,438364,0,0,2,2,S,2,lost,entity
0,0,lost,shorter,1,0,0,1,438364,0,0,1,0,H,0,lost,entity
0,0,lost,shorter,1,0,0,2,438364,0,0,1,1,S,1,lost,attribute
0,0,lost,shorter,0,0,0,0,438364,0,0,0,0,H,0,lost,attribute
0,0,unchanged,shorter,3,0,0,11,93620,4,5,3,3,S,7,unresolved,entity
0,0,unchanged,shorter,0,0,0,0,93620,0,0,0,0,H,0,unresolved,entity
0,0,unchanged,shorter,0,0,0,3,93620,0,3,0,0,S,0,unresolved,attribute
0,0,unchanged,shorter,0,0,0,0,93620,0,0,0,0,H,0,unresolved,attribute
0,0,unresolved,shorter,0,0,0,3,154173,0,0,0,3,S,3,unresolved,entity
0,0,unresolved,shorter,0,0,0,0,154173,0,0,0,0,H,0,unresolved,entity
0,0,unresolved,shorter,0,0,0,0,154173,0,0,0,0,S,0,unresolved,attribute
0,0,unresolved,shorter,0,0,0,0,154173,0,0,0,0,H,0,unresolved,attribute
2,2,unchanged,shorter,6,0,0,13,237517,2,1,6,6,S,10,mixed,entity
0,0,unchanged,shorter,0,0,0,0,237517,0,0,0,0,H,0,mixed,entity
0,0,unchanged,shorter,0,0,0,0,237517,0,0,0,0,S,0,mixed,attribute
0,0,unchanged,shorter,0,0,0,0,237517,0,0,0,0,H,0,mixed,attribute
2,2,unresolved,shorter,4,0,0,8,551665,0,0,4,4,S,6,unresolved,entity
0,0,unresolved,shorter,0,0,0,0,551665,0,0,0,0,H,0,unresolved,entity
1,1,unresolved,shorter,2,0,0,3,551665,0,0,2,1,S,2,unresolved,attribute
1,1,unresolved,shorter,0,0,0,0,551665,0,0,0,0,H,1,unresolved,attribute
1,1,lost,shorter,2,0,0,7,442136,2,3,2,3,S,6,mixed,entity
0,0,lost,shorter,1,0,0,1,442136,0,1,1,0,H,0,mixed,entity
0,0,lost,shorter,0,0,0,1,442136,0,0,0,1,S,1,mixed,attribute
0,0,lost,shorter,0,0,0,0,442136,0,0,0,0,H,0,mixed,attribute
2,2,mixed,shorter,1,0,0,6,249883,0,0,1,5,S,7,mixed,entity
2,2,mixed,shorter,1,0,0,1,249883,0,0,1,0,H,2,mixed,entity
0,0,mixed,shorter,0,0,0,1,249883,0,0,0,1,S,1,mixed,attribute
0,0,mixed,shorter,0,0,0,0,249883,0,0,0,0,H,0,mixed,attribute
0,0,mixed,shorter,4,0,0,6,564003,0,0,4,2,S,2,lost,entity
2,2,mixed,shorter,1,0,0,1,564003,0,0,1,0,H,2,lost,entity
0,0,mixed,shorter,0,0,0,1,564003,0,1,0,1,S,1,lost,attribute
0,0,mixed,shorter,0,0,0,0,564003,0,1,0,0,H,0,lost,attribute
0,0,unchanged,shorter,1,0,0,5,6460,0,0,1,4,S,4,lost,entity
0,0,unchanged,shorter,0,0,0,0,6460,0,0,0,0,H,0,lost,entity
0,0,unchanged,shorter,1,0,0,1,6460,0,0,1,0,S,0,lost,attribute
0,0,unchanged,shorter,0,0,0,0,6460,0,0,0,0,H,0,lost,attribute
1,1,unresolved,shorter,1,0,0,6,209548,1,0,1,5,S,6,mixed,entity
0,0,unresolved,shorter,0,0,0,1,209548,1,0,0,1,H,1,mixed,entity
1,1,unresolved,shorter,0,0,0,0,209548,0,0,0,0,S,1,mixed,attribute
0,0,unresolved,shorter,0,0,0,0,209548,0,0,0,0,H,0,mixed,attribute
0,0,lost,shorter,3,0,0,5,275501,0,0,3,2,S,2,lost,entity
0,0,lost,shorter,1,0,0,1,275501,0,0,1,0,H,0,lost,entity
0,0,lost,shorter,0,0,0,0,275501,0,0,0,0,S,0,lost,attribute
0,0,lost,shorter,0,0,0,0,275501,0,0,0,0,H,0,lost,attribute
4,4,unchanged,shorter,6,0,0,8,316617,0,0,6,2,S,6,mixed,entity
0,0,unchanged,shorter,0,0,0,0,316617,0,0,0,0,H,0,mixed,entity
2,2,unchanged,shorter,0,0,0,0,316617,0,0,0,0,S,2,mixed,attribute
0,0,unchanged,shorter,0,0,0,0,316617,0,0,0,0,H,0,mixed,attribute
1,1,lost,shorter,1,0,0,6,279634,0,0,1,5,S,6,mixed,entity
0,0,lost,shorter,1,0,0,2,279634,0,0,1,1,H,1,mixed,entity
0,0,lost,shorter,0,0,0,0,279634,0,0,0,0,S,0,mixed,attribute
0,0,lost,shorter,0,0,0,0,279634,0,0,0,0,H,0,mixed,attribute
1,1,unresolved,shorter,2,0,0,7,245173,3,4,2,1,S,5,mixed,entity
0,0,unresolved,shorter,3,0,0,3,245173,0,0,3,0,H,0,mixed,entity
0,0,unresolved,shorter,0,0,0,1,245173,1,1,0,0,S,1,mixed,attribute
0,0,unresolved,shorter,0,0,0,1,245173,1,1,0,0,H,1,mixed,attribute
2,2,unchanged,shorter,0,0,0,3,522478,0,0,0,3,S,5,mixed,entity
0,0,unchanged,shorter,0,0,0,0,522478,0,0,0,0,H,0,mixed,entity
0,0,unchanged,shorter,2,0,0,3,522478,0,0,2,1,S,1,mixed,attribute
0,0,unchanged,shorter,0,0,0,0,522478,0,0,0,0,H,0,mixed,attribute
1,1,unresolved,shorter,2,0,0,5,424712,1,1,2,3,S,4,mixed,entity
0,0,unresolved,shorter,0,0,0,0,424712,1,1,0,0,H,0,mixed,entity
0,0,unresolved,shorter,0,0,0,0,424712,0,0,0,0,S,0,mixed,attribute
0,0,unresolved,shorter,0,0,0,0,424712,0,0,0,0,H,0,mixed,attribute
1,1,lost,shorter,4,0,0,7,281628,0,1,4,3,S,4,mixed,entity
0,0,lost,shorter,2,0,0,2,281628,0,1,2,0,H,0,mixed,entity
0,0,lost,shorter,1,0,0,1,281628,0,0,1,0,S,0,mixed,attribute
0,0,lost,shorter,0,0,0,0,281628,0,0,0,0,H,0,mixed,attribute
2,2,unchanged,shorter,3,0,0,6,236868,2,1,3,2,S,6,mixed,entity
0,0,unchanged,shorter,0,0,0,0,236868,0,0,0,0,H,0,mixed,entity
2,2,unchanged,shorter,0,0,0,0,236868,0,0,0,0,S,2,mixed,attribute
0,0,unchanged,shorter,0,0,0,0,236868,0,0,0,0,H,0,mixed,attribute
0,0,unresolved,shorter,1,0,0,3,522032,0,2,1,2,S,2,unresolved,entity
0,0,unresolved,shorter,0,0,0,0,522032,1,2,0,0,H,1,unresolved,entity
0,0,unresolved,shorter,0,0,0,0,522032,0,0,0,0,S,0,unresolved,attribute
0,0,unresolved,shorter,0,0,0,0,522032,0,0,0,0,H,0,unresolved,attribute
1,1,unresolved,shorter,2,0,0,7,567171,3,2,2,4,S,7,unresolved,entity
0,0,unresolved,shorter,0,0,0,0,567171,1,1,0,0,H,0,unresolved,entity
1,1,unresolved,shorter,0,0,0,1,567171,1,1,0,0,S,1,unresolved,attribute
0,0,unresolved,shorter,0,0,0,0,567171,1,0,0,0,H,0,unresolved,attribute
5,5,gained,shorter,7,0,0,9,559550,0,0,7,2,S,7,mixed,entity
1,1,gained,shorter,0,0,0,0,559550,0,0,0,0,H,1,mixed,entity
0,0,gained,shorter,0,0,0,0,559550,0,0,0,0,S,0,mixed,attribute
0,0,gained,shorter,0,0,0,0,559550,0,0,0,0,H,0,mixed,attribute
2,2,unresolved,shorter,4,0,0,8,201141,1,3,4,2,S,5,mixed,entity
0,0,unresolved,shorter,0,0,0,0,201141,0,1,0,0,H,0,mixed,entity
0,0,unresolved,shorter,0,0,0,0,201141,0,0,0,0,S,0,mixed,attribute
0,0,unresolved,shorter,0,0,0,0,201141,0,0,0,0,H,0,mixed,attribute
1,1,unchanged,shorter,4,0,0,7,317479,0,0,4,3,S,4,mixed,entity
0,0,unchanged,shorter,0,0,0,0,317479,0,0,0,0,H,0,mixed,entity
0,0,unchanged,shorter,1,0,0,2,317479,0,0,1,1,S,1,mixed,attribute
0,0,unchanged,shorter,0,0,0,0,317479,0,0,0,0,H,0,mixed,attribute
1,1,unresolved,shorter,2,0,0,6,236246,0,0,2,4,S,5,mixed,entity
0,0,unresolved,shorter,0,0,0,0,236246,0,0,0,0,H,0,mixed,entity
1,1,unresolved,shorter,1,0,0,1,236246,0,1,1,0,S,1,mixed,attribute
0,0,unresolved,shorter,0,0,0,0,236246,0,1,0,0,H,0,mixed,attribute
3,3,lost,shorter,2,0,0,7,402588,0,1,2,5,S,8,mixed,entity
0,0,lost,shorter,2,0,0,2,402588,0,1,2,0,H,0,mixed,entity
0,0,lost,shorter,0,0,0,0,402588,0,1,0,0,S,0,mixed,attribute
0,0,lost,shorter,0,0,0,0,402588,0,1,0,0,H,0,mixed,attribute
0,0,unresolved,shorter,3,0,0,5,401862,2,0,3,2,S,2,unresolved,entity
0,0,unresolved,shorter,1,0,0,1,401862,2,0,1,0,H,0,unresolved,entity
0,0,unresolved,shorter,1,0,0,2,401862,0,0,1,1,S,1,unresolved,attribute
0,0,unresolved,shorter,0,0,0,0,401862,0,0,0,0,H,0,unresolved,attribute
2,2,gained,shorter,1,0,0,10,141256,1,4,1,5,S,8,mixed,entity
1,1,gained,shorter,0,0,0,0,141256,0,0,0,0,H,1,mixed,entity
0,0,gained,shorter,1,0,0,1,141256,0,0,1,0,S,0,mixed,attribute
0,0,gained,shorter,0,0,0,0,141256,0,0,0,0,H,0,mixed,attribute
1,1,unresolved,shorter,1,0,0,4,409009,0,0,1,3,S,4,unresolved,entity
0,0,unresolved,shorter,1,0,0,1,409009,0,0,1,0,H,0,unresolved,entity
0,0,unresolved,shorter,0,0,0,1,409009,0,0,0,1,S,1,unresolved,attribute
0,0,unresolved,shorter,0,0,0,0,409009,0,0,0,0,H,0,unresolved,attribute
0,0,unchanged,shorter,1,0,0,4,438426,0,0,1,3,S,3,mixed,entity
0,0,unchanged,shorter,0,0,0,0,438426,0,0,0,0,H,0,mixed,entity
0,1,unchanged,shorter,1,1,1,2,438426,0,0,0,1,S,2,mixed,attribute
0,0,unchanged,shorter,0,0,0,0,438426,0,0,0,0,H,0,mixed,attribute
2,2,unchanged,shorter,0,0,0,4,10837,0,0,0,4,S,6,gained,entity
0,0,unchanged,shorter,0,0,0,0,10837,0,0,0,0,H,0,gained,entity
0,0,unchanged,shorter,0,0,0,0,10837,0,0,0,0,S,0,gained,attribute
0,0,unchanged,shorter,0,0,0,0,10837,0,0,0,0,H,0,gained,attribute
0,0,lost,shorter,6,0,0,9,568814,0,3,6,3,S,3,lost,entity
0,0,lost,shorter,2,0,0,2,568814,0,3,2,0,H,0,lost,entity
0,0,lost,shorter,1,0,0,2,568814,0,0,1,1,S,1,lost,attribute
0,0,lost,shorter,1,0,0,1,568814,0,0,1,0,H,0,lost,attribute
0,0,gained,shorter,4,0,0,10,565761,2,2,4,4,S,5,unresolved,entity
2,2,gained,shorter,0,0,0,0,565761,1,0,0,0,H,2,unresolved,entity
0,0,gained,shorter,0,0,0,1,565761,0,0,0,1,S,1,unresolved,attribute
0,0,gained,shorter,0,0,0,0,565761,0,0,0,0,H,0,unresolved,attribute
1,1,unresolved,shorter,0,0,0,2,1682,2,1,0,1,S,2,unresolved,entity
0,0,unresolved,shorter,0,0,0,0,1682,2,0,0,0,H,0,unresolved,entity
1,1,unresolved,shorter,0,0,0,1,1682,0,1,0,0,S,1,unresolved,attribute
0,0,unresolved,shorter,0,0,0,0,1682,0,0,0,0,H,0,unresolved,attribute
1,1,unresolved,shorter,1,0,0,4,415015,0,1,1,3,S,4,mixed,entity
0,0,unresolved,shorter,0,0,0,1,415015,0,1,0,1,H,1,mixed,entity
0,0,unresolved,shorter,1,0,0,1,415015,0,0,1,0,S,0,mixed,attribute
0,0,unresolved,shorter,0,0,0,0,415015,0,0,0,0,H,0,mixed,attribute
1,1,gained,shorter,0,0,0,2,76484,0,0,0,2,S,3,gained,entity
1,1,gained,shorter,0,0,0,0,76484,0,0,0,0,H,1,gained,entity
1,1,gained,shorter,0,0,0,0,76484,0,0,0,0,S,1,gained,attribute
0,0,gained,shorter,0,0,0,0,76484,0,0,0,0,H,0,gained,attribute
1,1,unchanged,shorter,3,0,0,6,232679,0,0,3,3,S,4,mixed,entity
0,0,unchanged,shorter,0,0,0,0,232679,0,0,0,0,H,0,mixed,entity
2,2,unchanged,shorter,1,0,0,1,232679,0,0,1,0,S,2,mixed,attribute
0,0,unchanged,shorter,0,0,0,0,232679,0,0,0,0,H,0,mixed,attribute
1,1,unresolved,shorter,0,0,0,2,555412,3,3,0,2,S,3,unresolved,entity
0,0,unresolved,shorter,0,0,0,0,555412,3,3,0,0,H,0,unresolved,entity
0,0,unresolved,shorter,0,0,0,0,555412,0,1,0,0,S,0,unresolved,attribute
0,0,unresolved,shorter,0,0,0,0,555412,0,1,0,0,H,0,unresolved,attribute
1,1,unchanged,shorter,2,0,0,5,69946,0,0,2,3,S,4,mixed,entity
0,0,unchanged,shorter,0,0,0,0,69946,0,0,0,0,H,0,mixed,entity
0,0,unchanged,shorter,0,0,0,0,69946,0,0,0,0,S,0,mixed,attribute
0,0,unchanged,shorter,0,0,0,0,69946,0,0,0,0,H,0,mixed,attribute
0,0,unresolved,shorter,1,0,0,4,430973,0,1,1,3,S,3,lost,entity
0,0,unresolved,shorter,0,0,0,0,430973,0,1,0,0,H,0,lost,entity
0,0,unresolved,shorter,3,0,0,3,430973,0,0,3,0,S,0,lost,attribute
0,0,unresolved,shorter,0,0,0,0,430973,0,0,0,0,H,0,lost,attribute
2,2,unresolved,shorter,1,0,0,6,226802,2,6,1,1,S,5,mixed,entity
1,1,unresolved,shorter,0,0,0,0,226802,0,2,0,0,H,1,mixed,entity
0,0,unresolved,shorter,0,0,0,2,226802,0,2,0,0,S,0,mixed,attribute
1,1,unresolved,shorter,0,0,0,0,226802,0,0,0,0,H,1,mixed,attribute
0,0,unresolved,shorter,3,0,0,8,116887,2,3,3,2,S,4,unresolved,entity
0,0,unresolved,shorter,0,0,0,1,116887,0,0,0,1,H,1,unresolved,entity
0,0,unresolved,shorter,0,0,0,2,116887,1,2,0,0,S,1,unresolved,attribute
0,0,unresolved,shorter,0,0,0,0,116887,0,0,0,0,H,0,unresolved,attribute
4,4,gained,shorter,4,0,0,6,49444,1,1,4,1,S,6,mixed,entity
3,3,gained,shorter,0,0,0,0,49444,0,0,0,0,H,3,mixed,entity
1,1,gained,shorter,2,0,0,2,49444,0,0,2,0,S,1,mixed,attribute
0,0,gained,shorter,0,0,0,0,49444,0,0,0,0,H,0,mixed,attribute
2,2,unresolved,shorter,0,0,0,2,381658,0,1,0,2,S,4,unresolved,entity
1,1,unresolved,shorter,1,0,0,1,381658,0,1,1,0,H,1,unresolved,entity
2,2,unresolved,shorter,3,0,0,3,381658,0,2,3,0,S,2,unresolved,attribute
0,0,unresolved,shorter,0,0,0,0,381658,0,2,0,0,H,0,unresolved,attribute
3,3,mixed,shorter,2,0,0,10,570659,2,3,2,6,S,11,mixed,entity
1,1,mixed,shorter,1,0,0,2,570659,0,1,1,1,H,2,mixed,entity
0,0,mixed,shorter,1,0,0,2,570659,1,1,1,0,S,1,mixed,attribute
0,0,mixed,shorter,0,0,0,0,570659,1,0,0,0,H,1,mixed,attribute
0,0,lost,shorter,4,0,0,8,84477,0,0,4,4,S,4,mixed,entity
0,0,lost,shorter,1,0,0,1,84477,0,0,1,0,H,0,mixed,entity
1,1,lost,shorter,0,0,0,2,84477,0,0,0,2,S,3,mixed,attribute
0,0,lost,shorter,0,0,0,0,84477,0,0,0,0,H,0,mixed,attribute
3,3,lost,shorter,0,0,0,7,210394,0,0,0,7,S,10,gained,entity
0,0,lost,shorter,1,0,0,1,210394,0,0,1,0,H,0,gained,entity
0,0,lost,shorter,0,0,0,2,210394,0,0,0,2,S,2,gained,attribute
0,0,lost,shorter,0,0,0,0,210394,0,0,0,0,H,0,gained,attribute
3,3,lost,shorter,2,0,0,4,66841,1,1,2,1,S,5,mixed,entity
0,0,lost,shorter,1,0,0,1,66841,0,0,1,0,H,0,mixed,entity
0,0,lost,shorter,0,0,0,1,66841,0,1,0,0,S,0,mixed,attribute
0,0,lost,shorter,0,0,0,0,66841,0,0,0,0,H,0,mixed,attribute
3,3,unresolved,shorter,1,0,0,5,469134,2,1,1,4,S,7,mixed,entity
0,0,unresolved,shorter,0,0,0,0,469134,2,1,0,0,H,0,mixed,entity
0,0,unresolved,shorter,0,0,0,0,469134,1,0,0,0,S,0,mixed,attribute
0,0,unresolved,shorter,0,0,0,0,469134,1,0,0,0,H,0,mixed,attribute
1,1,unresolved,shorter,0,0,0,3,120234,1,1,0,3,S,4,mixed,entity
0,0,unresolved,shorter,0,0,0,0,120234,1,1,0,0,H,0,mixed,entity
0,0,unresolved,shorter,1,0,0,1,120234,0,0,1,0,S,0,mixed,attribute
0,0,unresolved,shorter,0,0,0,0,120234,0,0,0,0,H,0,mixed,attribute
1,1,lost,shorter,2,0,0,5,197666,2,1,2,2,S,5,mixed,entity
0,0,lost,shorter,1,0,0,1,197666,0,0,1,0,H,0,mixed,entity
1,1,lost,shorter,0,0,0,2,197666,0,0,0,2,S,3,mixed,attribute
0,0,lost,shorter,0,0,0,0,197666,0,0,0,0,H,0,mixed,attribute
0,0,unresolved,shorter,2,0,0,6,275448,1,1,2,3,S,4,mixed,entity
0,0,unresolved,shorter,0,0,0,1,275448,1,1,0,0,H,1,mixed,entity
1,1,unresolved,shorter,0,0,0,0,275448,0,0,0,0,S,1,mixed,attribute
0,0,unresolved,shorter,0,0,0,0,275448,0,0,0,0,H,0,mixed,attribute
0,0,gained,shorter,0,0,0,3,506187,0,0,0,3,S,3,unchanged,entity
1,1,gained,shorter,0,0,0,0,506187,0,0,0,0,H,1,unchanged,entity
0,0,gained,shorter,0,0,0,0,506187,0,0,0,0,S,0,unchanged,attribute
0,0,gained,shorter,0,0,0,0,506187,0,0,0,0,H,0,unchanged,attribute
0,0,unresolved,shorter,2,0,0,5,299776,0,0,2,3,S,3,unresolved,entity
0,0,unresolved,shorter,1,0,0,1,299776,0,0,1,0,H,0,unresolved,entity
2,2,unresolved,shorter,0,0,0,0,299776,1,0,0,0,S,2,unresolved,attribute
0,0,unresolved,shorter,0,0,0,0,299776,1,0,0,0,H,0,unresolved,attribute
3,3,unresolved,shorter,2,0,0,5,419697,0,1,2,3,S,6,mixed,entity
0,0,unresolved,shorter,0,0,0,0,419697,0,1,0,0,H,0,mixed,entity
1,1,unresolved,shorter,1,0,0,2,419697,2,1,1,0,S,3,mixed,attribute
0,0,unresolved,shorter,0,0,0,0,419697,0,0,0,0,H,0,mixed,attribute
0,0,mixed,shorter,1,0,0,4,212421,0,0,1,3,S,3,lost,entity
1,1,mixed,shorter,1,0,0,1,212421,0,0,1,0,H,1,lost,entity
0,0,mixed,shorter,0,0,0,0,212421,0,0,0,0,S,0,lost,attribute
0,0,mixed,shorter,0,0,0,0,212421,0,0,0,0,H,0,lost,attribute
2,2,unresolved,shorter,0,0,0,3,530600,2,2,0,2,S,5,unresolved,entity
1,1,unresolved,shorter,0,0,0,0,530600,1,1,0,0,H,1,unresolved,entity
1,1,unresolved,shorter,0,0,0,2,530600,0,1,0,1,S,2,unresolved,attribute
0,0,unresolved,shorter,0,0,0,0,530600,0,0,0,0,H,0,unresolved,attribute
2,2,gained,shorter,4,0,0,9,445233,0,0,4,5,S,7,mixed,entity
1,1,gained,shorter,0,0,0,2,445233,0,0,0,2,H,3,mixed,entity
1,1,gained,shorter,0,0,0,0,445233,0,0,0,0,S,1,mixed,attribute
0,0,gained,shorter,0,0,0,0,445233,0,0,0,0,H,0,mixed,attribute
0,0,unchanged,shorter,3,0,0,9,285894,2,4,3,2,S,4,unresolved,entity
0,0,unchanged,shorter,0,0,0,0,285894,0,0,0,0,H,0,unresolved,entity
0,0,unchanged,shorter,2,0,0,2,285894,0,0,2,0,S,0,unresolved,attribute
0,0,unchanged,shorter,0,0,0,0,285894,0,0,0,0,H,0,unresolved,attribute
2,2,unchanged,shorter,3,0,0,7,277094,3,1,3,3,S,8,mixed,entity
0,0,unchanged,shorter,0,0,0,1,277094,0,0,0,1,H,1,mixed,entity
0,0,unchanged,shorter,0,0,0,0,277094,0,0,0,0,S,0,mixed,attribute
0,0,unchanged,shorter,0,0,0,0,277094,0,0,0,0,H,0,mixed,attribute
0,0,unchanged,shorter,1,0,0,5,1404,1,1,1,3,S,4,unresolved,entity
0,0,unchanged,shorter,0,0,0,0,1404,0,0,0,0,H,0,unresolved,entity
0,0,unchanged,shorter,2,0,0,2,1404,0,0,2,0,S,0,unresolved,attribute
0,0,unchanged,shorter,0,0,0,0,1404,0,0,0,0,H,0,unresolved,attribute
1,1,unresolved,shorter,4,0,0,7,65350,0,1,4,3,S,4,mixed,entity
0,0,unresolved,shorter,0,0,0,0,65350,0,1,0,0,H,0,mixed,entity
0,0,unresolved,shorter,0,0,0,0,65350,0,0,0,0,S,0,mixed,attribute
0,0,unresolved,shorter,0,0,0,0,65350,0,0,0,0,H,0,mixed,attribute
3,3,lost,shorter,2,0,0,8,242422,0,1,2,6,S,9,mixed,entity
0,0,lost,shorter,3,0,0,3,242422,0,1,3,0,H,0,mixed,entity
0,0,lost,shorter,1,0,0,1,242422,0,0,1,0,S,0,mixed,attribute
0,0,lost,shorter,0,0,0,0,242422,0,0,0,0,H,0,mixed,attribute
2,2,unresolved,shorter,3,0,0,9,409346,2,1,3,6,S,8,mixed,entity
0,0,unresolved,shorter,0,0,0,0,409346,2,1,0,0,H,0,mixed,entity
0,0,unresolved,shorter,1,0,0,1,409346,0,0,1,0,S,0,mixed,attribute
0,0,unresolved,shorter,0,0,0,0,409346,0,0,0,0,H,0,mixed,attribute
3,3,lost,shorter,1,0,0,5,350160,1,1,1,3,S,7,mixed,entity
0,0,lost,shorter,1,0,0,1,350160,0,0,1,0,H,0,mixed,entity
1,1,lost,shorter,0,0,0,1,350160,1,1,0,0,S,2,mixed,attribute
0,0,lost,shorter,0,0,0,0,350160,0,0,0,0,H,0,mixed,attribute
1,1,unresolved,shorter,2,0,0,4,180411,0,0,2,2,S,3,unresolved,entity
0,0,unresolved,shorter,0,0,0,0,180411,0,0,0,0,H,0,unresolved,entity
0,0,unresolved,shorter,1,0,0,2,180411,0,0,1,1,S,1,unresolved,attribute
0,0,unresolved,shorter,0,0,0,0,180411,0,0,0,0,H,0,unresolved,attribute
2,2,mixed,shorter,0,0,0,4,210408,0,0,0,4,S,6,gained,entity
1,1,mixed,shorter,1,0,0,1,210408,0,0,1,0,H,1,gained,entity
0,0,mixed,shorter,0,0,0,1,210408,0,0,0,1,S,1,gained,attribute
0,0,mixed,shorter,0,0,0,0,210408,0,0,0,0,H,0,gained,attribute
0,0,unresolved,shorter,0,0,0,3,563153,1,1,0,2,S,3,unresolved,entity
0,0,unresolved,shorter,0,0,0,0,563153,0,0,0,0,H,0,unresolved,entity
0,0,unresolved,shorter,0,0,0,1,563153,1,1,0,1,S,2,unresolved,attribute
0,0,unresolved,shorter,0,0,0,0,563153,0,1,0,0,H,0,unresolved,attribute
3,3,lost,shorter,0,0,0,3,408501,0,0,0,3,S,6,unresolved,entity
0,0,lost,shorter,2,0,0,2,408501,0,0,2,0,H,0,unresolved,entity
2,2,lost,shorter,0,0,0,2,408501,0,1,0,2,S,4,unresolved,attribute
0,0,lost,shorter,0,0,0,0,408501,0,1,0,0,H,0,unresolved,attribute
0,0,gained,longer,0,0,0,4,61715,0,0,0,4,S,4,lost,entity
2,2,gained,longer,0,0,0,0,61715,0,0,0,0,H,2,lost,entity
0,0,gained,longer,1,0,0,1,61715,0,0,1,0,S,0,lost,attribute
0,0,gained,longer,0,0,0,0,61715,0,0,0,0,H,0,lost,attribute
2,2,unchanged,shorter,1,0,0,5,443844,0,0,1,4,S,6,mixed,entity
0,0,unchanged,shorter,0,0,0,0,443844,0,0,0,0,H,0,mixed,entity
2,2,unchanged,shorter,1,0,0,1,443844,0,0,1,0,S,2,mixed,attribute
0,0,unchanged,shorter,0,0,0,0,443844,0,0,0,0,H,0,mixed,attribute
0,0,unresolved,shorter,3,0,0,5,32284,0,0,3,2,S,2,unresolved,entity
0,0,unresolved,shorter,2,0,0,2,32284,0,0,2,0,H,0,unresolved,entity
0,0,unresolved,shorter,0,0,0,0,32284,0,0,0,0,S,0,unresolved,attribute
0,0,unresolved,shorter,0,0,0,1,32284,0,1,0,0,H,0,unresolved,attribute
2,2,mixed,shorter,2,0,0,7,482742,1,3,2,4,S,7,mixed,entity
1,1,mixed,shorter,1,0,0,1,482742,0,2,1,0,H,1,mixed,entity
0,0,mixed,shorter,0,0,0,1,482742,2,1,0,0,S,2,mixed,attribute
0,0,mixed,shorter,0,0,0,0,482742,0,0,0,0,H,0,mixed,attribute
3,3,unresolved,shorter,4,0,0,10,450500,1,2,4,5,S,9,mixed,entity
0,0,unresolved,shorter,0,0,0,0,450500,0,1,0,0,H,0,mixed,entity
1,1,unresolved,shorter,2,0,0,2,450500,0,0,2,0,S,1,mixed,attribute
0,0,unresolved,shorter,0,0,0,0,450500,0,0,0,0,H,0,mixed,attribute
0,0,unresolved,shorter,1,0,0,3,317531,1,2,1,1,S,2,unresolved,entity
0,0,unresolved,shorter,0,0,0,0,317531,0,1,0,0,H,0,unresolved,entity
0,0,unresolved,shorter,0,0,0,1,317531,2,1,0,0,S,2,unresolved,attribute
0,0,unresolved,shorter,0,0,0,0,317531,0,0,0,0,H,0,unresolved,attribute
3,3,lost,shorter,1,0,0,6,128515,0,0,1,5,S,8,mixed,entity
0,0,lost,shorter,2,0,0,3,128515,0,0,2,1,H,1,mixed,entity
0,0,lost,shorter,0,0,0,1,128515,0,0,0,1,S,1,mixed,attribute
0,0,lost,shorter,0,0,0,0,128515,0,0,0,0,H,0,mixed,attribute
1,1,unresolved,shorter,4,0,0,7,25846,0,2,4,3,S,4,mixed,entity
1,1,unresolved,shorter,0,0,0,0,25846,0,2,0,0,H,1,mixed,entity
0,0,unresolved,shorter,1,0,0,2,25846,0,0,1,1,S,1,mixed,attribute
0,0,unresolved,shorter,0,0,0,0,25846,0,0,0,0,H,0,mixed,attribute
0,0,unresolved,shorter,2,0,0,7,484432,1,2,2,4,S,5,unresolved,entity
0,0,unresolved,shorter,0,0,0,0,484432,0,1,0,0,H,0,unresolved,entity
0,0,unresolved,shorter,0,0,0,0,484432,0,0,0,0,S,0,unresolved,attribute
0,0,unresolved,shorter,0,0,0,0,484432,0,0,0,0,H,0,unresolved,attribute
0,0,unchanged,shorter,3,0,0,5,221914,1,1,3,1,S,2,unresolved,entity
0,0,unchanged,shorter,0,0,0,0,221914,0,0,0,0,H,0,unresolved,entity
0,0,unchanged,shorter,1,0,0,1,221914,0,0,1,0,S,0,unresolved,attribute
0,0,unchanged,shorter,0,0,0,0,221914,0,0,0,0,H,0,unresolved,attribute
4,4,unresolved,shorter,3,0,0,5,450849,0,0,3,2,S,6,mixed,entity
0,0,unresolved,shorter,2,0,0,4,450849,1,1,2,1,H,2,mixed,entity
3,3,unresolved,shorter,0,0,0,1,450849,0,1,0,0,S,3,mixed,attribute
0,0,unresolved,shorter,0,0,0,0,450849,0,0,0,0,H,0,mixed,attribute
2,2,lost,shorter,3,0,0,9,319726,0,0,3,6,S,8,mixed,entity
0,0,lost,shorter,2,0,0,2,319726,0,0,2,0,H,0,mixed,entity
0,0,lost,shorter,0,0,0,2,319726,0,0,0,2,S,2,mixed,attribute
0,0,lost,shorter,0,0,0,0,319726,0,0,0,0,H,0,mixed,attribute
1,1,unchanged,shorter,3,0,0,6,276066,0,0,3,3,S,4,mixed,entity
0,0,unchanged,shorter,0,0,0,0,276066,0,0,0,0,H,0,mixed,entity
0,0,unchanged,shorter,2,0,0,2,276066,0,0,2,0,S,0,mixed,attribute
0,0,unchanged,shorter,0,0,0,0,276066,0,0,0,0,H,0,mixed,attribute
0,0,unchanged,shorter,1,0,0,4,116202,0,0,1,3,S,3,lost,entity
0,0,unchanged,shorter,0,0,0,0,116202,0,0,0,0,H,0,lost,entity
0,0,unchanged,shorter,0,0,0,0,116202,0,0,0,0,S,0,lost,attribute
0,0,unchanged,shorter,0,0,0,0,116202,0,0,0,0,H,0,lost,attribute
0,0,unchanged,shorter,1,0,0,6,92679,1,2,1,3,S,4,mixed,entity
0,0,unchanged,shorter,0,0,0,0,92679,0,0,0,0,H,0,mixed,entity
1,1,unchanged,shorter,0,0,0,1,92679,1,0,0,1,S,3,mixed,attribute
0,0,unchanged,shorter,0,0,0,0,92679,0,0,0,0,H,0,mixed,attribute
1,1,unresolved,shorter,3,0,0,8,1180,2,3,3,2,S,5,mixed,entity
0,0,unresolved,shorter,2,0,0,3,1180,1,1,2,0,H,1,mixed,entity
0,0,unresolved,shorter,1,0,0,1,1180,0,0,1,0,S,0,mixed,attribute
0,0,unresolved,shorter,0,0,0,0,1180,0,0,0,0,H,0,mixed,attribute
1,1,unresolved,shorter,2,0,0,4,296960,0,0,2,2,S,3,unresolved,entity
1,1,unresolved,shorter,1,0,0,1,296960,0,0,1,0,H,1,unresolved,entity
1,1,unresolved,shorter,2,0,0,2,296960,0,0,2,0,S,1,unresolved,attribute
0,0,unresolved,shorter,0,0,0,0,296960,0,0,0,0,H,0,unresolved,attribute
2,2,unchanged,shorter,1,0,0,4,369190,2,1,1,2,S,6,mixed,entity
0,0,unchanged,shorter,0,0,0,1,369190,0,0,0,1,H,1,mixed,entity
0,0,unchanged,shorter,1,0,0,1,369190,0,0,1,0,S,0,mixed,attribute
0,0,unchanged,shorter,0,0,0,0,369190,0,0,0,0,H,0,mixed,attribute
2,2,lost,shorter,2,0,0,5,306335,0,0,2,3,S,5,mixed,entity
0,0,lost,shorter,1,0,0,1,306335,0,0,1,0,H,0,mixed,entity
1,1,lost,shorter,0,0,0,0,306335,0,0,0,0,S,1,mixed,attribute
0,0,lost,shorter,0,0,0,0,306335,0,0,0,0,H,0,mixed,attribute
2,2,unresolved,shorter,2,0,0,4,103485,1,1,2,1,S,4,unresolved,entity
0,0,unresolved,shorter,1,0,0,1,103485,0,0,1,0,H,0,unresolved,entity
0,0,unresolved,shorter,0,0,0,1,103485,0,1,0,0,S,0,unresolved,attribute
0,0,unresolved,shorter,0,0,0,0,103485,0,0,0,0,H,0,unresolved,attribute
0,0,lost,shorter,3,0,0,7,519838,2,2,3,3,S,5,unresolved,entity
0,0,lost,shorter,1,0,0,1,519838,0,1,1,0,H,0,unresolved,entity
0,0,lost,shorter,0,0,0,0,519838,0,0,0,0,S,0,unresolved,attribute
0,0,lost,shorter,0,0,0,0,519838,0,0,0,0,H,0,unresolved,attribute
2,2,lost,shorter,4,0,0,8,228867,1,1,4,3,S,6,mixed,entity
0,0,lost,shorter,2,0,0,2,228867,0,0,2,0,H,0,mixed,entity
0,0,lost,shorter,0,0,0,2,228867,1,2,0,0,S,1,mixed,attribute
0,0,lost,shorter,0,0,0,0,228867,0,0,0,0,H,0,mixed,attribute
0,0,unchanged,shorter,1,0,0,5,281331,0,0,1,4,S,4,mixed,entity
0,0,unchanged,shorter,0,0,0,0,281331,0,0,0,0,H,0,mixed,entity
1,1,unchanged,shorter,1,0,0,1,281331,0,0,1,0,S,1,mixed,attribute
0,0,unchanged,shorter,0,0,0,0,281331,0,0,0,0,H,0,mixed,attribute
2,2,gained,shorter,1,0,0,3,43947,0,0,1,2,S,4,mixed,entity
1,1,gained,shorter,0,0,0,0,43947,0,0,0,0,H,1,mixed,entity
0,0,gained,shorter,0,0,0,0,43947,0,0,0,0,S,0,mixed,attribute
0,0,gained,shorter,0,0,0,0,43947,0,0,0,0,H,0,mixed,attribute
4,4,lost,shorter,3,0,0,6,331180,0,0,3,3,S,7,mixed,entity
0,0,lost,shorter,1,0,0,1,331180,0,0,1,0,H,0,mixed,entity
2,2,lost,shorter,2,0,0,2,331180,0,0,2,0,S,2,mixed,attribute
0,0,lost,shorter,0,0,0,0,331180,0,0,0,0,H,0,mixed,attribute
0,0,lost,shorter,1,0,0,7,262531,0,0,1,6,S,6,lost,entity
0,0,lost,shorter,1,0,0,1,262531,0,0,1,0,H,0,lost,entity
0,0,lost,shorter,0,0,0,0,262531,0,0,0,0,S,0,lost,attribute
0,0,lost,shorter,0,0,0,0,262531,0,0,0,0,H,0,lost,attribute
0,0,unresolved,shorter,3,0,0,8,53748,1,2,3,3,S,4,unresolved,entity
0,0,unresolved,shorter,0,0,0,0,53748,0,0,0,0,H,0,unresolved,entity
0,0,unresolved,shorter,0,0,0,0,53748,0,0,0,0,S,0,unresolved,attribute
0,0,unresolved,shorter,0,0,0,0,53748,0,0,0,0,H,0,unresolved,attribute
1,1,mixed,shorter,2,0,0,5,521869,0,0,2,3,S,4,mixed,entity
2,2,mixed,shorter,1,0,0,1,521869,0,0,1,0,H,2,mixed,entity
0,0,mixed,shorter,0,0,0,0,521869,0,2,0,0,S,0,mixed,attribute
0,0,mixed,shorter,0,0,0,0,521869,0,2,0,0,H,0,mixed,attribute
1,1,unresolved,shorter,5,0,0,8,462687,3,3,5,1,S,4,mixed,entity
0,0,unresolved,shorter,3,0,0,3,462687,1,1,3,0,H,0,mixed,entity
0,0,unresolved,shorter,0,0,0,0,462687,0,0,0,0,S,0,mixed,attribute
0,0,unresolved,shorter,0,0,0,0,462687,0,0,0,0,H,0,mixed,attribute
0,0,unresolved,shorter,2,0,0,7,138549,2,1,2,4,S,6,unresolved,entity
0,0,unresolved,shorter,2,0,0,2,138549,0,0,2,0,H,0,unresolved,entity
0,0,unresolved,shorter,0,0,0,0,138549,0,0,0,0,S,0,unresolved,attribute
0,0,unresolved,shorter,0,0,0,0,138549,0,0,0,0,H,0,unresolved,attribute
1,1,lost,shorter,1,0,0,7,1960,1,1,1,5,S,7,mixed,entity
0,0,lost,shorter,1,0,0,1,1960,0,0,1,0,H,0,mixed,entity
0,0,lost,shorter,0,0,0,2,1960,0,0,0,2,S,2,mixed,attribute
0,0,lost,shorter,0,0,0,0,1960,0,0,0,0,H,0,mixed,attribute
1,1,unresolved,shorter,1,0,0,6,446799,3,3,1,2,S,5,mixed,entity
0,0,unresolved,shorter,0,0,0,0,446799,1,0,0,0,H,0,mixed,entity
0,0,unresolved,shorter,0,0,0,1,446799,2,2,0,0,S,1,mixed,attribute
0,0,unresolved,shorter,0,0,0,0,446799,1,1,0,0,H,0,mixed,attribute
0,0,unresolved,shorter,2,0,0,5,323799,0,0,2,3,S,3,unresolved,entity
2,2,unresolved,shorter,0,0,0,0,323799,0,0,0,0,H,2,unresolved,entity
0,0,unresolved,shorter,0,0,0,0,323799,0,0,0,0,S,0,unresolved,attribute
0,0,unresolved,shorter,0,0,0,0,323799,0,0,0,0,H,0,unresolved,attribute
2,2,unresolved,shorter,4,0,0,6,162530,1,0,4,2,S,4,mixed,entity
0,0,unresolved,shorter,0,0,0,1,162530,1,0,0,1,H,1,mixed,entity
1,1,unresolved,shorter,0,0,0,0,162530,0,0,0,0,S,1,mixed,attribute
0,0,unresolved,shorter,0,0,0,0,162530,0,0,0,0,H,0,mixed,attribute
2,2,lost,shorter,1,0,0,7,113333,2,3,1,4,S,8,mixed,entity
0,0,lost,shorter,1,0,0,2,113333,0,2,1,0,H,0,mixed,entity
0,0,lost,shorter,0,0,0,0,113333,0,0,0,0,S,0,mixed,attribute
0,0,lost,shorter,0,0,0,0,113333,0,0,0,0,H,0,mixed,attribute
3,3,unresolved,shorter,0,0,0,5,377195,0,1,0,5,S,8,unresolved,entity
0,0,unresolved,shorter,0,0,0,0,377195,0,1,0,0,H,0,unresolved,entity
1,1,unresolved,shorter,0,0,0,0,377195,0,0,0,0,S,1,unresolved,attribute
1,1,unresolved,shorter,0,0,0,0,377195,0,0,0,0,H,1,unresolved,attribute
3,3,unresolved,shorter,2,0,0,4,169273,1,1,2,1,S,5,mixed,entity
0,0,unresolved,shorter,0,0,0,0,169273,0,0,0,0,H,0,mixed,entity
2,2,unresolved,shorter,0,0,0,0,169273,1,1,0,0,S,3,mixed,attribute
0,0,unresolved,shorter,0,0,0,1,169273,0,2,0,0,H,0,mixed,attribute
3,3,unresolved,shorter,6,0,0,11,251367,1,5,6,2,S,5,mixed,entity
0,0,unresolved,shorter,1,0,0,1,251367,1,2,1,0,H,0,mixed,entity
0,0,unresolved,shorter,0,0,0,0,251367,0,0,0,0,S,0,mixed,attribute
0,0,unresolved,shorter,0,0,0,0,251367,0,0,0,0,H,0,mixed,attribute
3,3,lost,shorter,1,0,0,5,216243,0,0,1,4,S,7,mixed,entity
0,0,lost,shorter,2,0,0,2,216243,0,0,2,0,H,0,mixed,entity
2,2,lost,shorter,0,0,0,0,216243,0,0,0,0,S,2,mixed,attribute
0,0,lost,shorter,0,0,0,0,216243,0,0,0,0,H,0,mixed,attribute
1,1,lost,shorter,2,0,0,6,5804,0,0,2,4,S,5,mixed,entity
0,0,lost,shorter,1,0,0,1,5804,0,0,1,0,H,0,mixed,entity
0,0,lost,shorter,3,0,0,4,5804,0,0,3,1,S,1,mixed,attribute
0,0,lost,shorter,0,0,0,0,5804,0,0,0,0,H,0,mixed,attribute
1,1,unresolved,shorter,2,0,0,11,515682,3,4,2,6,S,9,mixed,entity
0,0,unresolved,shorter,0,0,0,1,515682,1,1,0,1,H,1,mixed,entity
0,0,unresolved,shorter,0,0,0,1,515682,0,0,0,1,S,1,mixed,attribute
0,0,unresolved,shorter,0,0,0,0,515682,0,0,0,0,H,0,mixed,attribute
3,3,lost,shorter,3,0,0,11,329433,0,0,3,8,S,11,mixed,entity
0,0,lost,shorter,2,0,0,3,329433,0,0,2,1,H,1,mixed,entity
0,0,lost,shorter,0,0,0,0,329433,0,0,0,0,S,0,mixed,attribute
0,0,lost,shorter,0,0,0,0,329433,0,0,0,0,H,0,mixed,attribute
2,2,unchanged,shorter,1,0,0,4,92248,2,1,1,2,S,6,mixed,entity
0,0,unchanged,shorter,0,0,0,0,92248,0,0,0,0,H,0,mixed,entity
0,0,unchanged,shorter,2,0,0,2,92248,0,0,2,0,S,0,mixed,attribute
0,0,unchanged,shorter,0,0,0,0,92248,0,0,0,0,H,0,mixed,attribute
0,0,mixed,shorter,6,0,0,7,136466,3,0,6,1,S,4,mixed,entity
0,0,mixed,shorter,1,0,0,1,136466,0,0,1,0,H,0,mixed,entity
3,3,mixed,shorter,0,0,0,2,136466,0,1,0,1,S,4,mixed,attribute
2,2,mixed,shorter,0,0,0,0,136466,0,0,0,0,H,2,mixed,attribute
0,0,unchanged,shorter,1,0,0,6,107558,0,0,1,5,S,5,mixed,entity
0,0,unchanged,shorter,0,0,0,0,107558,0,0,0,0,H,0,mixed,entity
1,1,unchanged,shorter,0,0,0,0,107558,0,0,0,0,S,1,mixed,attribute
0,0,unchanged,shorter,0,0,0,0,107558,0,0,0,0,H,0,mixed,attribute
2,2,unresolved,shorter,3,0,0,7,193349,0,2,3,4,S,6,mixed,entity
0,0,unresolved,shorter,0,0,0,0,193349,0,2,0,0,H,0,mixed,entity
0,0,unresolved,shorter,0,0,0,0,193349,0,0,0,0,S,0,mixed,attribute
0,0,unresolved,shorter,0,0,0,0,193349,0,0,0,0,H,0,mixed,attribute
0,0,unchanged,shorter,1,0,0,3,312682,0,0,1,2,S,2,lost,entity
0,0,unchanged,shorter,0,0,0,0,312682,0,0,0,0,H,0,lost,entity
0,0,unchanged,shorter,1,0,0,1,312682,0,0,1,0,S,0,lost,attribute
0,0,unchanged,shorter,0,0,0,0,312682,0,0,0,0,H,0,lost,attribute
0,0,unresolved,longer,2,0,0,5,626,0,0,2,3,S,3,unresolved,entity
0,0,unresolved,longer,0,0,0,0,626,0,0,0,0,H,0,unresolved,entity
0,0,unresolved,longer,1,0,0,2,626,1,2,1,0,S,1,unresolved,attribute
0,0,unresolved,longer,0,0,0,0,626,0,1,0,0,H,0,unresolved,attribute
0,0,unresolved,shorter,0,0,0,5,439426,0,0,0,5,S,5,unresolved,entity
0,0,unresolved,shorter,0,0,0,0,439426,0,0,0,0,H,0,unresolved,entity
0,0,unresolved,shorter,0,0,0,1,439426,0,1,0,0,S,0,unresolved,attribute
0,0,unresolved,shorter,0,0,0,0,439426,0,0,0,0,H,0,unresolved,attribute
0,0,gained,shorter,1,0,0,4,420914,1,0,1,3,S,3,unresolved,entity
1,1,gained,shorter,0,0,0,0,420914,1,0,0,0,H,1,unresolved,entity
0,0,gained,shorter,0,0,0,0,420914,0,0,0,0,S,0,unresolved,attribute
0,0,gained,shorter,0,0,0,0,420914,0,0,0,0,H,0,unresolved,attribute
0,0,lost,shorter,0,0,0,3,55155,0,0,0,3,S,3,unchanged,entity
0,0,lost,shorter,1,0,0,1,55155,0,0,1,0,H,0,unchanged,entity
0,0,lost,shorter,0,0,0,0,55155,0,0,0,0,S,0,unchanged,attribute
0,0,lost,shorter,0,0,0,0,55155,0,0,0,0,H,0,unchanged,attribute
0,0,lost,shorter,4,0,0,7,295076,0,0,4,3,S,3,lost,entity
0,0,lost,shorter,2,0,0,2,295076,0,0,2,0,H,0,lost,entity
0,0,lost,shorter,0,0,0,1,295076,0,0,0,1,S,1,lost,attribute
0,0,lost,shorter,0,0,0,0,295076,0,0,0,0,H,0,lost,attribute
1,1,lost,shorter,2,0,0,9,273317,0,0,2,7,S,8,mixed,entity
0,0,lost,shorter,2,0,0,3,273317,0,0,2,1,H,1,mixed,entity
0,0,lost,shorter,0,0,0,0,273317,0,0,0,0,S,0,mixed,attribute
0,0,lost,shorter,0,0,0,0,273317,0,0,0,0,H,0,mixed,attribute
2,2,unchanged,shorter,3,0,0,10,300876,2,1,3,6,S,10,mixed,entity
0,0,unchanged,shorter,0,0,0,1,300876,0,0,0,1,H,1,mixed,entity
0,0,unchanged,shorter,0,0,0,0,300876,0,0,0,0,S,0,mixed,attribute
0,0,unchanged,shorter,0,0,0,0,300876,0,0,0,0,H,0,mixed,attribute
1,1,unresolved,shorter,0,0,0,3,416145,0,1,0,3,S,4,mixed,entity
0,0,unresolved,shorter,0,0,0,0,416145,0,1,0,0,H,0,mixed,entity
1,1,unresolved,shorter,1,0,0,2,416145,0,0,1,1,S,2,mixed,attribute
0,0,unresolved,shorter,0,0,0,0,416145,0,0,0,0,H,0,mixed,attribute
2,2,unchanged,shorter,1,0,0,4,20487,0,0,1,3,S,5,mixed,entity
0,0,unchanged,shorter,0,0,0,1,20487,0,0,0,1,H,1,mixed,entity
1,1,unchanged,shorter,0,0,0,0,20487,0,0,0,0,S,1,mixed,attribute
0,0,unchanged,shorter,0,0,0,0,20487,0,0,0,0,H,0,mixed,attribute
3,3,unchanged,shorter,4,0,0,6,565778,0,0,4,2,S,5,mixed,entity
0,0,unchanged,shorter,0,0,0,0,565778,0,0,0,0,H,0,mixed,entity
0,0,unchanged,shorter,1,0,0,2,565778,0,0,1,1,S,1,mixed,attribute
0,0,unchanged,shorter,0,0,0,0,565778,0,0,0,0,H,0,mixed,attribute
0,0,unresolved,shorter,1,0,0,11,451944,5,6,1,4,S,8,mixed,entity
0,0,unresolved,shorter,0,0,0,0,451944,1,0,0,0,H,0,mixed,entity
1,1,unresolved,shorter,0,0,0,1,451944,0,0,0,1,S,2,mixed,attribute
0,0,unresolved,shorter,0,0,0,0,451944,0,0,0,0,H,0,mixed,attribute
1,1,unresolved,shorter,0,0,0,9,497049,5,7,0,3,S,9,unresolved,entity
1,1,unresolved,shorter,0,0,0,1,497049,0,1,0,1,H,2,unresolved,entity
0,0,unresolved,shorter,0,0,0,0,497049,0,0,0,0,S,0,unresolved,attribute
0,0,unresolved,shorter,0,0,0,0,497049,0,0,0,0,H,0,unresolved,attribute
1,1,unresolved,shorter,1,0,0,4,484303,1,1,1,2,S,4,unresolved,entity
0,0,unresolved,shorter,0,0,0,0,484303,0,0,0,0,H,0,unresolved,entity
0,0,unresolved,shorter,0,0,0,1,484303,0,0,0,1,S,1,unresolved,attribute
0,0,unresolved,shorter,0,0,0,0,484303,0,0,0,0,H,0,unresolved,attribute
1,1,unresolved,shorter,2,0,0,7,550051,1,3,2,4,S,6,mixed,entity
0,0,unresolved,shorter,0,0,0,0,550051,0,2,0,0,H,0,mixed,entity
0,0,unresolved,shorter,0,0,0,0,550051,0,0,0,0,S,0,mixed,attribute
0,0,unresolved,shorter,0,0,0,0,550051,0,0,0,0,H,0,mixed,attribute
1,1,unresolved,shorter,0,0,0,1,140010,0,2,0,1,S,2,mixed,entity
1,1,unresolved,shorter,0,0,0,1,140010,1,2,0,1,H,3,mixed,entity
0,0,unresolved,shorter,1,0,0,1,140010,0,0,1,0,S,0,mixed,attribute
0,0,unresolved,shorter,0,0,0,0,140010,0,0,0,0,H,0,mixed,attribute
2,2,mixed,shorter,2,0,0,7,437303,1,0,2,5,S,8,mixed,entity
1,1,mixed,shorter,1,0,0,1,437303,0,0,1,0,H,1,mixed,entity
0,0,mixed,shorter,0,0,0,2,437303,2,2,0,0,S,2,mixed,attribute
0,0,mixed,shorter,0,0,0,0,437303,0,0,0,0,H,0,mixed,attribute
1,1,lost,shorter,4,0,0,9,378276,0,4,4,5,S,6,mixed,entity
0,0,lost,shorter,1,0,0,1,378276,0,4,1,0,H,0,mixed,entity
1,1,lost,shorter,0,0,0,0,378276,0,0,0,0,S,1,mixed,attribute
0,0,lost,shorter,0,0,0,0,378276,0,0,0,0,H,0,mixed,attribute
1,1,unresolved,shorter,2,0,0,5,183469,0,0,2,3,S,4,unresolved,entity
0,0,unresolved,shorter,0,0,0,0,183469,0,0,0,0,H,0,unresolved,entity
1,1,unresolved,shorter,1,0,0,3,183469,0,2,1,0,S,1,unresolved,attribute
0,0,unresolved,shorter,0,0,0,1,183469,0,1,0,0,H,0,unresolved,attribute
3,3,unchanged,shorter,1,0,0,6,220277,0,0,1,5,S,8,mixed,entity
0,0,unchanged,shorter,0,0,0,0,220277,0,0,0,0,H,0,mixed,entity
2,2,unchanged,shorter,2,0,0,2,220277,0,0,2,0,S,2,mixed,attribute
0,0,unchanged,shorter,0,0,0,0,220277,0,0,0,0,H,0,mixed,attribute
