contribution_to_original_words,hallucination_change,length_group,net_reduction,original_count,pair_id,pos,steer_count,supported_change
0.014925373134328358,unresolved,shorter,1,6,38438,ADJ,5,mixed
0.029850746268656716,unresolved,shorter,2,9,38438,ADP,7,mixed
0.014925373134328358,unresolved,shorter,1,2,38438,ADV,1,mixed
-0.014925373134328358,unresolved,shorter,-1,4,38438,AUX,5,mixed
0.014925373134328358,unresolved,shorter,1,3,38438,CCONJ,2,mixed
0.07462686567164178,unresolved,shorter,5,13,38438,DET,8,mixed
0.04477611940298507,unresolved,shorter,3,16,38438,NOUN,13,mixed
-0.014925373134328358,unresolved,shorter,-1,1,38438,NUM,2,mixed
0.0,unresolved,shorter,0,1,38438,PART,1,mixed
0.0,unresolved,shorter,0,2,38438,PRON,2,mixed
0.04477611940298507,unresolved,shorter,3,10,38438,VERB,7,mixed
0.09090909090909091,lost,shorter,10,13,398726,ADJ,3,mixed
0.1,lost,shorter,11,16,398726,ADP,5,mixed
0.00909090909090909,lost,shorter,1,2,398726,ADV,1,mixed
0.01818181818181818,lost,shorter,2,4,398726,AUX,2,mixed
0.01818181818181818,lost,shorter,2,5,398726,CCONJ,3,mixed
0.12727272727272726,lost,shorter,14,27,398726,DET,13,mixed
0.11818181818181818,lost,shorter,13,28,398726,NOUN,15,mixed
0.00909090909090909,lost,shorter,1,3,398726,NUM,2,mixed
0.00909090909090909,lost,shorter,1,1,398726,PART,0,mixed
-0.01818181818181818,lost,shorter,-2,1,398726,PRON,3,mixed
0.00909090909090909,lost,shorter,1,1,398726,PROPN,0,mixed
0.01818181818181818,lost,shorter,2,9,398726,VERB,7,mixed
0.053763440860215055,lost,shorter,5,7,260370,ADJ,2,lost
0.06451612903225806,lost,shorter,6,8,260370,ADP,2,lost
0.053763440860215055,lost,shorter,5,5,260370,ADV,0,lost
0.053763440860215055,lost,shorter,5,7,260370,AUX,2,lost
0.010752688172043012,lost,shorter,1,2,260370,CCONJ,1,lost
0.15053763440860216,lost,shorter,14,19,260370,DET,5,lost
0.1827956989247312,lost,shorter,17,22,260370,NOUN,5,lost
0.010752688172043012,lost,shorter,1,1,260370,PART,0,lost
0.053763440860215055,lost,shorter,5,6,260370,PRON,1,lost
0.021505376344086023,lost,shorter,2,2,260370,SCONJ,0,lost
0.11827956989247312,lost,shorter,11,14,260370,VERB,3,lost
0.047058823529411764,unresolved,shorter,4,6,113173,ADJ,2,unresolved
0.10588235294117647,unresolved,shorter,9,11,113173,ADP,2,unresolved
-0.011764705882352941,unresolved,shorter,-1,0,113173,ADV,1,unresolved
0.0,unresolved,shorter,0,3,113173,AUX,3,unresolved
0.0,unresolved,shorter,0,2,113173,CCONJ,2,unresolved
0.15294117647058825,unresolved,shorter,13,17,113173,DET,4,unresolved
0.2235294117647059,unresolved,shorter,19,25,113173,NOUN,6,unresolved
0.011764705882352941,unresolved,shorter,1,1,113173,PART,0,unresolved
0.058823529411764705,unresolved,shorter,5,6,113173,PRON,1,unresolved
0.011764705882352941,unresolved,shorter,1,1,113173,SCONJ,0,unresolved
0.11764705882352941,unresolved,shorter,10,13,113173,VERB,3,unresolved
0.04040404040404041,lost,shorter,4,7,64189,ADJ,3,mixed
0.10101010101010101,lost,shorter,10,13,64189,ADP,3,mixed
0.010101010101010102,lost,shorter,1,2,64189,ADV,1,mixed
0.030303030303030304,lost,shorter,3,6,64189,AUX,3,mixed
0.020202020202020204,lost,shorter,2,3,64189,CCONJ,1,mixed
0.12121212121212122,lost,shorter,12,20,64189,DET,8,mixed
0.1717171717171717,lost,shorter,17,28,64189,NOUN,11,mixed
0.020202020202020204,lost,shorter,2,2,64189,PART,0,mixed
0.030303030303030304,lost,shorter,3,3,64189,PRON,0,mixed
0.010101010101010102,lost,shorter,1,2,64189,SCONJ,1,mixed
0.08080808080808081,lost,shorter,8,13,64189,VERB,5,mixed
0.08823529411764706,unchanged,shorter,6,8,18291,ADJ,2,mixed
0.07352941176470588,unchanged,shorter,5,9,18291,ADP,4,mixed
0.014705882352941176,unchanged,shorter,1,1,18291,ADV,0,mixed
0.014705882352941176,unchanged,shorter,1,3,18291,AUX,2,mixed
-0.014705882352941176,unchanged,shorter,-1,2,18291,CCONJ,3,mixed
0.1323529411764706,unchanged,shorter,9,14,18291,DET,5,mixed
0.11764705882352941,unchanged,shorter,8,18,18291,NOUN,10,mixed
0.014705882352941176,unchanged,shorter,1,2,18291,PRON,1,mixed
0.014705882352941176,unchanged,shorter,1,1,18291,PROPN,0,mixed
0.07352941176470588,unchanged,shorter,5,10,18291,VERB,5,mixed
0.1,unchanged,shorter,8,9,359751,ADJ,1,unresolved
0.0875,unchanged,shorter,7,14,359751,ADP,7,unresolved
0.0125,unchanged,shorter,1,1,359751,ADV,0,unresolved
-0.0125,unchanged,shorter,-1,2,359751,AUX,3,unresolved
0.025,unchanged,shorter,2,3,359751,CCONJ,1,unresolved
0.1375,unchanged,shorter,11,17,359751,DET,6,unresolved
0.1125,unchanged,shorter,9,20,359751,NOUN,11,unresolved
0.0,unchanged,shorter,0,2,359751,NUM,2,unresolved
0.0125,unchanged,shorter,1,1,359751,PART,0,unresolved
0.0125,unchanged,shorter,1,3,359751,PRON,2,unresolved
0.05,unchanged,shorter,4,8,359751,VERB,4,unresolved
0.12195121951219512,unresolved,shorter,10,12,404462,ADJ,2,unresolved
0.10975609756097561,unresolved,shorter,9,11,404462,ADP,2,unresolved
0.012195121951219513,unresolved,shorter,1,1,404462,ADV,0,unresolved
0.036585365853658534,unresolved,shorter,3,4,404462,AUX,1,unresolved
0.04878048780487805,unresolved,shorter,4,7,404462,CCONJ,3,unresolved
0.15853658536585366,unresolved,shorter,13,17,404462,DET,4,unresolved
0.1951219512195122,unresolved,shorter,16,21,404462,NOUN,5,unresolved
0.036585365853658534,unresolved,shorter,3,3,404462,NUM,0,unresolved
0.012195121951219513,unresolved,shorter,1,1,404462,PART,0,unresolved
0.0,unresolved,shorter,0,1,404462,PRON,1,unresolved
0.036585365853658534,unresolved,shorter,3,4,404462,VERB,1,unresolved
0.02857142857142857,unresolved,shorter,2,2,326667,ADJ,0,unresolved
0.14285714285714285,unresolved,shorter,10,11,326667,ADP,1,unresolved
0.02857142857142857,unresolved,shorter,2,2,326667,ADV,0,unresolved
0.02857142857142857,unresolved,shorter,2,3,326667,AUX,1,unresolved
0.014285714285714285,unresolved,shorter,1,1,326667,CCONJ,0,unresolved
0.15714285714285714,unresolved,shorter,11,13,326667,DET,2,unresolved
0.2714285714285714,unresolved,shorter,19,21,326667,NOUN,2,unresolved
0.014285714285714285,unresolved,shorter,1,1,326667,PART,0,unresolved
0.04285714285714286,unresolved,shorter,3,3,326667,PRON,0,unresolved
0.04285714285714286,unresolved,shorter,3,3,326667,SCONJ,0,unresolved
0.12857142857142856,unresolved,shorter,9,10,326667,VERB,1,unresolved
0.056179775280898875,unresolved,shorter,5,5,396768,ADJ,0,lost
0.11235955056179775,unresolved,shorter,10,14,396768,ADP,4,lost
0.07865168539325842,unresolved,shorter,7,7,396768,ADV,0,lost
0.011235955056179775,unresolved,shorter,1,5,396768,AUX,4,lost
0.0,unresolved,shorter,0,2,396768,CCONJ,2,lost
0.1348314606741573,unresolved,shorter,12,16,396768,DET,4,lost
0.16853932584269662,unresolved,shorter,15,23,396768,NOUN,8,lost
-0.011235955056179775,unresolved,shorter,-1,1,396768,NUM,2,lost
0.02247191011235955,unresolved,shorter,2,4,396768,PRON,2,lost
0.0898876404494382,unresolved,shorter,8,12,396768,VERB,4,lost
0.015151515151515152,unresolved,shorter,1,3,342770,ADJ,2,mixed
0.030303030303030304,unresolved,shorter,2,7,342770,ADP,5,mixed
0.015151515151515152,unresolved,shorter,1,2,342770,ADV,1,mixed
0.015151515151515152,unresolved,shorter,1,4,342770,AUX,3,mixed
0.030303030303030304,unresolved,shorter,2,4,342770,CCONJ,2,mixed
0.06060606060606061,unresolved,shorter,4,14,342770,DET,10,mixed
0.045454545454545456,unresolved,shorter,3,17,342770,NOUN,14,mixed
0.030303030303030304,unresolved,shorter,2,2,342770,PART,0,mixed
-0.030303030303030304,unresolved,shorter,-2,0,342770,PRON,2,mixed
0.030303030303030304,unresolved,shorter,2,2,342770,PROPN,0,mixed
0.09090909090909091,unresolved,shorter,6,11,342770,VERB,5,mixed
0.09375,unresolved,shorter,6,8,487391,ADJ,2,unresolved
0.140625,unresolved,shorter,9,11,487391,ADP,2,unresolved
0.046875,unresolved,shorter,3,3,487391,AUX,0,unresolved
0.03125,unresolved,shorter,2,3,487391,CCONJ,1,unresolved
0.1875,unresolved,shorter,12,13,487391,DET,1,unresolved
0.21875,unresolved,shorter,14,18,487391,NOUN,4,unresolved
0.015625,unresolved,shorter,1,2,487391,NUM,1,unresolved
-0.015625,unresolved,shorter,-1,0,487391,PRON,1,unresolved
0.078125,unresolved,shorter,5,6,487391,VERB,1,unresolved
0.04040404040404041,unresolved,shorter,4,5,542511,ADJ,1,unresolved
0.09090909090909091,unresolved,shorter,9,16,542511,ADP,7,unresolved
0.0,unresolved,shorter,0,1,542511,ADV,1,unresolved
0.010101010101010102,unresolved,shorter,1,2,542511,AUX,1,unresolved
0.06060606060606061,unresolved,shorter,6,7,542511,CCONJ,1,unresolved
0.06060606060606061,unresolved,shorter,6,19,542511,DET,13,unresolved
0.15151515151515152,unresolved,shorter,15,34,542511,NOUN,19,unresolved
0.020202020202020204,unresolved,shorter,2,2,542511,NUM,0,unresolved
0.010101010101010102,unresolved,shorter,1,1,542511,PART,0,unresolved
0.020202020202020204,unresolved,shorter,2,4,542511,PRON,2,unresolved
0.04040404040404041,unresolved,shorter,4,8,542511,VERB,4,unresolved
0.01639344262295082,unresolved,shorter,1,6,525322,ADJ,5,unresolved
0.03278688524590164,unresolved,shorter,2,7,525322,ADP,5,unresolved
0.03278688524590164,unresolved,shorter,2,2,525322,ADV,0,unresolved
-0.03278688524590164,unresolved,shorter,-2,2,525322,AUX,4,unresolved
0.0,unresolved,shorter,0,2,525322,CCONJ,2,unresolved
0.14754098360655737,unresolved,shorter,9,13,525322,DET,4,unresolved
0.13114754098360656,unresolved,shorter,8,18,525322,NOUN,10,unresolved
-0.01639344262295082,unresolved,shorter,-1,1,525322,NUM,2,unresolved
-0.01639344262295082,unresolved,shorter,-1,1,525322,PRON,2,unresolved
-0.01639344262295082,unresolved,shorter,-1,1,525322,SCONJ,2,unresolved
0.08196721311475409,unresolved,shorter,5,8,525322,VERB,3,unresolved
0.07692307692307693,unresolved,shorter,5,7,279305,ADJ,2,unresolved
0.0,unresolved,shorter,0,6,279305,ADP,6,unresolved
0.015384615384615385,unresolved,shorter,1,1,279305,ADV,0,unresolved
0.015384615384615385,unresolved,shorter,1,3,279305,AUX,2,unresolved
0.046153846153846156,unresolved,shorter,3,4,279305,CCONJ,1,unresolved
0.09230769230769231,unresolved,shorter,6,12,279305,DET,6,unresolved
0.15384615384615385,unresolved,shorter,10,22,279305,NOUN,12,unresolved
0.015384615384615385,unresolved,shorter,1,1,279305,PART,0,unresolved
-0.015384615384615385,unresolved,shorter,-1,0,279305,PRON,1,unresolved
0.06153846153846154,unresolved,shorter,4,9,279305,VERB,5,unresolved
0.0,unresolved,shorter,0,7,45472,ADJ,7,unresolved
0.07865168539325842,unresolved,shorter,7,14,45472,ADP,7,unresolved
0.011235955056179775,unresolved,shorter,1,2,45472,ADV,1,unresolved
0.033707865168539325,unresolved,shorter,3,4,45472,AUX,1,unresolved
0.033707865168539325,unresolved,shorter,3,6,45472,CCONJ,3,unresolved
0.14606741573033707,unresolved,shorter,13,18,45472,DET,5,unresolved
0.16853932584269662,unresolved,shorter,15,26,45472,NOUN,11,unresolved
0.011235955056179775,unresolved,shorter,1,1,45472,PART,0,unresolved
-0.011235955056179775,unresolved,shorter,-1,1,45472,PRON,2,unresolved
0.011235955056179775,unresolved,shorter,1,1,45472,PROPN,0,unresolved
0.011235955056179775,unresolved,shorter,1,1,45472,SCONJ,0,unresolved
0.0449438202247191,unresolved,shorter,4,8,45472,VERB,4,unresolved
0.022222222222222223,unresolved,shorter,2,5,102609,ADJ,3,unresolved
0.1111111111111111,unresolved,shorter,10,13,102609,ADP,3,unresolved
0.022222222222222223,unresolved,shorter,2,3,102609,ADV,1,unresolved
0.06666666666666667,unresolved,shorter,6,7,102609,AUX,1,unresolved
0.011111111111111112,unresolved,shorter,1,3,102609,CCONJ,2,unresolved
0.1111111111111111,unresolved,shorter,10,17,102609,DET,7,unresolved
0.17777777777777778,unresolved,shorter,16,26,102609,NOUN,10,unresolved
0.011111111111111112,unresolved,shorter,1,1,102609,PART,0,unresolved
0.022222222222222223,unresolved,shorter,2,3,102609,PRON,1,unresolved
0.011111111111111112,unresolved,shorter,1,1,102609,SCONJ,0,unresolved
0.1111111111111111,unresolved,shorter,10,11,102609,VERB,1,unresolved
0.010101010101010102,mixed,shorter,1,8,403482,ADJ,7,mixed
0.08080808080808081,mixed,shorter,8,15,403482,ADP,7,mixed
0.010101010101010102,mixed,shorter,1,2,403482,ADV,1,mixed
-0.010101010101010102,mixed,shorter,-1,4,403482,AUX,5,mixed
0.020202020202020204,mixed,shorter,2,5,403482,CCONJ,3,mixed
0.06060606060606061,mixed,shorter,6,23,403482,DET,17,mixed
0.04040404040404041,mixed,shorter,4,30,403482,NOUN,26,mixed
-0.020202020202020204,mixed,shorter,-2,0,403482,NUM,2,mixed
0.020202020202020204,mixed,shorter,2,3,403482,PRON,1,mixed
-0.010101010101010102,mixed,shorter,-1,0,403482,SCONJ,1,mixed
0.06060606060606061,mixed,shorter,6,9,403482,VERB,3,mixed
0.07526881720430108,unresolved,shorter,7,9,45388,ADJ,2,unresolved
0.08602150537634409,unresolved,shorter,8,11,45388,ADP,3,unresolved
0.0,unresolved,shorter,0,1,45388,ADV,1,unresolved
0.010752688172043012,unresolved,shorter,1,3,45388,AUX,2,unresolved
0.010752688172043012,unresolved,shorter,1,2,45388,CCONJ,1,unresolved
0.13978494623655913,unresolved,shorter,13,20,45388,DET,7,unresolved
0.22580645161290322,unresolved,shorter,21,28,45388,NOUN,7,unresolved
0.03225806451612903,unresolved,shorter,3,3,45388,PART,0,unresolved
0.021505376344086023,unresolved,shorter,2,2,45388,PRON,0,unresolved
0.10752688172043011,unresolved,shorter,10,14,45388,VERB,4,unresolved
0.017241379310344827,unresolved,shorter,2,6,281711,ADJ,4,unresolved
0.14655172413793102,unresolved,shorter,17,20,281711,ADP,3,unresolved
0.02586206896551724,unresolved,shorter,3,4,281711,ADV,1,unresolved
0.02586206896551724,unresolved,shorter,3,5,281711,AUX,2,unresolved
0.0,unresolved,shorter,0,3,281711,CCONJ,3,unresolved
0.15517241379310345,unresolved,shorter,18,28,281711,DET,10,unresolved
0.15517241379310345,unresolved,shorter,18,30,281711,NOUN,12,unresolved
0.017241379310344827,unresolved,shorter,2,2,281711,NUM,0,unresolved
0.02586206896551724,unresolved,shorter,3,4,281711,PRON,1,unresolved
0.008620689655172414,unresolved,shorter,1,1,281711,SCONJ,0,unresolved
0.06896551724137931,unresolved,shorter,8,13,281711,VERB,5,unresolved
0.0392156862745098,unresolved,shorter,4,8,268717,ADJ,4,mixed
0.10784313725490197,unresolved,shorter,11,15,268717,ADP,4,mixed
0.049019607843137254,unresolved,shorter,5,5,268717,ADV,0,mixed
0.029411764705882353,unresolved,shorter,3,4,268717,AUX,1,mixed
0.0392156862745098,unresolved,shorter,4,5,268717,CCONJ,1,mixed
0.09803921568627451,unresolved,shorter,10,18,268717,DET,8,mixed
0.13725490196078433,unresolved,shorter,14,29,268717,NOUN,15,mixed
0.029411764705882353,unresolved,shorter,3,5,268717,PRON,2,mixed
0.00980392156862745,unresolved,shorter,1,1,268717,SCONJ,0,mixed
0.058823529411764705,unresolved,shorter,6,12,268717,VERB,6,mixed
0.03508771929824561,unresolved,shorter,4,8,318854,ADJ,4,unresolved
0.07894736842105263,unresolved,shorter,9,16,318854,ADP,7,unresolved
0.008771929824561403,unresolved,shorter,1,2,318854,ADV,1,unresolved
0.03508771929824561,unresolved,shorter,4,6,318854,AUX,2,unresolved
0.03508771929824561,unresolved,shorter,4,6,318854,CCONJ,2,unresolved
0.08771929824561403,unresolved,shorter,10,23,318854,DET,13,unresolved
0.09649122807017543,unresolved,shorter,11,30,318854,NOUN,19,unresolved
0.017543859649122806,unresolved,shorter,2,2,318854,NUM,0,unresolved
0.008771929824561403,unresolved,shorter,1,1,318854,PART,0,unresolved
0.02631578947368421,unresolved,shorter,3,5,318854,PRON,2,unresolved
0.07894736842105263,unresolved,shorter,9,15,318854,VERB,6,unresolved
0.05555555555555555,unresolved,shorter,4,7,402992,ADJ,3,unresolved
0.09722222222222222,unresolved,shorter,7,15,402992,ADP,8,unresolved
-0.013888888888888888,unresolved,shorter,-1,2,402992,ADV,3,unresolved
-0.05555555555555555,unresolved,shorter,-4,1,402992,AUX,5,unresolved
0.027777777777777776,unresolved,shorter,2,2,402992,CCONJ,0,unresolved
0.06944444444444445,unresolved,shorter,5,12,402992,DET,7,unresolved
0.09722222222222222,unresolved,shorter,7,18,402992,NOUN,11,unresolved
0.0,unresolved,shorter,0,1,402992,NUM,1,unresolved
0.027777777777777776,unresolved,shorter,2,6,402992,PRON,4,unresolved
-0.027777777777777776,unresolved,shorter,-2,0,402992,SCONJ,2,unresolved
0.027777777777777776,unresolved,shorter,2,8,402992,VERB,6,unresolved
0.07692307692307693,unchanged,shorter,8,11,321176,ADJ,3,mixed
0.08653846153846154,unchanged,shorter,9,10,321176,ADP,1,mixed
0.019230769230769232,unchanged,shorter,2,3,321176,ADV,1,mixed
0.019230769230769232,unchanged,shorter,2,5,321176,AUX,3,mixed
0.019230769230769232,unchanged,shorter,2,4,321176,CCONJ,2,mixed
0.16346153846153846,unchanged,shorter,17,22,321176,DET,5,mixed
0.19230769230769232,unchanged,shorter,20,27,321176,NOUN,7,mixed
0.009615384615384616,unchanged,shorter,1,3,321176,PART,2,mixed
0.009615384615384616,unchanged,shorter,1,5,321176,PRON,4,mixed
0.057692307692307696,unchanged,shorter,6,14,321176,VERB,8,mixed
0.10638297872340426,mixed,shorter,10,10,34520,ADJ,0,unresolved
0.11702127659574468,mixed,shorter,11,14,34520,ADP,3,unresolved
0.0,mixed,shorter,0,1,34520,ADV,1,unresolved
0.010638297872340425,mixed,shorter,1,2,34520,AUX,1,unresolved
0.05319148936170213,mixed,shorter,5,5,34520,CCONJ,0,unresolved
0.1702127659574468,mixed,shorter,16,20,34520,DET,4,unresolved
0.2127659574468085,mixed,shorter,20,24,34520,NOUN,4,unresolved
0.02127659574468085,mixed,shorter,2,2,34520,NUM,0,unresolved
0.010638297872340425,mixed,shorter,1,1,34520,PART,0,unresolved
0.0425531914893617,mixed,shorter,4,4,34520,PRON,0,unresolved
0.11702127659574468,mixed,shorter,11,11,34520,VERB,0,unresolved
0.053763440860215055,lost,shorter,5,6,379542,ADJ,1,mixed
0.07526881720430108,lost,shorter,7,10,379542,ADP,3,mixed
0.053763440860215055,lost,shorter,5,6,379542,ADV,1,mixed
0.010752688172043012,lost,shorter,1,3,379542,AUX,2,mixed
0.021505376344086023,lost,shorter,2,3,379542,CCONJ,1,mixed
0.10752688172043011,lost,shorter,10,18,379542,DET,8,mixed
0.15053763440860216,lost,shorter,14,25,379542,NOUN,11,mixed
0.021505376344086023,lost,shorter,2,2,379542,PART,0,mixed
0.06451612903225806,lost,shorter,6,7,379542,PRON,1,mixed
0.010752688172043012,lost,shorter,1,1,379542,SCONJ,0,mixed
0.08602150537634409,lost,shorter,8,12,379542,VERB,4,mixed
0.02857142857142857,lost,shorter,3,9,340654,ADJ,6,mixed
0.06666666666666667,lost,shorter,7,14,340654,ADP,7,mixed
0.01904761904761905,lost,shorter,2,2,340654,ADV,0,mixed
0.0380952380952381,lost,shorter,4,7,340654,AUX,3,mixed
0.009523809523809525,lost,shorter,1,7,340654,CCONJ,6,mixed
0.06666666666666667,lost,shorter,7,20,340654,DET,13,mixed
0.11428571428571428,lost,shorter,12,31,340654,NOUN,19,mixed
-0.01904761904761905,lost,shorter,-2,0,340654,NUM,2,mixed
0.009523809523809525,lost,shorter,1,4,340654,PRON,3,mixed
0.0,lost,shorter,0,2,340654,PROPN,2,mixed
0.047619047619047616,lost,shorter,5,9,340654,VERB,4,mixed
0.09174311926605505,unresolved,shorter,10,12,40705,ADJ,2,unresolved
0.11926605504587157,unresolved,shorter,13,18,40705,ADP,5,unresolved
0.027522935779816515,unresolved,shorter,3,4,40705,ADV,1,unresolved
0.0,unresolved,shorter,0,2,40705,AUX,2,unresolved
0.027522935779816515,unresolved,shorter,3,4,40705,CCONJ,1,unresolved
0.13761467889908258,unresolved,shorter,15,23,40705,DET,8,unresolved
0.1743119266055046,unresolved,shorter,19,29,40705,NOUN,10,unresolved
0.027522935779816515,unresolved,shorter,3,3,40705,NUM,0,unresolved
0.009174311926605505,unresolved,shorter,1,1,40705,PART,0,unresolved
0.009174311926605505,unresolved,shorter,1,4,40705,PRON,3,unresolved
0.03669724770642202,unresolved,shorter,4,9,40705,VERB,5,unresolved
-0.027522935779816515,lost,shorter,-3,5,198120,ADJ,8,mixed
0.045871559633027525,lost,shorter,5,14,198120,ADP,9,mixed
0.045871559633027525,lost,shorter,5,5,198120,ADV,0,mixed
0.009174311926605505,lost,shorter,1,4,198120,AUX,3,mixed
0.01834862385321101,lost,shorter,2,7,198120,CCONJ,5,mixed
0.11009174311926606,lost,shorter,12,20,198120,DET,8,mixed
0.10091743119266056,lost,shorter,11,32,198120,NOUN,21,mixed
0.009174311926605505,lost,shorter,1,1,198120,PART,0,mixed
0.009174311926605505,lost,shorter,1,4,198120,PRON,3,mixed
0.09174311926605505,lost,shorter,10,17,198120,VERB,7,mixed
0.05217391304347826,unresolved,shorter,6,14,469671,ADJ,8,mixed
0.0782608695652174,unresolved,shorter,9,16,469671,ADP,7,mixed
0.02608695652173913,unresolved,shorter,3,4,469671,ADV,1,mixed
0.02608695652173913,unresolved,shorter,3,3,469671,AUX,0,mixed
0.0,unresolved,shorter,0,4,469671,CCONJ,4,mixed
0.13043478260869565,unresolved,shorter,15,21,469671,DET,6,mixed
0.11304347826086956,unresolved,shorter,13,31,469671,NOUN,18,mixed
0.017391304347826087,unresolved,shorter,2,2,469671,NUM,0,mixed
0.017391304347826087,unresolved,shorter,2,4,469671,PRON,2,mixed
0.09565217391304348,unresolved,shorter,11,16,469671,VERB,5,mixed
0.0782608695652174,lost,shorter,9,9,402623,ADJ,0,mixed
0.16521739130434782,lost,shorter,19,20,402623,ADP,1,mixed
0.017391304347826087,lost,shorter,2,2,402623,ADV,0,mixed
0.05217391304347826,lost,shorter,6,6,402623,AUX,0,mixed
0.017391304347826087,lost,shorter,2,2,402623,CCONJ,0,mixed
0.22608695652173913,lost,shorter,26,28,402623,DET,2,mixed
0.22608695652173913,lost,shorter,26,32,402623,NOUN,6,mixed
0.008695652173913044,lost,shorter,1,2,402623,NUM,1,mixed
0.017391304347826087,lost,shorter,2,2,402623,PRON,0,mixed
0.08695652173913043,lost,shorter,10,12,402623,VERB,2,mixed
0.028169014084507043,lost,shorter,2,4,308391,ADJ,2,lost
0.1267605633802817,lost,shorter,9,9,308391,ADP,0,lost
0.014084507042253521,lost,shorter,1,1,308391,ADV,0,lost
0.014084507042253521,lost,shorter,1,1,308391,AUX,0,lost
0.028169014084507043,lost,shorter,2,2,308391,CCONJ,0,lost
0.19718309859154928,lost,shorter,14,14,308391,DET,0,lost
0.2676056338028169,lost,shorter,19,19,308391,NOUN,0,lost
0.028169014084507043,lost,shorter,2,4,308391,PRON,2,lost
0.09859154929577464,lost,shorter,7,7,308391,PROPN,0,lost
0.11267605633802817,lost,shorter,8,10,308391,VERB,2,lost
0.018518518518518517,lost,shorter,2,8,289392,ADJ,6,mixed
0.037037037037037035,lost,shorter,4,11,289392,ADP,7,mixed
0.037037037037037035,lost,shorter,4,4,289392,ADV,0,mixed
0.037037037037037035,lost,shorter,4,6,289392,AUX,2,mixed
0.018518518518518517,lost,shorter,2,4,289392,CCONJ,2,mixed
0.10185185185185185,lost,shorter,11,20,289392,DET,9,mixed
0.18518518518518517,lost,shorter,20,32,289392,NOUN,12,mixed
0.009259259259259259,lost,shorter,1,4,289392,PRON,3,mixed
0.018518518518518517,lost,shorter,2,2,289392,SCONJ,0,mixed
0.1111111111111111,lost,shorter,12,17,289392,VERB,5,mixed
0.07228915662650602,unresolved,shorter,6,8,451915,ADJ,2,unresolved
0.024096385542168676,unresolved,shorter,2,8,451915,ADP,6,unresolved
0.024096385542168676,unresolved,shorter,2,2,451915,ADV,0,unresolved
0.024096385542168676,unresolved,shorter,2,5,451915,AUX,3,unresolved
0.012048192771084338,unresolved,shorter,1,5,451915,CCONJ,4,unresolved
0.024096385542168676,unresolved,shorter,2,13,451915,DET,11,unresolved
0.10843373493975904,unresolved,shorter,9,22,451915,NOUN,13,unresolved
0.024096385542168676,unresolved,shorter,2,2,451915,PART,0,unresolved
-0.012048192771084338,unresolved,shorter,-1,3,451915,PRON,4,unresolved
0.012048192771084338,unresolved,shorter,1,1,451915,SCONJ,0,unresolved
0.12048192771084337,unresolved,shorter,10,14,451915,VERB,4,unresolved
0.0,mixed,shorter,0,6,25986,ADJ,6,mixed
0.10204081632653061,mixed,shorter,10,16,25986,ADP,6,mixed
0.0,mixed,shorter,0,2,25986,ADV,2,mixed
0.030612244897959183,mixed,shorter,3,4,25986,AUX,1,mixed
0.01020408163265306,mixed,shorter,1,6,25986,CCONJ,5,mixed
0.12244897959183673,mixed,shorter,12,17,25986,DET,5,mixed
0.11224489795918367,mixed,shorter,11,31,25986,NOUN,20,mixed
0.02040816326530612,mixed,shorter,2,2,25986,NUM,0,mixed
0.02040816326530612,mixed,shorter,2,4,25986,PRON,2,mixed
0.061224489795918366,mixed,shorter,6,10,25986,VERB,4,mixed
0.09523809523809523,unchanged,shorter,10,11,270593,ADJ,1,mixed
0.18095238095238095,unchanged,shorter,19,21,270593,ADP,2,mixed
0.01904761904761905,unchanged,shorter,2,2,270593,ADV,0,mixed
0.01904761904761905,unchanged,shorter,2,3,270593,AUX,1,mixed
0.02857142857142857,unchanged,shorter,3,3,270593,CCONJ,0,mixed
0.1619047619047619,unchanged,shorter,17,19,270593,DET,2,mixed
0.22857142857142856,unchanged,shorter,24,27,270593,NOUN,3,mixed
0.047619047619047616,unchanged,shorter,5,5,270593,NUM,0,mixed
0.0380952380952381,unchanged,shorter,4,4,270593,PRON,0,mixed
0.009523809523809525,unchanged,shorter,1,1,270593,SCONJ,0,mixed
0.08571428571428572,unchanged,shorter,9,9,270593,VERB,0,mixed
0.028846153846153848,unresolved,shorter,3,6,295574,ADJ,3,mixed
0.11538461538461539,unresolved,shorter,12,18,295574,ADP,6,mixed
0.019230769230769232,unresolved,shorter,2,2,295574,ADV,0,mixed
-0.019230769230769232,unresolved,shorter,-2,3,295574,AUX,5,mixed
-0.009615384615384616,unresolved,shorter,-1,2,295574,CCONJ,3,mixed
0.10576923076923077,unresolved,shorter,11,24,295574,DET,13,mixed
0.10576923076923077,unresolved,shorter,11,27,295574,NOUN,16,mixed
0.0,unresolved,shorter,0,1,295574,PART,1,mixed
0.038461538461538464,unresolved,shorter,4,6,295574,PRON,2,mixed
0.07692307692307693,unresolved,shorter,8,15,295574,VERB,7,mixed
0.02631578947368421,unresolved,shorter,3,7,55244,ADJ,4,unresolved
0.10526315789473684,unresolved,shorter,12,18,55244,ADP,6,unresolved
0.008771929824561403,unresolved,shorter,1,1,55244,ADV,0,unresolved
0.03508771929824561,unresolved,shorter,4,7,55244,AUX,3,unresolved
0.008771929824561403,unresolved,shorter,1,3,55244,CCONJ,2,unresolved
0.10526315789473684,unresolved,shorter,12,21,55244,DET,9,unresolved
0.19298245614035087,unresolved,shorter,22,33,55244,NOUN,11,unresolved
0.02631578947368421,unresolved,shorter,3,3,55244,NUM,0,unresolved
0.0,unresolved,shorter,0,1,55244,PART,1,unresolved
-0.008771929824561403,unresolved,shorter,-1,4,55244,PRON,5,unresolved
0.008771929824561403,unresolved,shorter,1,1,55244,PROPN,0,unresolved
0.008771929824561403,unresolved,shorter,1,1,55244,SCONJ,0,unresolved
0.06140350877192982,unresolved,shorter,7,14,55244,VERB,7,unresolved
0.058823529411764705,lost,shorter,6,7,277326,ADJ,1,lost
0.09803921568627451,lost,shorter,10,12,277326,ADP,2,lost
0.0196078431372549,lost,shorter,2,2,277326,ADV,0,lost
0.0196078431372549,lost,shorter,2,5,277326,AUX,3,lost
0.029411764705882353,lost,shorter,3,4,277326,CCONJ,1,lost
0.1568627450980392,lost,shorter,16,20,277326,DET,4,lost
0.17647058823529413,lost,shorter,18,26,277326,NOUN,8,lost
0.00980392156862745,lost,shorter,1,1,277326,NUM,0,lost
0.029411764705882353,lost,shorter,3,3,277326,PART,0,lost
0.0392156862745098,lost,shorter,4,5,277326,PRON,1,lost
0.00980392156862745,lost,shorter,1,1,277326,SCONJ,0,lost
0.12745098039215685,lost,shorter,13,16,277326,VERB,3,lost
0.014925373134328358,unresolved,shorter,1,3,264423,ADJ,2,unresolved
0.04477611940298507,unresolved,shorter,3,6,264423,ADP,3,unresolved
0.029850746268656716,unresolved,shorter,2,4,264423,ADV,2,unresolved
-0.029850746268656716,unresolved,shorter,-2,3,264423,AUX,5,unresolved
0.029850746268656716,unresolved,shorter,2,4,264423,CCONJ,2,unresolved
0.11940298507462686,unresolved,shorter,8,14,264423,DET,6,unresolved
0.13432835820895522,unresolved,shorter,9,18,264423,NOUN,9,unresolved
0.014925373134328358,unresolved,shorter,1,3,264423,NUM,2,unresolved
0.014925373134328358,unresolved,shorter,1,3,264423,PRON,2,unresolved
0.04477611940298507,unresolved,shorter,3,9,264423,VERB,6,unresolved
0.039473684210526314,unchanged,shorter,3,4,43098,ADJ,1,mixed
0.07894736842105263,unchanged,shorter,6,11,43098,ADP,5,mixed
0.02631578947368421,unchanged,shorter,2,2,43098,ADV,0,mixed
0.013157894736842105,unchanged,shorter,1,5,43098,AUX,4,mixed
-0.013157894736842105,unchanged,shorter,-1,2,43098,CCONJ,3,mixed
0.07894736842105263,unchanged,shorter,6,16,43098,DET,10,mixed
0.09210526315789473,unchanged,shorter,7,18,43098,NOUN,11,mixed
0.02631578947368421,unchanged,shorter,2,2,43098,PART,0,mixed
0.02631578947368421,unchanged,shorter,2,4,43098,PRON,2,mixed
0.09210526315789473,unchanged,shorter,7,12,43098,VERB,5,mixed
0.02912621359223301,unchanged,shorter,3,7,80185,ADJ,4,mixed
0.02912621359223301,unchanged,shorter,3,9,80185,ADP,6,mixed
0.019417475728155338,unchanged,shorter,2,2,80185,ADV,0,mixed
0.04854368932038835,unchanged,shorter,5,9,80185,AUX,4,mixed
0.019417475728155338,unchanged,shorter,2,3,80185,CCONJ,1,mixed
0.0970873786407767,unchanged,shorter,10,19,80185,DET,9,mixed
0.10679611650485436,unchanged,shorter,11,25,80185,NOUN,14,mixed
-0.02912621359223301,unchanged,shorter,-3,0,80185,NUM,3,mixed
0.019417475728155338,unchanged,shorter,2,2,80185,PART,0,mixed
0.038834951456310676,unchanged,shorter,4,5,80185,PRON,1,mixed
0.038834951456310676,unchanged,shorter,4,5,80185,SCONJ,1,mixed
0.07766990291262135,unchanged,shorter,8,17,80185,VERB,9,mixed
0.07291666666666667,unchanged,shorter,7,7,120357,ADJ,0,unresolved
0.052083333333333336,unchanged,shorter,5,7,120357,ADP,2,unresolved
0.010416666666666666,unchanged,shorter,1,2,120357,ADV,1,unresolved
0.07291666666666667,unchanged,shorter,7,8,120357,AUX,1,unresolved
0.07291666666666667,unchanged,shorter,7,7,120357,CCONJ,0,unresolved
0.17708333333333334,unchanged,shorter,17,19,120357,DET,2,unresolved
0.21875,unchanged,shorter,21,25,120357,NOUN,4,unresolved
0.03125,unchanged,shorter,3,3,120357,PART,0,unresolved
0.0625,unchanged,shorter,6,6,120357,PRON,0,unresolved
0.010416666666666666,unchanged,shorter,1,1,120357,SCONJ,0,unresolved
0.10416666666666667,unchanged,shorter,10,11,120357,VERB,1,unresolved
0.038461538461538464,unresolved,shorter,2,5,68418,ADJ,3,unresolved
0.038461538461538464,unresolved,shorter,2,7,68418,ADP,5,unresolved
-0.019230769230769232,unresolved,shorter,-1,0,68418,ADV,1,unresolved
0.0,unresolved,shorter,0,2,68418,AUX,2,unresolved
0.038461538461538464,unresolved,shorter,2,2,68418,CCONJ,0,unresolved
0.07692307692307693,unresolved,shorter,4,13,68418,DET,9,unresolved
0.09615384615384616,unresolved,shorter,5,15,68418,NOUN,10,unresolved
0.019230769230769232,unresolved,shorter,1,1,68418,PROPN,0,unresolved
0.019230769230769232,unresolved,shorter,1,1,68418,SCONJ,0,unresolved
0.07692307692307693,unresolved,shorter,4,6,68418,VERB,2,unresolved
0.12244897959183673,unresolved,shorter,12,13,561517,ADJ,1,unresolved
0.061224489795918366,unresolved,shorter,6,13,561517,ADP,7,unresolved
0.0,unresolved,shorter,0,1,561517,ADV,1,unresolved
0.05102040816326531,unresolved,shorter,5,5,561517,AUX,0,unresolved
-0.01020408163265306,unresolved,shorter,-1,4,561517,CCONJ,5,unresolved
0.14285714285714285,unresolved,shorter,14,20,561517,DET,6,unresolved
0.12244897959183673,unresolved,shorter,12,26,561517,NOUN,14,unresolved
0.0,unresolved,shorter,0,2,561517,NUM,2,unresolved
0.01020408163265306,unresolved,shorter,1,1,561517,PART,0,unresolved
-0.02040816326530612,unresolved,shorter,-2,2,561517,PRON,4,unresolved
0.08163265306122448,unresolved,shorter,8,11,561517,VERB,3,unresolved
0.07894736842105263,gained,shorter,9,12,543118,ADJ,3,lost
0.06140350877192982,gained,shorter,7,14,543118,ADP,7,lost
-0.017543859649122806,gained,shorter,-2,1,543118,ADV,3,lost
0.0,gained,shorter,0,3,543118,AUX,3,lost
0.017543859649122806,gained,shorter,2,4,543118,CCONJ,2,lost
0.12280701754385964,gained,shorter,14,21,543118,DET,7,lost
0.18421052631578946,gained,shorter,21,33,543118,NOUN,12,lost
0.008771929824561403,gained,shorter,1,1,543118,NUM,0,lost
0.02631578947368421,gained,shorter,3,3,543118,PART,0,lost
-0.008771929824561403,gained,shorter,-1,4,543118,PRON,5,lost
0.008771929824561403,gained,shorter,1,1,543118,SCONJ,0,lost
0.08771929824561403,gained,shorter,10,17,543118,VERB,7,lost
0.05194805194805195,mixed,shorter,4,9,120806,ADJ,5,mixed
0.03896103896103896,mixed,shorter,3,11,120806,ADP,8,mixed
0.0,mixed,shorter,0,2,120806,ADV,2,mixed
-0.012987012987012988,mixed,shorter,-1,2,120806,AUX,3,mixed
0.05194805194805195,mixed,shorter,4,4,120806,CCONJ,0,mixed
0.03896103896103896,mixed,shorter,3,17,120806,DET,14,mixed
0.06493506493506493,mixed,shorter,5,19,120806,NOUN,14,mixed
-0.03896103896103896,mixed,shorter,-3,0,120806,NUM,3,mixed
0.012987012987012988,mixed,shorter,1,1,120806,PART,0,mixed
0.012987012987012988,mixed,shorter,1,2,120806,PRON,1,mixed
-0.012987012987012988,mixed,shorter,-1,0,120806,SCONJ,1,mixed
0.03896103896103896,mixed,shorter,3,10,120806,VERB,7,mixed
0.015151515151515152,unresolved,shorter,1,4,136140,ADJ,3,mixed
0.10606060606060606,unresolved,shorter,7,8,136140,ADP,1,mixed
0.030303030303030304,unresolved,shorter,2,2,136140,ADV,0,mixed
0.0,unresolved,shorter,0,3,136140,AUX,3,mixed
-0.015151515151515152,unresolved,shorter,-1,1,136140,CCONJ,2,mixed
0.12121212121212122,unresolved,shorter,8,14,136140,DET,6,mixed
0.13636363636363635,unresolved,shorter,9,19,136140,NOUN,10,mixed
0.015151515151515152,unresolved,shorter,1,2,136140,PART,1,mixed
0.030303030303030304,unresolved,shorter,2,3,136140,PRON,1,mixed
0.09090909090909091,unresolved,shorter,6,10,136140,VERB,4,mixed
0.041666666666666664,unchanged,shorter,4,4,196989,ADJ,0,mixed
0.052083333333333336,unchanged,shorter,5,12,196989,ADP,7,mixed
0.020833333333333332,unchanged,shorter,2,3,196989,ADV,1,mixed
0.010416666666666666,unchanged,shorter,1,4,196989,AUX,3,mixed
0.041666666666666664,unchanged,shorter,4,5,196989,CCONJ,1,mixed
0.125,unchanged,shorter,12,20,196989,DET,8,mixed
0.13541666666666666,unchanged,shorter,13,26,196989,NOUN,13,mixed
0.0,unchanged,shorter,0,3,196989,NUM,3,mixed
0.010416666666666666,unchanged,shorter,1,2,196989,PART,1,mixed
-0.010416666666666666,unchanged,shorter,-1,3,196989,PRON,4,mixed
0.07291666666666667,unchanged,shorter,7,14,196989,VERB,7,mixed
0.028037383177570093,gained,shorter,3,9,85674,ADJ,6,mixed
0.037383177570093455,gained,shorter,4,11,85674,ADP,7,mixed
0.018691588785046728,gained,shorter,2,3,85674,ADV,1,mixed
0.028037383177570093,gained,shorter,3,9,85674,AUX,6,mixed
0.037383177570093455,gained,shorter,4,7,85674,CCONJ,3,mixed
0.04672897196261682,gained,shorter,5,15,85674,DET,10,mixed
0.06542056074766354,gained,shorter,7,28,85674,NOUN,21,mixed
0.018691588785046728,gained,shorter,2,2,85674,PART,0,mixed
0.009345794392523364,gained,shorter,1,4,85674,PRON,3,mixed
0.0,gained,shorter,0,1,85674,SCONJ,1,mixed
0.08411214953271028,gained,shorter,9,18,85674,VERB,9,mixed
0.056179775280898875,lost,shorter,5,8,433892,ADJ,3,mixed
0.0898876404494382,lost,shorter,8,13,433892,ADP,5,mixed
0.0,lost,shorter,0,1,433892,ADV,1,mixed
0.011235955056179775,lost,shorter,1,3,433892,AUX,2,mixed
0.011235955056179775,lost,shorter,1,3,433892,CCONJ,2,mixed
0.06741573033707865,lost,shorter,6,17,433892,DET,11,mixed
0.15730337078651685,lost,shorter,14,29,433892,NOUN,15,mixed
0.033707865168539325,lost,shorter,3,3,433892,PRON,0,mixed
0.0898876404494382,lost,shorter,8,12,433892,VERB,4,mixed
0.09333333333333334,unchanged,shorter,7,8,190015,ADJ,1,lost
-0.02666666666666667,unchanged,shorter,-2,13,190015,ADP,15,lost
0.013333333333333334,unchanged,shorter,1,1,190015,ADV,0,lost
0.013333333333333334,unchanged,shorter,1,3,190015,AUX,2,lost
0.04,unchanged,shorter,3,3,190015,CCONJ,0,lost
0.06666666666666667,unchanged,shorter,5,15,190015,DET,10,lost
0.09333333333333334,unchanged,shorter,7,23,190015,NOUN,16,lost
0.013333333333333334,unchanged,shorter,1,1,190015,PART,0,lost
-0.04,unchanged,shorter,-3,0,190015,PRON,3,lost
0.013333333333333334,unchanged,shorter,1,8,190015,VERB,7,lost
0.041666666666666664,gained,shorter,4,5,419558,ADJ,1,mixed
0.0625,gained,shorter,6,11,419558,ADP,5,mixed
0.020833333333333332,gained,shorter,2,2,419558,ADV,0,mixed
0.0,gained,shorter,0,3,419558,AUX,3,mixed
0.041666666666666664,gained,shorter,4,5,419558,CCONJ,1,mixed
0.10416666666666667,gained,shorter,10,19,419558,DET,9,mixed
0.17708333333333334,gained,shorter,17,28,419558,NOUN,11,mixed
0.010416666666666666,gained,shorter,1,1,419558,PART,0,mixed
0.0625,gained,shorter,6,7,419558,PRON,1,mixed
0.11458333333333333,gained,shorter,11,15,419558,VERB,4,mixed
-0.011764705882352941,mixed,shorter,-1,3,70471,ADJ,4,unresolved
0.07058823529411765,mixed,shorter,6,12,70471,ADP,6,unresolved
0.047058823529411764,mixed,shorter,4,4,70471,ADV,0,unresolved
0.023529411764705882,mixed,shorter,2,4,70471,AUX,2,unresolved
0.0,mixed,shorter,0,2,70471,CCONJ,2,unresolved
0.03529411764705882,mixed,shorter,3,15,70471,DET,12,unresolved
0.047058823529411764,mixed,shorter,4,20,70471,NOUN,16,unresolved
0.011764705882352941,mixed,shorter,1,1,70471,PART,0,unresolved
0.07058823529411765,mixed,shorter,6,8,70471,PRON,2,unresolved
0.0,mixed,shorter,0,1,70471,SCONJ,1,unresolved
0.10588235294117647,mixed,shorter,9,15,70471,VERB,6,unresolved
0.05309734513274336,unresolved,shorter,6,13,569801,ADJ,7,unresolved
0.10619469026548672,unresolved,shorter,12,13,569801,ADP,1,unresolved
0.0,unresolved,shorter,0,4,569801,ADV,4,unresolved
0.008849557522123894,unresolved,shorter,1,5,569801,AUX,4,unresolved
0.017699115044247787,unresolved,shorter,2,7,569801,CCONJ,5,unresolved
0.1504424778761062,unresolved,shorter,17,23,569801,DET,6,unresolved
0.21238938053097345,unresolved,shorter,24,32,569801,NOUN,8,unresolved
0.017699115044247787,unresolved,shorter,2,2,569801,NUM,0,unresolved
0.008849557522123894,unresolved,shorter,1,1,569801,PRON,0,unresolved
0.08849557522123894,unresolved,shorter,10,13,569801,VERB,3,unresolved
0.037383177570093455,lost,shorter,4,6,86250,ADJ,2,mixed
0.08411214953271028,lost,shorter,9,13,86250,ADP,4,mixed
0.037383177570093455,lost,shorter,4,4,86250,ADV,0,mixed
0.037383177570093455,lost,shorter,4,7,86250,AUX,3,mixed
0.037383177570093455,lost,shorter,4,6,86250,CCONJ,2,mixed
0.12149532710280374,lost,shorter,13,20,86250,DET,7,mixed
0.19626168224299065,lost,shorter,21,30,86250,NOUN,9,mixed
0.009345794392523364,lost,shorter,1,1,86250,PART,0,mixed
0.009345794392523364,lost,shorter,1,3,86250,PRON,2,mixed
0.1308411214953271,lost,shorter,14,17,86250,VERB,3,mixed
0.125,lost,shorter,16,21,552221,ADJ,5,mixed
0.09375,lost,shorter,12,18,552221,ADP,6,mixed
0.015625,lost,shorter,2,3,552221,ADV,1,mixed
0.015625,lost,shorter,2,5,552221,AUX,3,mixed
0.0,lost,shorter,0,4,552221,CCONJ,4,mixed
0.109375,lost,shorter,14,25,552221,DET,11,mixed
0.125,lost,shorter,16,29,552221,NOUN,13,mixed
0.03125,lost,shorter,4,4,552221,NUM,0,mixed
0.0,lost,shorter,0,1,552221,PART,1,mixed
0.0078125,lost,shorter,1,4,552221,PRON,3,mixed
0.0703125,lost,shorter,9,14,552221,VERB,5,mixed
0.08955223880597014,unresolved,shorter,6,7,118839,ADJ,1,mixed
0.04477611940298507,unresolved,shorter,3,6,118839,ADP,3,mixed
0.014925373134328358,unresolved,shorter,1,1,118839,ADV,0,mixed
0.014925373134328358,unresolved,shorter,1,3,118839,AUX,2,mixed
0.029850746268656716,unresolved,shorter,2,4,118839,CCONJ,2,mixed
0.1044776119402985,unresolved,shorter,7,12,118839,DET,5,mixed
0.14925373134328357,unresolved,shorter,10,17,118839,NOUN,7,mixed
0.014925373134328358,unresolved,shorter,1,2,118839,PART,1,mixed
0.04477611940298507,unresolved,shorter,3,5,118839,PRON,2,mixed
0.04477611940298507,unresolved,shorter,3,10,118839,VERB,7,mixed
0.06956521739130435,unchanged,shorter,8,13,303499,ADJ,5,unresolved
0.08695652173913043,unchanged,shorter,10,15,303499,ADP,5,unresolved
0.05217391304347826,unchanged,shorter,6,6,303499,ADV,0,unresolved
0.008695652173913044,unchanged,shorter,1,5,303499,AUX,4,unresolved
0.05217391304347826,unchanged,shorter,6,7,303499,CCONJ,1,unresolved
0.08695652173913043,unchanged,shorter,10,19,303499,DET,9,unresolved
0.14782608695652175,unchanged,shorter,17,30,303499,NOUN,13,unresolved
0.008695652173913044,unchanged,shorter,1,3,303499,NUM,2,unresolved
0.008695652173913044,unchanged,shorter,1,1,303499,PART,0,unresolved
0.043478260869565216,unchanged,shorter,5,5,303499,PRON,0,unresolved
0.06086956521739131,unchanged,shorter,7,11,303499,VERB,4,unresolved
0.02857142857142857,unchanged,shorter,2,6,471483,ADJ,4,mixed
0.0,unchanged,shorter,0,7,471483,ADP,7,mixed
0.02857142857142857,unchanged,shorter,2,2,471483,ADV,0,mixed
-0.014285714285714285,unchanged,shorter,-1,3,471483,AUX,4,mixed
0.02857142857142857,unchanged,shorter,2,4,471483,CCONJ,2,mixed
0.08571428571428572,unchanged,shorter,6,16,471483,DET,10,mixed
0.1,unchanged,shorter,7,19,471483,NOUN,12,mixed
0.02857142857142857,unchanged,shorter,2,2,471483,PART,0,mixed
-0.02857142857142857,unchanged,shorter,-2,2,471483,PRON,4,mixed
0.04285714285714286,unchanged,shorter,3,9,471483,VERB,6,mixed
0.020833333333333332,mixed,shorter,2,4,545353,ADJ,2,lost
0.052083333333333336,mixed,shorter,5,12,545353,ADP,7,lost
0.03125,mixed,shorter,3,4,545353,ADV,1,lost
0.020833333333333332,mixed,shorter,2,6,545353,AUX,4,lost
0.020833333333333332,mixed,shorter,2,4,545353,CCONJ,2,lost
0.0625,mixed,shorter,6,18,545353,DET,12,lost
0.125,mixed,shorter,12,26,545353,NOUN,14,lost
0.010416666666666666,mixed,shorter,1,1,545353,PART,0,lost
0.020833333333333332,mixed,shorter,2,4,545353,PRON,2,lost
0.125,mixed,shorter,12,17,545353,VERB,5,lost
0.0,unresolved,shorter,0,3,55857,ADJ,3,unresolved
0.04225352112676056,unresolved,shorter,3,7,55857,ADP,4,unresolved
0.0,unresolved,shorter,0,1,55857,ADV,1,unresolved
-0.014084507042253521,unresolved,shorter,-1,2,55857,AUX,3,unresolved
0.028169014084507043,unresolved,shorter,2,3,55857,CCONJ,1,unresolved
0.08450704225352113,unresolved,shorter,6,13,55857,DET,7,unresolved
0.15492957746478872,unresolved,shorter,11,23,55857,NOUN,12,unresolved
0.056338028169014086,unresolved,shorter,4,4,55857,PART,0,unresolved
0.04225352112676056,unresolved,shorter,3,5,55857,PRON,2,unresolved
0.014084507042253521,unresolved,shorter,1,1,55857,SCONJ,0,unresolved
0.07042253521126761,unresolved,shorter,5,9,55857,VERB,4,unresolved
0.09230769230769231,unresolved,shorter,6,6,150098,ADJ,0,lost
0.13846153846153847,unresolved,shorter,9,11,150098,ADP,2,lost
0.03076923076923077,unresolved,shorter,2,3,150098,AUX,1,lost
0.015384615384615385,unresolved,shorter,1,1,150098,CCONJ,0,lost
0.2,unresolved,shorter,13,15,150098,DET,2,lost
0.23076923076923078,unresolved,shorter,15,18,150098,NOUN,3,lost
0.03076923076923077,unresolved,shorter,2,2,150098,PRON,0,lost
0.015384615384615385,unresolved,shorter,1,1,150098,SCONJ,0,lost
0.1076923076923077,unresolved,shorter,7,8,150098,VERB,1,lost
0.043478260869565216,unresolved,shorter,4,5,183970,ADJ,1,unresolved
0.10869565217391304,unresolved,shorter,10,13,183970,ADP,3,unresolved
0.010869565217391304,unresolved,shorter,1,1,183970,ADV,0,unresolved
0.021739130434782608,unresolved,shorter,2,5,183970,AUX,3,unresolved
0.010869565217391304,unresolved,shorter,1,2,183970,CCONJ,1,unresolved
0.16304347826086957,unresolved,shorter,15,20,183970,DET,5,unresolved
0.1956521739130435,unresolved,shorter,18,26,183970,NOUN,8,unresolved
0.010869565217391304,unresolved,shorter,1,1,183970,PART,0,unresolved
0.043478260869565216,unresolved,shorter,4,6,183970,PRON,2,unresolved
0.010869565217391304,unresolved,shorter,1,1,183970,SCONJ,0,unresolved
0.09782608695652174,unresolved,shorter,9,12,183970,VERB,3,unresolved
0.015384615384615385,unresolved,shorter,1,6,32909,ADJ,5,lost
-0.015384615384615385,unresolved,shorter,-1,7,32909,ADP,8,lost
0.015384615384615385,unresolved,shorter,1,2,32909,ADV,1,lost
0.0,unresolved,shorter,0,4,32909,AUX,4,lost
0.06153846153846154,unresolved,shorter,4,5,32909,CCONJ,1,lost
0.09230769230769231,unresolved,shorter,6,13,32909,DET,7,lost
0.09230769230769231,unresolved,shorter,6,19,32909,NOUN,13,lost
-0.015384615384615385,unresolved,shorter,-1,0,32909,NUM,1,lost
-0.015384615384615385,unresolved,shorter,-1,0,32909,PART,1,lost
-0.07692307692307693,unresolved,shorter,-5,0,32909,PRON,5,lost
-0.015384615384615385,unresolved,shorter,-1,0,32909,SCONJ,1,lost
0.07692307692307693,unresolved,shorter,5,9,32909,VERB,4,lost
-0.012987012987012988,unresolved,shorter,-1,5,21046,ADJ,6,unresolved
0.0,unresolved,shorter,0,10,21046,ADP,10,unresolved
0.012987012987012988,unresolved,shorter,1,1,21046,ADV,0,unresolved
0.012987012987012988,unresolved,shorter,1,5,21046,AUX,4,unresolved
-0.03896103896103896,unresolved,shorter,-3,2,21046,CCONJ,5,unresolved
0.012987012987012988,unresolved,shorter,1,16,21046,DET,15,unresolved
-0.012987012987012988,unresolved,shorter,-1,19,21046,NOUN,20,unresolved
0.012987012987012988,unresolved,shorter,1,1,21046,PART,0,unresolved
0.05194805194805195,unresolved,shorter,4,4,21046,PRON,0,unresolved
0.025974025974025976,unresolved,shorter,2,2,21046,SCONJ,0,unresolved
0.12987012987012986,unresolved,shorter,10,12,21046,VERB,2,unresolved
0.0375,lost,shorter,3,5,195269,ADJ,2,mixed
0.025,lost,shorter,2,6,195269,ADP,4,mixed
0.025,lost,shorter,2,3,195269,ADV,1,mixed
0.0,lost,shorter,0,4,195269,AUX,4,mixed
0.05,lost,shorter,4,5,195269,CCONJ,1,mixed
0.0875,lost,shorter,7,17,195269,DET,10,mixed
0.075,lost,shorter,6,23,195269,NOUN,17,mixed
-0.0375,lost,shorter,-3,0,195269,NUM,3,mixed
0.0125,lost,shorter,1,1,195269,PART,0,mixed
-0.0375,lost,shorter,-3,1,195269,PRON,4,mixed
0.0,lost,shorter,0,2,195269,SCONJ,2,mixed
0.0625,lost,shorter,5,13,195269,VERB,8,mixed
0.045454545454545456,gained,shorter,3,7,513037,ADJ,4,unresolved
0.07575757575757576,gained,shorter,5,10,513037,ADP,5,unresolved
-0.015151515151515152,gained,shorter,-1,2,513037,AUX,3,unresolved
-0.015151515151515152,gained,shorter,-1,3,513037,CCONJ,4,unresolved
0.07575757575757576,gained,shorter,5,14,513037,DET,9,unresolved
0.12121212121212122,gained,shorter,8,19,513037,NOUN,11,unresolved
0.015151515151515152,gained,shorter,1,1,513037,NUM,0,unresolved
-0.015151515151515152,gained,shorter,-1,1,513037,PRON,2,unresolved
0.07575757575757576,gained,shorter,5,9,513037,VERB,4,unresolved
0.016666666666666666,unresolved,shorter,1,4,431364,ADJ,3,mixed
0.016666666666666666,unresolved,shorter,1,5,431364,ADP,4,mixed
0.0,unresolved,shorter,0,1,431364,ADV,1,mixed
0.0,unresolved,shorter,0,4,431364,AUX,4,mixed
-0.05,unresolved,shorter,-3,1,431364,CCONJ,4,mixed
0.0,unresolved,shorter,0,11,431364,DET,11,mixed
0.0,unresolved,shorter,0,13,431364,NOUN,13,mixed
0.03333333333333333,unresolved,shorter,2,2,431364,PART,0,mixed
0.06666666666666667,unresolved,shorter,4,6,431364,PRON,2,mixed
0.03333333333333333,unresolved,shorter,2,2,431364,SCONJ,0,mixed
0.08333333333333333,unresolved,shorter,5,11,431364,VERB,6,mixed
0.09210526315789473,lost,shorter,7,10,121876,ADJ,3,mixed
0.039473684210526314,lost,shorter,3,9,121876,ADP,6,mixed
0.02631578947368421,lost,shorter,2,2,121876,ADV,0,mixed
0.02631578947368421,lost,shorter,2,4,121876,AUX,2,mixed
0.02631578947368421,lost,shorter,2,2,121876,CCONJ,0,mixed
0.11842105263157894,lost,shorter,9,14,121876,DET,5,mixed
0.14473684210526316,lost,shorter,11,19,121876,NOUN,8,mixed
0.039473684210526314,lost,shorter,3,3,121876,PART,0,mixed
0.039473684210526314,lost,shorter,3,5,121876,PRON,2,mixed
0.0,lost,shorter,0,1,121876,SCONJ,1,mixed
0.06578947368421052,lost,shorter,5,7,121876,VERB,2,mixed
0.017094017094017096,mixed,shorter,2,10,256220,ADJ,8,lost
0.11965811965811966,mixed,shorter,14,18,256220,ADP,4,lost
0.03418803418803419,mixed,shorter,4,6,256220,ADV,2,lost
0.02564102564102564,mixed,shorter,3,5,256220,AUX,2,lost
0.017094017094017096,mixed,shorter,2,5,256220,CCONJ,3,lost
0.13675213675213677,mixed,shorter,16,22,256220,DET,6,lost
0.1794871794871795,mixed,shorter,21,37,256220,NOUN,16,lost
0.008547008547008548,mixed,shorter,1,2,256220,PRON,1,lost
0.05128205128205128,mixed,shorter,6,12,256220,VERB,6,lost
0.043010752688172046,unresolved,shorter,4,10,274612,ADJ,6,mixed
0.06451612903225806,unresolved,shorter,6,14,274612,ADP,8,mixed
0.010752688172043012,unresolved,shorter,1,5,274612,ADV,4,mixed
0.021505376344086023,unresolved,shorter,2,4,274612,AUX,2,mixed
0.043010752688172046,unresolved,shorter,4,6,274612,CCONJ,2,mixed
0.053763440860215055,unresolved,shorter,5,15,274612,DET,10,mixed
0.07526881720430108,unresolved,shorter,7,22,274612,NOUN,15,mixed
-0.010752688172043012,unresolved,shorter,-1,1,274612,NUM,2,mixed
0.0,unresolved,shorter,0,1,274612,PART,1,mixed
0.021505376344086023,unresolved,shorter,2,5,274612,PRON,3,mixed
-0.010752688172043012,unresolved,shorter,-1,0,274612,SCONJ,1,mixed
0.0,unresolved,shorter,0,10,274612,VERB,10,mixed
0.0,unresolved,shorter,0,4,43324,ADJ,4,unresolved
0.05747126436781609,unresolved,shorter,5,10,43324,ADP,5,unresolved
0.04597701149425287,unresolved,shorter,4,4,43324,ADV,0,unresolved
0.034482758620689655,unresolved,shorter,3,4,43324,AUX,1,unresolved
0.04597701149425287,unresolved,shorter,4,4,43324,CCONJ,0,unresolved
0.11494252873563218,unresolved,shorter,10,17,43324,DET,7,unresolved
0.19540229885057472,unresolved,shorter,17,24,43324,NOUN,7,unresolved
0.022988505747126436,unresolved,shorter,2,2,43324,NUM,0,unresolved
0.011494252873563218,unresolved,shorter,1,1,43324,PART,0,unresolved
0.022988505747126436,unresolved,shorter,2,4,43324,PRON,2,unresolved
0.011494252873563218,unresolved,shorter,1,1,43324,SCONJ,0,unresolved
0.08045977011494253,unresolved,shorter,7,12,43324,VERB,5,unresolved
0.041237113402061855,unresolved,shorter,4,9,82465,ADJ,5,mixed
0.061855670103092786,unresolved,shorter,6,15,82465,ADP,9,mixed
0.020618556701030927,unresolved,shorter,2,4,82465,ADV,2,mixed
0.030927835051546393,unresolved,shorter,3,3,82465,AUX,0,mixed
0.041237113402061855,unresolved,shorter,4,7,82465,CCONJ,3,mixed
0.041237113402061855,unresolved,shorter,4,16,82465,DET,12,mixed
0.08247422680412371,unresolved,shorter,8,26,82465,NOUN,18,mixed
-0.030927835051546393,unresolved,shorter,-3,0,82465,NUM,3,mixed
0.041237113402061855,unresolved,shorter,4,7,82465,PRON,3,mixed
0.05154639175257732,unresolved,shorter,5,10,82465,VERB,5,mixed
0.07446808510638298,unresolved,shorter,7,10,75806,ADJ,3,lost
-0.02127659574468085,unresolved,shorter,-2,10,75806,ADP,12,lost
0.031914893617021274,unresolved,shorter,3,4,75806,ADV,1,lost
0.02127659574468085,unresolved,shorter,2,5,75806,AUX,3,lost
0.010638297872340425,unresolved,shorter,1,3,75806,CCONJ,2,lost
0.02127659574468085,unresolved,shorter,2,14,75806,DET,12,lost
0.05319148936170213,unresolved,shorter,5,25,75806,NOUN,20,lost
0.0,unresolved,shorter,0,1,75806,NUM,1,lost
0.010638297872340425,unresolved,shorter,1,1,75806,PART,0,lost
0.0,unresolved,shorter,0,3,75806,PRON,3,lost
0.031914893617021274,unresolved,shorter,3,3,75806,SCONJ,0,lost
0.0851063829787234,unresolved,shorter,8,15,75806,VERB,7,lost
0.013157894736842105,unchanged,shorter,1,4,89296,ADJ,3,mixed
0.09210526315789473,unchanged,shorter,7,9,89296,ADP,2,mixed
0.039473684210526314,unchanged,shorter,3,3,89296,ADV,0,mixed
0.0,unchanged,shorter,0,1,89296,AUX,1,mixed
0.039473684210526314,unchanged,shorter,3,4,89296,CCONJ,1,mixed
0.10526315789473684,unchanged,shorter,8,15,89296,DET,7,mixed
0.17105263157894737,unchanged,shorter,13,24,89296,NOUN,11,mixed
0.0,unchanged,shorter,0,1,89296,PART,1,mixed
0.039473684210526314,unchanged,shorter,3,4,89296,PRON,1,mixed
0.013157894736842105,unchanged,shorter,1,1,89296,SCONJ,0,mixed
0.07894736842105263,unchanged,shorter,6,10,89296,VERB,4,mixed
0.009708737864077669,lost,shorter,1,5,449039,ADJ,4,mixed
0.07766990291262135,lost,shorter,8,14,449039,ADP,6,mixed
0.009708737864077669,lost,shorter,1,1,449039,ADV,0,mixed
0.038834951456310676,lost,shorter,4,7,449039,AUX,3,mixed
0.038834951456310676,lost,shorter,4,5,449039,CCONJ,1,mixed
0.08737864077669903,lost,shorter,9,23,449039,DET,14,mixed
0.14563106796116504,lost,shorter,15,29,449039,NOUN,14,mixed
0.019417475728155338,lost,shorter,2,2,449039,NUM,0,mixed
0.009708737864077669,lost,shorter,1,1,449039,PART,0,mixed
0.038834951456310676,lost,shorter,4,4,449039,PRON,0,mixed
0.05825242718446602,lost,shorter,6,12,449039,VERB,6,mixed
0.020833333333333332,lost,shorter,2,7,527219,ADJ,5,unchanged
0.041666666666666664,lost,shorter,4,12,527219,ADP,8,unchanged
0.020833333333333332,lost,shorter,2,3,527219,ADV,1,unchanged
0.052083333333333336,lost,shorter,5,6,527219,AUX,1,unchanged
0.020833333333333332,lost,shorter,2,4,527219,CCONJ,2,unchanged
0.11458333333333333,lost,shorter,11,21,527219,DET,10,unchanged
0.16666666666666666,lost,shorter,16,31,527219,NOUN,15,unchanged
0.0,lost,shorter,0,2,527219,PRON,2,unchanged
0.07291666666666667,lost,shorter,7,10,527219,VERB,3,unchanged
0.02247191011235955,unresolved,shorter,2,4,45094,ADJ,2,mixed
0.06741573033707865,unresolved,shorter,6,10,45094,ADP,4,mixed
0.0449438202247191,unresolved,shorter,4,4,45094,ADV,0,mixed
0.02247191011235955,unresolved,shorter,2,6,45094,AUX,4,mixed
0.011235955056179775,unresolved,shorter,1,3,45094,CCONJ,2,mixed
0.10112359550561797,unresolved,shorter,9,16,45094,DET,7,mixed
0.1797752808988764,unresolved,shorter,16,26,45094,NOUN,10,mixed
-0.011235955056179775,unresolved,shorter,-1,0,45094,PART,1,mixed
0.011235955056179775,unresolved,shorter,1,4,45094,PRON,3,mixed
0.011235955056179775,unresolved,shorter,1,1,45094,SCONJ,0,mixed
0.11235955056179775,unresolved,shorter,10,15,45094,VERB,5,mixed
0.01818181818181818,lost,shorter,2,4,113246,ADJ,2,unresolved
0.03636363636363636,lost,shorter,4,8,113246,ADP,4,unresolved
0.01818181818181818,lost,shorter,2,2,113246,ADV,0,unresolved
0.02727272727272727,lost,shorter,3,8,113246,AUX,5,unresolved
0.02727272727272727,lost,shorter,3,6,113246,CCONJ,3,unresolved
0.08181818181818182,lost,shorter,9,21,113246,DET,12,unresolved
0.1,lost,shorter,11,28,113246,NOUN,17,unresolved
0.00909090909090909,lost,shorter,1,3,113246,NUM,2,unresolved
0.00909090909090909,lost,shorter,1,2,113246,PART,1,unresolved
0.03636363636363636,lost,shorter,4,5,113246,PRON,1,unresolved
0.00909090909090909,lost,shorter,1,1,113246,PROPN,0,unresolved
0.01818181818181818,lost,shorter,2,3,113246,SCONJ,1,unresolved
0.1,lost,shorter,11,19,113246,VERB,8,unresolved
0.03636363636363636,lost,shorter,4,5,389308,ADJ,1,unresolved
0.15454545454545454,lost,shorter,17,18,389308,ADP,1,unresolved
0.01818181818181818,lost,shorter,2,2,389308,ADV,0,unresolved
0.00909090909090909,lost,shorter,1,2,389308,AUX,1,unresolved
0.02727272727272727,lost,shorter,3,4,389308,CCONJ,1,unresolved
0.2,lost,shorter,22,24,389308,DET,2,unresolved
0.22727272727272727,lost,shorter,25,28,389308,NOUN,3,unresolved
0.01818181818181818,lost,shorter,2,2,389308,NUM,0,unresolved
0.03636363636363636,lost,shorter,4,4,389308,PRON,0,unresolved
0.09090909090909091,lost,shorter,10,10,389308,PROPN,0,unresolved
0.00909090909090909,lost,shorter,1,1,389308,SCONJ,0,unresolved
0.09090909090909091,lost,shorter,10,10,389308,VERB,0,unresolved
0.06944444444444445,unresolved,shorter,5,6,261115,ADJ,1,unresolved
0.041666666666666664,unresolved,shorter,3,10,261115,ADP,7,unresolved
0.013888888888888888,unresolved,shorter,1,1,261115,ADV,0,unresolved
0.0,unresolved,shorter,0,3,261115,AUX,3,unresolved
0.0,unresolved,shorter,0,3,261115,CCONJ,3,unresolved
0.041666666666666664,unresolved,shorter,3,16,261115,DET,13,unresolved
0.08333333333333333,unresolved,shorter,6,20,261115,NOUN,14,unresolved
0.027777777777777776,unresolved,shorter,2,2,261115,PART,0,unresolved
0.027777777777777776,unresolved,shorter,2,2,261115,PRON,0,unresolved
0.013888888888888888,unresolved,shorter,1,1,261115,SCONJ,0,unresolved
0.06944444444444445,unresolved,shorter,5,8,261115,VERB,3,unresolved
-0.011494252873563218,lost,shorter,-1,4,253489,ADJ,5,mixed
0.08045977011494253,lost,shorter,7,14,253489,ADP,7,mixed
-0.011494252873563218,lost,shorter,-1,0,253489,ADV,1,mixed
0.0,lost,shorter,0,2,253489,AUX,2,mixed
0.034482758620689655,lost,shorter,3,5,253489,CCONJ,2,mixed
0.11494252873563218,lost,shorter,10,20,253489,DET,10,mixed
0.14942528735632185,lost,shorter,13,29,253489,NOUN,16,mixed
0.011494252873563218,lost,shorter,1,3,253489,PRON,2,mixed
0.06896551724137931,lost,shorter,6,10,253489,VERB,4,mixed
0.024390243902439025,unchanged,shorter,2,4,45367,ADJ,2,mixed
0.04878048780487805,unchanged,shorter,4,7,45367,ADP,3,mixed
0.024390243902439025,unchanged,shorter,2,2,45367,ADV,0,mixed
-0.012195121951219513,unchanged,shorter,-1,3,45367,AUX,4,mixed
0.04878048780487805,unchanged,shorter,4,5,45367,CCONJ,1,mixed
0.13414634146341464,unchanged,shorter,11,16,45367,DET,5,mixed
0.1951219512195122,unchanged,shorter,16,24,45367,NOUN,8,mixed
0.012195121951219513,unchanged,shorter,1,1,45367,PART,0,mixed
0.024390243902439025,unchanged,shorter,2,6,45367,PRON,4,mixed
0.024390243902439025,unchanged,shorter,2,2,45367,SCONJ,0,mixed
0.0975609756097561,unchanged,shorter,8,12,45367,VERB,4,mixed
0.041237113402061855,lost,shorter,4,7,46912,ADJ,3,unresolved
0.08247422680412371,lost,shorter,8,17,46912,ADP,9,unresolved
-0.030927835051546393,lost,shorter,-3,2,46912,AUX,5,unresolved
0.030927835051546393,lost,shorter,3,5,46912,CCONJ,2,unresolved
0.10309278350515463,lost,shorter,10,20,46912,DET,10,unresolved
0.15463917525773196,lost,shorter,15,29,46912,NOUN,14,unresolved
0.020618556701030927,lost,shorter,2,2,46912,NUM,0,unresolved
-0.010309278350515464,lost,shorter,-1,0,46912,PART,1,unresolved
0.0,lost,shorter,0,4,46912,PRON,4,unresolved
0.0,lost,shorter,0,1,46912,SCONJ,1,unresolved
0.041237113402061855,lost,shorter,4,10,46912,VERB,6,unresolved
0.02040816326530612,unresolved,shorter,1,2,94760,ADJ,1,gained
0.0,unresolved,shorter,0,8,94760,ADP,8,gained
0.0,unresolved,shorter,0,1,94760,ADV,1,gained
-0.02040816326530612,unresolved,shorter,-1,2,94760,AUX,3,gained
0.0,unresolved,shorter,0,1,94760,CCONJ,1,gained
0.08163265306122448,unresolved,shorter,4,11,94760,DET,7,gained
0.04081632653061224,unresolved,shorter,2,12,94760,NOUN,10,gained
0.02040816326530612,unresolved,shorter,1,1,94760,NUM,0,gained
0.04081632653061224,unresolved,shorter,2,2,94760,PART,0,gained
-0.10204081632653061,unresolved,shorter,-5,1,94760,PRON,6,gained
0.04081632653061224,unresolved,shorter,2,8,94760,VERB,6,gained
0.03636363636363636,unresolved,shorter,4,9,96755,ADJ,5,mixed
0.09090909090909091,unresolved,shorter,10,17,96755,ADP,7,mixed
0.00909090909090909,unresolved,shorter,1,2,96755,ADV,1,mixed
0.01818181818181818,unresolved,shorter,2,2,96755,AUX,0,mixed
0.0,unresolved,shorter,0,3,96755,CCONJ,3,mixed
0.14545454545454545,unresolved,shorter,16,23,96755,DET,7,mixed
0.19090909090909092,unresolved,shorter,21,35,96755,NOUN,14,mixed
0.01818181818181818,unresolved,shorter,2,4,96755,NUM,2,mixed
-0.00909090909090909,unresolved,shorter,-1,3,96755,PRON,4,mixed
0.00909090909090909,unresolved,shorter,1,1,96755,SCONJ,0,mixed
0.05454545454545454,unresolved,shorter,6,11,96755,VERB,5,mixed
0.03571428571428571,unresolved,shorter,3,9,221044,ADJ,6,mixed
0.047619047619047616,unresolved,shorter,4,10,221044,ADP,6,mixed
0.03571428571428571,unresolved,shorter,3,5,221044,ADV,2,mixed
0.0,unresolved,shorter,0,3,221044,AUX,3,mixed
0.047619047619047616,unresolved,shorter,4,5,221044,CCONJ,1,mixed
0.03571428571428571,unresolved,shorter,3,13,221044,DET,10,mixed
0.047619047619047616,unresolved,shorter,4,23,221044,NOUN,19,mixed
-0.011904761904761904,unresolved,shorter,-1,0,221044,NUM,1,mixed
0.011904761904761904,unresolved,shorter,1,1,221044,PART,0,mixed
0.0,unresolved,shorter,0,4,221044,PRON,4,mixed
-0.011904761904761904,unresolved,shorter,-1,0,221044,SCONJ,1,mixed
0.023809523809523808,unresolved,shorter,2,11,221044,VERB,9,mixed
0.06299212598425197,unresolved,shorter,8,11,482236,ADJ,3,mixed
0.07086614173228346,unresolved,shorter,9,15,482236,ADP,6,mixed
0.047244094488188976,unresolved,shorter,6,7,482236,ADV,1,mixed
-0.015748031496062992,unresolved,shorter,-2,2,482236,AUX,4,mixed
0.047244094488188976,unresolved,shorter,6,7,482236,CCONJ,1,mixed
0.11811023622047244,unresolved,shorter,15,21,482236,DET,6,mixed
0.14960629921259844,unresolved,shorter,19,35,482236,NOUN,16,mixed
0.007874015748031496,unresolved,shorter,1,2,482236,NUM,1,mixed
0.015748031496062992,unresolved,shorter,2,2,482236,PART,0,mixed
0.007874015748031496,unresolved,shorter,1,5,482236,PRON,4,mixed
0.023622047244094488,unresolved,shorter,3,3,482236,SCONJ,0,mixed
0.07086614173228346,unresolved,shorter,9,17,482236,VERB,8,mixed
0.14545454545454545,unresolved,shorter,8,8,48530,ADJ,0,unresolved
0.05454545454545454,unresolved,shorter,3,5,48530,ADP,2,unresolved
0.01818181818181818,unresolved,shorter,1,1,48530,ADV,0,unresolved
0.03636363636363636,unresolved,shorter,2,3,48530,AUX,1,unresolved
0.03636363636363636,unresolved,shorter,2,2,48530,CCONJ,0,unresolved
0.18181818181818182,unresolved,shorter,10,12,48530,DET,2,unresolved
0.21818181818181817,unresolved,shorter,12,14,48530,NOUN,2,unresolved
0.01818181818181818,unresolved,shorter,1,1,48530,PART,0,unresolved
0.01818181818181818,unresolved,shorter,1,1,48530,PRON,0,unresolved
0.12727272727272726,unresolved,shorter,7,8,48530,VERB,1,unresolved
0.038461538461538464,mixed,shorter,4,6,112437,ADJ,2,mixed
0.04807692307692308,mixed,shorter,5,10,112437,ADP,5,mixed
0.028846153846153848,mixed,shorter,3,3,112437,ADV,0,mixed
0.019230769230769232,mixed,shorter,2,5,112437,AUX,3,mixed
0.009615384615384616,mixed,shorter,1,4,112437,CCONJ,3,mixed
0.16346153846153846,mixed,shorter,17,23,112437,DET,6,mixed
0.17307692307692307,mixed,shorter,18,31,112437,NOUN,13,mixed
-0.009615384615384616,mixed,shorter,-1,1,112437,NUM,2,mixed
0.009615384615384616,mixed,shorter,1,2,112437,PART,1,mixed
0.0,mixed,shorter,0,2,112437,PRON,2,mixed
0.019230769230769232,mixed,shorter,2,2,112437,SCONJ,0,mixed
0.07692307692307693,mixed,shorter,8,15,112437,VERB,7,mixed
0.0392156862745098,mixed,shorter,4,6,255795,ADJ,2,unresolved
0.0784313725490196,mixed,shorter,8,14,255795,ADP,6,unresolved
0.0196078431372549,mixed,shorter,2,2,255795,ADV,0,unresolved
0.0196078431372549,mixed,shorter,2,4,255795,AUX,2,unresolved
0.0196078431372549,mixed,shorter,2,5,255795,CCONJ,3,unresolved
0.10784313725490197,mixed,shorter,11,22,255795,DET,11,unresolved
0.14705882352941177,mixed,shorter,15,29,255795,NOUN,14,unresolved
0.029411764705882353,mixed,shorter,3,3,255795,NUM,0,unresolved
0.00980392156862745,mixed,shorter,1,1,255795,PART,0,unresolved
0.0392156862745098,mixed,shorter,4,5,255795,PRON,1,unresolved
0.058823529411764705,mixed,shorter,6,11,255795,VERB,5,unresolved
0.0660377358490566,unresolved,shorter,7,16,511138,ADJ,9,unresolved
0.04716981132075472,unresolved,shorter,5,15,511138,ADP,10,unresolved
-0.009433962264150943,unresolved,shorter,-1,2,511138,ADV,3,unresolved
0.009433962264150943,unresolved,shorter,1,5,511138,AUX,4,unresolved
0.0,unresolved,shorter,0,3,511138,CCONJ,3,unresolved
0.08490566037735849,unresolved,shorter,9,24,511138,DET,15,unresolved
0.03773584905660377,unresolved,shorter,4,25,511138,NOUN,21,unresolved
0.018867924528301886,unresolved,shorter,2,3,511138,NUM,1,unresolved
0.0,unresolved,shorter,0,2,511138,PRON,2,unresolved
0.0,unresolved,shorter,0,1,511138,SCONJ,1,unresolved
0.02830188679245283,unresolved,shorter,3,10,511138,VERB,7,unresolved
0.039473684210526314,unresolved,shorter,3,7,548090,ADJ,4,unresolved
0.05263157894736842,unresolved,shorter,4,8,548090,ADP,4,unresolved
-0.013157894736842105,unresolved,shorter,-1,1,548090,ADV,2,unresolved
0.013157894736842105,unresolved,shorter,1,4,548090,AUX,3,unresolved
0.0,unresolved,shorter,0,1,548090,CCONJ,1,unresolved
0.06578947368421052,unresolved,shorter,5,13,548090,DET,8,unresolved
0.11842105263157894,unresolved,shorter,9,20,548090,NOUN,11,unresolved
0.013157894736842105,unresolved,shorter,1,1,548090,PART,0,unresolved
0.05263157894736842,unresolved,shorter,4,6,548090,PRON,2,unresolved
0.05263157894736842,unresolved,shorter,4,4,548090,SCONJ,0,unresolved
0.07894736842105263,unresolved,shorter,6,11,548090,VERB,5,unresolved
0.10294117647058823,unresolved,shorter,7,9,403907,ADJ,2,unresolved
0.029411764705882353,unresolved,shorter,2,8,403907,ADP,6,unresolved
-0.029411764705882353,unresolved,shorter,-2,2,403907,AUX,4,unresolved
0.014705882352941176,unresolved,shorter,1,3,403907,CCONJ,2,unresolved
0.10294117647058823,unresolved,shorter,7,15,403907,DET,8,unresolved
0.16176470588235295,unresolved,shorter,11,21,403907,NOUN,10,unresolved
-0.029411764705882353,unresolved,shorter,-2,0,403907,PRON,2,unresolved
0.07352941176470588,unresolved,shorter,5,10,403907,VERB,5,unresolved
0.0,unresolved,shorter,0,6,439180,ADJ,6,unresolved
0.0425531914893617,unresolved,shorter,4,14,439180,ADP,10,unresolved
0.010638297872340425,unresolved,shorter,1,2,439180,ADV,1,unresolved
0.02127659574468085,unresolved,shorter,2,5,439180,AUX,3,unresolved
0.010638297872340425,unresolved,shorter,1,5,439180,CCONJ,4,unresolved
0.07446808510638298,unresolved,shorter,7,17,439180,DET,10,unresolved
0.10638297872340426,unresolved,shorter,10,30,439180,NOUN,20,unresolved
-0.010638297872340425,unresolved,shorter,-1,0,439180,NUM,1,unresolved
0.010638297872340425,unresolved,shorter,1,1,439180,PART,0,unresolved
-0.031914893617021274,unresolved,shorter,-3,3,439180,PRON,6,unresolved
0.010638297872340425,unresolved,shorter,1,1,439180,SCONJ,0,unresolved
0.010638297872340425,unresolved,shorter,1,10,439180,VERB,9,unresolved
0.043478260869565216,gained,shorter,4,6,554582,ADJ,2,mixed
0.05434782608695652,gained,shorter,5,13,554582,ADP,8,mixed
0.010869565217391304,gained,shorter,1,3,554582,ADV,2,mixed
0.010869565217391304,gained,shorter,1,5,554582,AUX,4,mixed
0.010869565217391304,gained,shorter,1,3,554582,CCONJ,2,mixed
0.07608695652173914,gained,shorter,7,17,554582,DET,10,mixed
0.07608695652173914,gained,shorter,7,21,554582,NOUN,14,mixed
0.0,gained,shorter,0,3,554582,NUM,3,mixed
0.0,gained,shorter,0,1,554582,PART,1,mixed
0.010869565217391304,gained,shorter,1,7,554582,PRON,6,mixed
0.010869565217391304,gained,shorter,1,1,554582,SCONJ,0,mixed
0.05434782608695652,gained,shorter,5,12,554582,VERB,7,mixed
0.046153846153846156,lost,shorter,3,6,475150,ADJ,3,gained
0.03076923076923077,lost,shorter,2,7,475150,ADP,5,gained
0.03076923076923077,lost,shorter,2,2,475150,ADV,0,gained
-0.03076923076923077,lost,shorter,-2,2,475150,AUX,4,gained
0.0,lost,shorter,0,3,475150,CCONJ,3,gained
0.09230769230769231,lost,shorter,6,13,475150,DET,7,gained
0.1076923076923077,lost,shorter,7,18,475150,NOUN,11,gained
0.0,lost,shorter,0,1,475150,PART,1,gained
0.015384615384615385,lost,shorter,1,3,475150,PRON,2,gained
0.1076923076923077,lost,shorter,7,10,475150,VERB,3,gained
0.061224489795918366,lost,shorter,6,8,575946,ADJ,2,lost
0.14285714285714285,lost,shorter,14,14,575946,ADP,0,lost
0.01020408163265306,lost,shorter,1,1,575946,ADV,0,lost
0.05102040816326531,lost,shorter,5,6,575946,AUX,1,lost
0.030612244897959183,lost,shorter,3,4,575946,CCONJ,1,lost
0.19387755102040816,lost,shorter,19,20,575946,DET,1,lost
0.25510204081632654,lost,shorter,25,26,575946,NOUN,1,lost
0.02040816326530612,lost,shorter,2,2,575946,NUM,0,lost
0.01020408163265306,lost,shorter,1,1,575946,PART,0,lost
0.030612244897959183,lost,shorter,3,3,575946,PRON,0,lost
0.01020408163265306,lost,shorter,1,1,575946,SCONJ,0,lost
0.12244897959183673,lost,shorter,12,12,575946,VERB,0,lost
0.04878048780487805,unresolved,shorter,6,8,356500,ADJ,2,unresolved
0.10569105691056911,unresolved,shorter,13,19,356500,ADP,6,unresolved
0.06504065040650407,unresolved,shorter,8,8,356500,ADV,0,unresolved
0.0,unresolved,shorter,0,3,356500,AUX,3,unresolved
0.032520325203252036,unresolved,shorter,4,8,356500,CCONJ,4,unresolved
0.08943089430894309,unresolved,shorter,11,17,356500,DET,6,unresolved
0.13821138211382114,unresolved,shorter,17,33,356500,NOUN,16,unresolved
0.008130081300813009,unresolved,shorter,1,3,356500,NUM,2,unresolved
0.056910569105691054,unresolved,shorter,7,9,356500,PRON,2,unresolved
0.008130081300813009,unresolved,shorter,1,1,356500,SCONJ,0,unresolved
0.06504065040650407,unresolved,shorter,8,14,356500,VERB,6,unresolved
0.0392156862745098,gained,shorter,2,6,579468,ADJ,4,mixed
0.0392156862745098,gained,shorter,2,4,579468,ADP,2,mixed
-0.0392156862745098,gained,shorter,-2,0,579468,ADV,2,mixed
0.0,gained,shorter,0,3,579468,AUX,3,mixed
0.0,gained,shorter,0,2,579468,CCONJ,2,mixed
0.0196078431372549,gained,shorter,1,8,579468,DET,7,mixed
0.0392156862745098,gained,shorter,2,13,579468,NOUN,11,mixed
0.0196078431372549,gained,shorter,1,1,579468,PART,0,mixed
0.058823529411764705,gained,shorter,3,5,579468,PRON,2,mixed
0.0196078431372549,gained,shorter,1,1,579468,SCONJ,0,mixed
0.0392156862745098,gained,shorter,2,8,579468,VERB,6,mixed
0.0958904109589041,unchanged,shorter,7,7,332570,ADJ,0,unresolved
0.0958904109589041,unchanged,shorter,7,9,332570,ADP,2,unresolved
0.0136986301369863,unchanged,shorter,1,1,332570,ADV,0,unresolved
0.0410958904109589,unchanged,shorter,3,3,332570,AUX,0,unresolved
0.0273972602739726,unchanged,shorter,2,2,332570,CCONJ,0,unresolved
0.2054794520547945,unchanged,shorter,15,18,332570,DET,3,unresolved
0.2602739726027397,unchanged,shorter,19,23,332570,NOUN,4,unresolved
0.0273972602739726,unchanged,shorter,2,2,332570,PART,0,unresolved
-0.0136986301369863,unchanged,shorter,-1,0,332570,PRON,1,unresolved
0.0958904109589041,unchanged,shorter,7,8,332570,VERB,1,unresolved
0.0423728813559322,unresolved,shorter,5,8,293964,ADJ,3,mixed
0.1271186440677966,unresolved,shorter,15,19,293964,ADP,4,mixed
0.03389830508474576,unresolved,shorter,4,5,293964,ADV,1,mixed
0.0,unresolved,shorter,0,5,293964,AUX,5,mixed
0.00847457627118644,unresolved,shorter,1,4,293964,CCONJ,3,mixed
0.1016949152542373,unresolved,shorter,12,18,293964,DET,6,mixed
0.15254237288135594,unresolved,shorter,18,32,293964,NOUN,14,mixed
0.0,unresolved,shorter,0,2,293964,NUM,2,mixed
0.025423728813559324,unresolved,shorter,3,3,293964,PART,0,mixed
0.05084745762711865,unresolved,shorter,6,7,293964,PRON,1,mixed
0.07627118644067797,unresolved,shorter,9,15,293964,VERB,6,mixed
0.07207207207207207,mixed,shorter,8,11,137967,ADJ,3,lost
0.11711711711711711,mixed,shorter,13,15,137967,ADP,2,lost
0.036036036036036036,mixed,shorter,4,4,137967,ADV,0,lost
0.036036036036036036,mixed,shorter,4,5,137967,AUX,1,lost
0.036036036036036036,mixed,shorter,4,5,137967,CCONJ,1,lost
0.11711711711711711,mixed,shorter,13,21,137967,DET,8,lost
0.2072072072072072,mixed,shorter,23,34,137967,NOUN,11,lost
0.036036036036036036,mixed,shorter,4,4,137967,NUM,0,lost
0.018018018018018018,mixed,shorter,2,2,137967,PRON,0,lost
0.09009009009009009,mixed,shorter,10,10,137967,VERB,0,lost
0.030612244897959183,unresolved,shorter,3,6,54264,ADJ,3,unresolved
0.061224489795918366,unresolved,shorter,6,13,54264,ADP,7,unresolved
0.02040816326530612,unresolved,shorter,2,2,54264,ADV,0,unresolved
-0.01020408163265306,unresolved,shorter,-1,3,54264,AUX,4,unresolved
0.01020408163265306,unresolved,shorter,1,3,54264,CCONJ,2,unresolved
0.15306122448979592,unresolved,shorter,15,25,54264,DET,10,unresolved
0.14285714285714285,unresolved,shorter,14,30,54264,NOUN,16,unresolved
0.030612244897959183,unresolved,shorter,3,4,54264,PRON,1,unresolved
0.09183673469387756,unresolved,shorter,9,12,54264,VERB,3,unresolved
0.025423728813559324,gained,shorter,3,6,63040,ADJ,3,mixed
0.06779661016949153,gained,shorter,8,17,63040,ADP,9,mixed
0.01694915254237288,gained,shorter,2,2,63040,ADV,0,mixed
0.025423728813559324,gained,shorter,3,6,63040,AUX,3,mixed
0.0423728813559322,gained,shorter,5,8,63040,CCONJ,3,mixed
0.07627118644067797,gained,shorter,9,22,63040,DET,13,mixed
0.0847457627118644,gained,shorter,10,30,63040,NOUN,20,mixed
0.00847457627118644,gained,shorter,1,1,63040,NUM,0,mixed
0.00847457627118644,gained,shorter,1,1,63040,PART,0,mixed
0.025423728813559324,gained,shorter,3,5,63040,PRON,2,mixed
0.00847457627118644,gained,shorter,1,2,63040,SCONJ,1,mixed
0.09322033898305085,gained,shorter,11,18,63040,VERB,7,mixed
0.06382978723404255,unresolved,shorter,6,8,397351,ADJ,2,unresolved
0.0851063829787234,unresolved,shorter,8,12,397351,ADP,4,unresolved
0.06382978723404255,unresolved,shorter,6,6,397351,ADV,0,unresolved
0.010638297872340425,unresolved,shorter,1,3,397351,AUX,2,unresolved
0.031914893617021274,unresolved,shorter,3,5,397351,CCONJ,2,unresolved
0.10638297872340426,unresolved,shorter,10,16,397351,DET,6,unresolved
0.14893617021276595,unresolved,shorter,14,24,397351,NOUN,10,unresolved
0.02127659574468085,unresolved,shorter,2,3,397351,PART,1,unresolved
0.02127659574468085,unresolved,shorter,2,3,397351,PRON,1,unresolved
0.0851063829787234,unresolved,shorter,8,14,397351,VERB,6,unresolved
-0.01694915254237288,lost,shorter,-1,2,204661,ADJ,3,mixed
0.06779661016949153,lost,shorter,4,8,204661,ADP,4,mixed
0.03389830508474576,lost,shorter,2,2,204661,ADV,0,mixed
0.01694915254237288,lost,shorter,1,4,204661,AUX,3,mixed
0.03389830508474576,lost,shorter,2,2,204661,CCONJ,0,mixed
0.05084745762711865,lost,shorter,3,13,204661,DET,10,mixed
0.11864406779661017,lost,shorter,7,19,204661,NOUN,12,mixed
0.03389830508474576,lost,shorter,2,2,204661,PRON,0,mixed
0.01694915254237288,lost,shorter,1,1,204661,PROPN,0,mixed
0.03389830508474576,lost,shorter,2,6,204661,VERB,4,mixed
0.015384615384615385,unresolved,shorter,2,8,223874,ADJ,6,mixed
0.12307692307692308,unresolved,shorter,16,23,223874,ADP,7,mixed
0.046153846153846156,unresolved,shorter,6,6,223874,ADV,0,mixed
0.007692307692307693,unresolved,shorter,1,4,223874,AUX,3,mixed
-0.007692307692307693,unresolved,shorter,-1,4,223874,CCONJ,5,mixed
0.09230769230769231,unresolved,shorter,12,23,223874,DET,11,mixed
0.08461538461538462,unresolved,shorter,11,34,223874,NOUN,23,mixed
0.023076923076923078,unresolved,shorter,3,4,223874,NUM,1,mixed
0.015384615384615385,unresolved,shorter,2,2,223874,PART,0,mixed
0.03076923076923077,unresolved,shorter,4,7,223874,PRON,3,mixed
0.07692307692307693,unresolved,shorter,10,15,223874,VERB,5,mixed
0.030612244897959183,unchanged,shorter,3,7,87144,ADJ,4,mixed
0.11224489795918367,unchanged,shorter,11,14,87144,ADP,3,mixed
-0.01020408163265306,unchanged,shorter,-1,3,87144,ADV,4,mixed
-0.01020408163265306,unchanged,shorter,-1,4,87144,AUX,5,mixed
0.01020408163265306,unchanged,shorter,1,3,87144,CCONJ,2,mixed
0.1326530612244898,unchanged,shorter,13,22,87144,DET,9,mixed
0.12244897959183673,unchanged,shorter,12,24,87144,NOUN,12,mixed
0.02040816326530612,unchanged,shorter,2,2,87144,NUM,0,mixed
0.0,unchanged,shorter,0,1,87144,PART,1,mixed
0.0,unchanged,shorter,0,5,87144,PRON,5,mixed
0.01020408163265306,unchanged,shorter,1,1,87144,SCONJ,0,mixed
0.05102040816326531,unchanged,shorter,5,12,87144,VERB,7,mixed
0.08928571428571429,unresolved,shorter,10,11,373857,ADJ,1,unresolved
0.08035714285714286,unresolved,shorter,9,16,373857,ADP,7,unresolved
0.008928571428571428,unresolved,shorter,1,2,373857,ADV,1,unresolved
0.017857142857142856,unresolved,shorter,2,6,373857,AUX,4,unresolved
-0.008928571428571428,unresolved,shorter,-1,2,373857,CCONJ,3,unresolved
0.11607142857142858,unresolved,shorter,13,25,373857,DET,12,unresolved
0.1875,unresolved,shorter,21,34,373857,NOUN,13,unresolved
0.008928571428571428,unresolved,shorter,1,2,373857,PRON,1,unresolved
0.008928571428571428,unresolved,shorter,1,1,373857,SCONJ,0,unresolved
0.07142857142857142,unresolved,shorter,8,13,373857,VERB,5,unresolved
0.046875,unresolved,longer,3,6,294484,ADJ,3,unresolved
-0.03125,unresolved,longer,-2,7,294484,ADP,9,unresolved
0.03125,unresolved,longer,2,4,294484,ADV,2,unresolved
-0.0625,unresolved,longer,-4,1,294484,AUX,5,unresolved
0.0,unresolved,longer,0,3,294484,CCONJ,3,unresolved
0.046875,unresolved,longer,3,16,294484,DET,13,unresolved
-0.0625,unresolved,longer,-4,17,294484,NOUN,21,unresolved
-0.03125,unresolved,longer,-2,0,294484,NUM,2,unresolved
-0.03125,unresolved,longer,-2,1,294484,PRON,3,unresolved
0.03125,unresolved,longer,2,9,294484,VERB,7,unresolved
0.05319148936170213,unchanged,shorter,5,5,303908,ADJ,0,mixed
0.07446808510638298,unchanged,shorter,7,13,303908,ADP,6,mixed
0.0425531914893617,unchanged,shorter,4,4,303908,ADV,0,mixed
0.0,unchanged,shorter,0,3,303908,AUX,3,mixed
0.031914893617021274,unchanged,shorter,3,5,303908,CCONJ,2,mixed
0.0425531914893617,unchanged,shorter,4,16,303908,DET,12,mixed
0.07446808510638298,unchanged,shorter,7,24,303908,NOUN,17,mixed
0.0851063829787234,unchanged,shorter,8,8,303908,PRON,0,mixed
0.14893617021276595,unchanged,shorter,14,16,303908,VERB,2,mixed
0.10204081632653061,lost,shorter,10,11,112702,ADJ,1,lost
0.14285714285714285,lost,shorter,14,15,112702,ADP,1,lost
0.05102040816326531,lost,shorter,5,5,112702,ADV,0,lost
0.02040816326530612,lost,shorter,2,3,112702,AUX,1,lost
0.030612244897959183,lost,shorter,3,3,112702,CCONJ,0,lost
0.1836734693877551,lost,shorter,18,20,112702,DET,2,lost
0.23469387755102042,lost,shorter,23,25,112702,NOUN,2,lost
0.02040816326530612,lost,shorter,2,2,112702,NUM,0,lost
0.01020408163265306,lost,shorter,1,1,112702,PART,0,lost
0.030612244897959183,lost,shorter,3,3,112702,PRON,0,lost
0.09183673469387756,lost,shorter,9,10,112702,VERB,1,lost
0.04938271604938271,unresolved,shorter,4,5,226701,ADJ,1,unresolved
0.024691358024691357,unresolved,shorter,2,6,226701,ADP,4,unresolved
0.037037037037037035,unresolved,shorter,3,3,226701,ADV,0,unresolved
0.0,unresolved,shorter,0,4,226701,AUX,4,unresolved
0.037037037037037035,unresolved,shorter,3,3,226701,CCONJ,0,unresolved
0.13580246913580246,unresolved,shorter,11,13,226701,DET,2,unresolved
0.14814814814814814,unresolved,shorter,12,18,226701,NOUN,6,unresolved
0.0,unresolved,shorter,0,2,226701,NUM,2,unresolved
0.012345679012345678,unresolved,shorter,1,1,226701,PART,0,unresolved
0.037037037037037035,unresolved,shorter,3,7,226701,PRON,4,unresolved
0.012345679012345678,unresolved,shorter,1,1,226701,PROPN,0,unresolved
0.012345679012345678,unresolved,shorter,1,2,226701,SCONJ,1,unresolved
0.13580246913580246,unresolved,shorter,11,16,226701,VERB,5,unresolved
0.05309734513274336,lost,shorter,6,9,89359,ADJ,3,lost
0.13274336283185842,lost,shorter,15,18,89359,ADP,3,lost
0.008849557522123894,lost,shorter,1,1,89359,ADV,0,lost
0.05309734513274336,lost,shorter,6,7,89359,AUX,1,lost
0.017699115044247787,lost,shorter,2,4,89359,CCONJ,2,lost
0.13274336283185842,lost,shorter,15,22,89359,DET,7,lost
0.18584070796460178,lost,shorter,21,32,89359,NOUN,11,lost
0.02654867256637168,lost,shorter,3,4,89359,NUM,1,lost
0.008849557522123894,lost,shorter,1,1,89359,PART,0,lost
0.04424778761061947,lost,shorter,5,5,89359,PRON,0,lost
0.07964601769911504,lost,shorter,9,10,89359,VERB,1,lost
-0.061224489795918366,lost,longer,-3,2,366830,ADJ,5,mixed
-0.04081632653061224,lost,longer,-2,6,366830,ADP,8,mixed
0.0,lost,longer,0,1,366830,ADV,1,mixed
-0.061224489795918366,lost,longer,-3,1,366830,AUX,4,mixed
-0.02040816326530612,lost,longer,-1,2,366830,CCONJ,3,mixed
0.0,lost,longer,0,11,366830,DET,11,mixed
0.02040816326530612,lost,longer,1,15,366830,NOUN,14,mixed
0.0,lost,longer,0,1,366830,PART,1,mixed
0.0,lost,longer,0,1,366830,PRON,1,mixed
0.02040816326530612,lost,longer,1,1,366830,SCONJ,0,mixed
0.061224489795918366,lost,longer,3,8,366830,VERB,5,mixed
0.09523809523809523,unresolved,shorter,8,10,537857,ADJ,2,unresolved
0.05952380952380952,unresolved,shorter,5,6,537857,ADP,1,unresolved
0.10714285714285714,unresolved,shorter,9,9,537857,ADV,0,unresolved
0.0,unresolved,shorter,0,2,537857,AUX,2,unresolved
0.03571428571428571,unresolved,shorter,3,4,537857,CCONJ,1,unresolved
0.13095238095238096,unresolved,shorter,11,15,537857,DET,4,unresolved
0.14285714285714285,unresolved,shorter,12,17,537857,NOUN,5,unresolved
0.023809523809523808,unresolved,shorter,2,2,537857,NUM,0,unresolved
0.023809523809523808,unresolved,shorter,2,2,537857,PART,0,unresolved
0.047619047619047616,unresolved,shorter,4,6,537857,PRON,2,unresolved
0.10714285714285714,unresolved,shorter,9,11,537857,VERB,2,unresolved
-0.03076923076923077,unresolved,shorter,-2,4,494141,ADJ,6,mixed
0.03076923076923077,unresolved,shorter,2,8,494141,ADP,6,mixed
0.06153846153846154,unresolved,shorter,4,5,494141,ADV,1,mixed
-0.03076923076923077,unresolved,shorter,-2,2,494141,AUX,4,mixed
-0.015384615384615385,unresolved,shorter,-1,3,494141,CCONJ,4,mixed
0.03076923076923077,unresolved,shorter,2,9,494141,DET,7,mixed
-0.015384615384615385,unresolved,shorter,-1,19,494141,NOUN,20,mixed
0.0,unresolved,shorter,0,1,494141,NUM,1,mixed
0.0,unresolved,shorter,0,1,494141,PART,1,mixed
-0.015384615384615385,unresolved,shorter,-1,3,494141,PRON,4,mixed
0.03076923076923077,unresolved,shorter,2,2,494141,SCONJ,0,mixed
-0.015384615384615385,unresolved,shorter,-1,8,494141,VERB,9,mixed
0.028985507246376812,unchanged,shorter,2,5,164497,ADJ,3,mixed
0.07246376811594203,unchanged,shorter,5,12,164497,ADP,7,mixed
0.014492753623188406,unchanged,shorter,1,2,164497,ADV,1,mixed
-0.043478260869565216,unchanged,shorter,-3,1,164497,AUX,4,mixed
0.028985507246376812,unchanged,shorter,2,4,164497,CCONJ,2,mixed
0.10144927536231885,unchanged,shorter,7,14,164497,DET,7,mixed
0.08695652173913043,unchanged,shorter,6,19,164497,NOUN,13,mixed
0.0,unchanged,shorter,0,1,164497,NUM,1,mixed
0.0,unchanged,shorter,0,3,164497,PRON,3,mixed
0.0,unchanged,shorter,0,1,164497,SCONJ,1,mixed
0.014492753623188406,unchanged,shorter,1,7,164497,VERB,6,mixed
0.05263157894736842,unresolved,shorter,4,9,380203,ADJ,5,mixed
0.05263157894736842,unresolved,shorter,4,11,380203,ADP,7,mixed
0.013157894736842105,unresolved,shorter,1,1,380203,ADV,0,mixed
-0.02631578947368421,unresolved,shorter,-2,2,380203,AUX,4,mixed
0.039473684210526314,unresolved,shorter,3,4,380203,CCONJ,1,mixed
0.11842105263157894,unresolved,shorter,9,14,380203,DET,5,mixed
0.14473684210526316,unresolved,shorter,11,21,380203,NOUN,10,mixed
0.02631578947368421,unresolved,shorter,2,2,380203,PART,0,mixed
0.013157894736842105,unresolved,shorter,1,3,380203,PRON,2,mixed
0.06578947368421052,unresolved,shorter,5,9,380203,VERB,4,mixed
0.06569343065693431,mixed,shorter,9,13,570101,ADJ,4,mixed
0.06569343065693431,mixed,shorter,9,19,570101,ADP,10,mixed
0.0072992700729927005,mixed,shorter,1,3,570101,ADV,2,mixed
0.0,mixed,shorter,0,4,570101,AUX,4,mixed
0.0072992700729927005,mixed,shorter,1,2,570101,CCONJ,1,mixed
0.1386861313868613,mixed,shorter,19,31,570101,DET,12,mixed
0.17518248175182483,mixed,shorter,24,41,570101,NOUN,17,mixed
-0.014598540145985401,mixed,shorter,-2,0,570101,NUM,2,mixed
0.0072992700729927005,mixed,shorter,1,1,570101,PART,0,mixed
0.0072992700729927005,mixed,shorter,1,3,570101,PRON,2,mixed
0.12408759124087591,mixed,shorter,17,20,570101,VERB,3,mixed
0.07894736842105263,unchanged,shorter,6,6,447553,ADJ,0,lost
0.07894736842105263,unchanged,shorter,6,7,447553,ADP,1,lost
0.02631578947368421,unchanged,shorter,2,4,447553,ADV,2,lost
-0.013157894736842105,unchanged,shorter,-1,3,447553,AUX,4,lost
0.05263157894736842,unchanged,shorter,4,4,447553,CCONJ,0,lost
0.17105263157894737,unchanged,shorter,13,17,447553,DET,4,lost
0.19736842105263158,unchanged,shorter,15,23,447553,NOUN,8,lost
-0.02631578947368421,unchanged,shorter,-2,0,447553,NUM,2,lost
-0.013157894736842105,unchanged,shorter,-1,0,447553,PART,1,lost
-0.039473684210526314,unchanged,shorter,-3,0,447553,PRON,3,lost
0.0,unchanged,shorter,0,1,447553,SCONJ,1,lost
0.07894736842105263,unchanged,shorter,6,11,447553,VERB,5,lost
-0.010416666666666666,unresolved,shorter,-1,4,230739,ADJ,5,unresolved
0.08333333333333333,unresolved,shorter,8,15,230739,ADP,7,unresolved
0.03125,unresolved,shorter,3,3,230739,ADV,0,unresolved
0.010416666666666666,unresolved,shorter,1,5,230739,AUX,4,unresolved
0.010416666666666666,unresolved,shorter,1,4,230739,CCONJ,3,unresolved
0.0625,unresolved,shorter,6,19,230739,DET,13,unresolved
0.09375,unresolved,shorter,9,28,230739,NOUN,19,unresolved
0.010416666666666666,unresolved,shorter,1,1,230739,PART,0,unresolved
0.052083333333333336,unresolved,shorter,5,5,230739,PRON,0,unresolved
0.010416666666666666,unresolved,shorter,1,2,230739,SCONJ,1,unresolved
0.041666666666666664,unresolved,shorter,4,10,230739,VERB,6,unresolved
0.0297029702970297,unresolved,shorter,3,10,74789,ADJ,7,unresolved
0.04950495049504951,unresolved,shorter,5,17,74789,ADP,12,unresolved
0.06930693069306931,unresolved,shorter,7,7,74789,ADV,0,unresolved
0.009900990099009901,unresolved,shorter,1,5,74789,AUX,4,unresolved
0.009900990099009901,unresolved,shorter,1,2,74789,CCONJ,1,unresolved
0.0891089108910891,unresolved,shorter,9,18,74789,DET,9,unresolved
0.06930693069306931,unresolved,shorter,7,25,74789,NOUN,18,unresolved
0.0297029702970297,unresolved,shorter,3,3,74789,NUM,0,unresolved
-0.0297029702970297,unresolved,shorter,-3,3,74789,PRON,6,unresolved
0.019801980198019802,unresolved,shorter,2,2,74789,SCONJ,0,unresolved
0.0297029702970297,unresolved,shorter,3,9,74789,VERB,6,unresolved
0.0,lost,shorter,0,3,198590,ADJ,3,unresolved
0.015625,lost,shorter,1,9,198590,ADP,8,unresolved
0.015625,lost,shorter,1,2,198590,ADV,1,unresolved
0.0,lost,shorter,0,3,198590,AUX,3,unresolved
0.015625,lost,shorter,1,2,198590,CCONJ,1,unresolved
0.0625,lost,shorter,4,14,198590,DET,10,unresolved
0.109375,lost,shorter,7,21,198590,NOUN,14,unresolved
0.015625,lost,shorter,1,1,198590,PART,0,unresolved
0.015625,lost,shorter,1,2,198590,PRON,1,unresolved
0.03125,lost,shorter,2,7,198590,VERB,5,unresolved
0.10752688172043011,lost,shorter,10,10,41438,ADJ,0,lost
0.0967741935483871,lost,shorter,9,15,41438,ADP,6,lost
0.0,lost,shorter,0,1,41438,ADV,1,lost
0.010752688172043012,lost,shorter,1,3,41438,AUX,2,lost
0.0,lost,shorter,0,4,41438,CCONJ,4,lost
0.08602150537634409,lost,shorter,8,19,41438,DET,11,lost
0.10752688172043011,lost,shorter,10,26,41438,NOUN,16,lost
0.03225806451612903,lost,shorter,3,3,41438,NUM,0,lost
0.021505376344086023,lost,shorter,2,3,41438,PRON,1,lost
0.010752688172043012,lost,shorter,1,1,41438,SCONJ,0,lost
0.053763440860215055,lost,shorter,5,8,41438,VERB,3,lost
0.0594059405940594,lost,shorter,6,9,235864,ADJ,3,mixed
0.04950495049504951,lost,shorter,5,10,235864,ADP,5,mixed
0.009900990099009901,lost,shorter,1,2,235864,ADV,1,mixed
0.04950495049504951,lost,shorter,5,8,235864,AUX,3,mixed
0.009900990099009901,lost,shorter,1,4,235864,CCONJ,3,mixed
0.10891089108910891,lost,shorter,11,20,235864,DET,9,mixed
0.10891089108910891,lost,shorter,11,24,235864,NOUN,13,mixed
0.019801980198019802,lost,shorter,2,2,235864,PART,0,mixed
0.0297029702970297,lost,shorter,3,7,235864,PRON,4,mixed
0.019801980198019802,lost,shorter,2,2,235864,SCONJ,0,mixed
0.07920792079207921,lost,shorter,8,13,235864,VERB,5,mixed
0.08235294117647059,lost,shorter,7,10,133819,ADJ,3,mixed
0.09411764705882353,lost,shorter,8,13,133819,ADP,5,mixed
0.011764705882352941,lost,shorter,1,1,133819,ADV,0,mixed
-0.011764705882352941,lost,shorter,-1,2,133819,AUX,3,mixed
0.03529411764705882,lost,shorter,3,4,133819,CCONJ,1,mixed
0.09411764705882353,lost,shorter,8,16,133819,DET,8,mixed
0.11764705882352941,lost,shorter,10,22,133819,NOUN,12,mixed
0.023529411764705882,lost,shorter,2,2,133819,NUM,0,mixed
0.023529411764705882,lost,shorter,2,5,133819,PRON,3,mixed
0.011764705882352941,lost,shorter,1,1,133819,SCONJ,0,mixed
0.047058823529411764,lost,shorter,4,9,133819,VERB,5,mixed
-0.016666666666666666,unchanged,shorter,-1,2,30361,ADJ,3,mixed
0.05,unchanged,shorter,3,9,30361,ADP,6,mixed
0.016666666666666666,unchanged,shorter,1,2,30361,ADV,1,mixed
0.03333333333333333,unchanged,shorter,2,4,30361,AUX,2,mixed
0.016666666666666666,unchanged,shorter,1,4,30361,CCONJ,3,mixed
0.06666666666666667,unchanged,shorter,4,13,30361,DET,9,mixed
0.1,unchanged,shorter,6,18,30361,NOUN,12,mixed
0.016666666666666666,unchanged,shorter,1,1,30361,PART,0,mixed
-0.016666666666666666,unchanged,shorter,-1,1,30361,PRON,2,mixed
0.05,unchanged,shorter,3,6,30361,VERB,3,mixed
0.037037037037037035,unchanged,shorter,3,8,281683,ADJ,5,mixed
0.037037037037037035,unchanged,shorter,3,11,281683,ADP,8,mixed
0.012345679012345678,unchanged,shorter,1,1,281683,ADV,0,mixed
0.012345679012345678,unchanged,shorter,1,5,281683,AUX,4,mixed
0.012345679012345678,unchanged,shorter,1,4,281683,CCONJ,3,mixed
0.1111111111111111,unchanged,shorter,9,20,281683,DET,11,mixed
0.12345679012345678,unchanged,shorter,10,22,281683,NOUN,12,mixed
-0.012345679012345678,unchanged,shorter,-1,1,281683,PRON,2,mixed
0.012345679012345678,unchanged,shorter,1,1,281683,SCONJ,0,mixed
0.012345679012345678,unchanged,shorter,1,8,281683,VERB,7,mixed
0.08181818181818182,mixed,shorter,9,13,574280,ADJ,4,mixed
0.07272727272727272,mixed,shorter,8,15,574280,ADP,7,mixed
0.03636363636363636,mixed,shorter,4,4,574280,ADV,0,mixed
0.045454545454545456,mixed,shorter,5,7,574280,AUX,2,mixed
0.02727272727272727,mixed,shorter,3,5,574280,CCONJ,2,mixed
0.11818181818181818,mixed,shorter,13,22,574280,DET,9,mixed
0.11818181818181818,mixed,shorter,13,29,574280,NOUN,16,mixed
0.01818181818181818,mixed,shorter,2,2,574280,NUM,0,mixed
0.00909090909090909,mixed,shorter,1,1,574280,PART,0,mixed
0.0,mixed,shorter,0,3,574280,PRON,3,mixed
0.01818181818181818,mixed,shorter,2,9,574280,VERB,7,mixed
0.043010752688172046,lost,shorter,4,7,269942,ADJ,3,mixed
0.11827956989247312,lost,shorter,11,15,269942,ADP,4,mixed
0.010752688172043012,lost,shorter,1,2,269942,ADV,1,mixed
0.021505376344086023,lost,shorter,2,3,269942,AUX,1,mixed
0.0,lost,shorter,0,2,269942,CCONJ,2,mixed
0.08602150537634409,lost,shorter,8,18,269942,DET,10,mixed
0.12903225806451613,lost,shorter,12,29,269942,NOUN,17,mixed
0.010752688172043012,lost,shorter,1,3,269942,NUM,2,mixed
-0.010752688172043012,lost,shorter,-1,0,269942,PART,1,mixed
0.0,lost,shorter,0,2,269942,PRON,2,mixed
0.010752688172043012,lost,shorter,1,1,269942,SCONJ,0,mixed
0.06451612903225806,lost,shorter,6,11,269942,VERB,5,mixed
0.06521739130434782,unresolved,shorter,6,6,515391,ADJ,0,lost
0.10869565217391304,unresolved,shorter,10,12,515391,ADP,2,lost
0.010869565217391304,unresolved,shorter,1,2,515391,ADV,1,lost
0.0,unresolved,shorter,0,2,515391,AUX,2,lost
0.043478260869565216,unresolved,shorter,4,5,515391,CCONJ,1,lost
0.15217391304347827,unresolved,shorter,14,17,515391,DET,3,lost
0.20652173913043478,unresolved,shorter,19,24,515391,NOUN,5,lost
0.021739130434782608,unresolved,shorter,2,2,515391,NUM,0,lost
0.021739130434782608,unresolved,shorter,2,2,515391,PART,0,lost
0.05434782608695652,unresolved,shorter,5,6,515391,PRON,1,lost
0.010869565217391304,unresolved,shorter,1,1,515391,SCONJ,0,lost
0.11956521739130435,unresolved,shorter,11,13,515391,VERB,2,lost
0.04,unchanged,shorter,2,3,572050,ADJ,1,lost
0.08,unchanged,shorter,4,5,572050,ADP,1,lost
0.02,unchanged,shorter,1,1,572050,ADV,0,lost
0.0,unchanged,shorter,0,1,572050,AUX,1,lost
0.06,unchanged,shorter,3,3,572050,CCONJ,0,lost
0.14,unchanged,shorter,7,9,572050,DET,2,lost
0.22,unchanged,shorter,11,13,572050,NOUN,2,lost
0.04,unchanged,shorter,2,2,572050,PART,0,lost
0.06,unchanged,shorter,3,3,572050,PRON,0,lost
0.02,unchanged,shorter,1,1,572050,SCONJ,0,lost
0.16,unchanged,shorter,8,9,572050,VERB,1,lost
-0.01,unresolved,shorter,-1,7,233023,ADJ,8,mixed
0.02,unresolved,shorter,2,14,233023,ADP,12,mixed
0.04,unresolved,shorter,4,5,233023,ADV,1,mixed
0.05,unresolved,shorter,5,6,233023,AUX,1,mixed
0.0,unresolved,shorter,0,3,233023,CCONJ,3,mixed
0.08,unresolved,shorter,8,22,233023,DET,14,mixed
0.05,unresolved,shorter,5,22,233023,NOUN,17,mixed
0.01,unresolved,shorter,1,4,233023,NUM,3,mixed
0.01,unresolved,shorter,1,1,233023,PART,0,mixed
0.0,unresolved,shorter,0,4,233023,PRON,4,mixed
0.01,unresolved,shorter,1,1,233023,SCONJ,0,mixed
0.04,unresolved,shorter,4,11,233023,VERB,7,mixed
-0.06451612903225806,gained,shorter,-4,2,230220,ADJ,6,unresolved
0.0,gained,shorter,0,6,230220,ADP,6,unresolved
-0.016129032258064516,gained,shorter,-1,4,230220,AUX,5,unresolved
-0.04838709677419355,gained,shorter,-3,2,230220,CCONJ,5,unresolved
0.04838709677419355,gained,shorter,3,11,230220,DET,8,unresolved
0.06451612903225806,gained,shorter,4,18,230220,NOUN,14,unresolved
-0.016129032258064516,gained,shorter,-1,2,230220,PART,3,unresolved
0.04838709677419355,gained,shorter,3,6,230220,PRON,3,unresolved
0.03225806451612903,gained,shorter,2,2,230220,SCONJ,0,unresolved
0.06451612903225806,gained,shorter,4,9,230220,VERB,5,unresolved
0.057692307692307696,lost,shorter,6,9,381213,ADJ,3,unresolved
0.0673076923076923,lost,shorter,7,18,381213,ADP,11,unresolved
0.04807692307692308,lost,shorter,5,5,381213,ADV,0,unresolved
0.009615384615384616,lost,shorter,1,4,381213,AUX,3,unresolved
-0.009615384615384616,lost,shorter,-1,1,381213,CCONJ,2,unresolved
0.04807692307692308,lost,shorter,5,18,381213,DET,13,unresolved
0.057692307692307696,lost,shorter,6,26,381213,NOUN,20,unresolved
0.028846153846153848,lost,shorter,3,5,381213,NUM,2,unresolved
0.0,lost,shorter,0,1,381213,PART,1,unresolved
0.038461538461538464,lost,shorter,4,6,381213,PRON,2,unresolved
0.009615384615384616,lost,shorter,1,1,381213,SCONJ,0,unresolved
0.04807692307692308,lost,shorter,5,10,381213,VERB,5,unresolved
0.06796116504854369,unresolved,shorter,7,7,73201,ADJ,0,lost
0.04854368932038835,unresolved,shorter,5,11,73201,ADP,6,lost
0.009708737864077669,unresolved,shorter,1,3,73201,ADV,2,lost
0.038834951456310676,unresolved,shorter,4,6,73201,AUX,2,lost
0.02912621359223301,unresolved,shorter,3,5,73201,CCONJ,2,lost
0.11650485436893204,unresolved,shorter,12,17,73201,DET,5,lost
0.1553398058252427,unresolved,shorter,16,30,73201,NOUN,14,lost
-0.02912621359223301,unresolved,shorter,-3,0,73201,NUM,3,lost
0.02912621359223301,unresolved,shorter,3,3,73201,PART,0,lost
0.019417475728155338,unresolved,shorter,2,5,73201,PRON,3,lost
0.10679611650485436,unresolved,shorter,11,16,73201,VERB,5,lost
0.011904761904761904,unchanged,shorter,1,6,306879,ADJ,5,mixed
0.07142857142857142,unchanged,shorter,6,10,306879,ADP,4,mixed
-0.011904761904761904,unchanged,shorter,-1,0,306879,ADV,1,mixed
0.011904761904761904,unchanged,shorter,1,5,306879,AUX,4,mixed
-0.011904761904761904,unchanged,shorter,-1,1,306879,CCONJ,2,mixed
0.14285714285714285,unchanged,shorter,12,18,306879,DET,6,mixed
0.10714285714285714,unchanged,shorter,9,23,306879,NOUN,14,mixed
0.0,unchanged,shorter,0,4,306879,NUM,4,mixed
0.011904761904761904,unchanged,shorter,1,1,306879,PART,0,mixed
0.0,unchanged,shorter,0,4,306879,PRON,4,mixed
0.011904761904761904,unchanged,shorter,1,1,306879,SCONJ,0,mixed
0.047619047619047616,unchanged,shorter,4,11,306879,VERB,7,mixed
0.037037037037037035,unchanged,shorter,2,4,519728,ADJ,2,lost
-0.07407407407407407,unchanged,shorter,-4,4,519728,ADP,8,lost
0.05555555555555555,unchanged,shorter,3,3,519728,ADV,0,lost
-0.037037037037037035,unchanged,shorter,-2,2,519728,AUX,4,lost
0.037037037037037035,unchanged,shorter,2,3,519728,CCONJ,1,lost
0.0,unchanged,shorter,0,13,519728,DET,13,lost
0.0,unchanged,shorter,0,13,519728,NOUN,13,lost
0.018518518518518517,unchanged,shorter,1,1,519728,NUM,0,lost
-0.018518518518518517,unchanged,shorter,-1,1,519728,PRON,2,lost
0.0,unchanged,shorter,0,1,519728,SCONJ,1,lost
0.07407407407407407,unchanged,shorter,4,9,519728,VERB,5,lost
0.058823529411764705,unresolved,shorter,5,6,159736,ADJ,1,unresolved
0.023529411764705882,unresolved,shorter,2,7,159736,ADP,5,unresolved
0.011764705882352941,unresolved,shorter,1,1,159736,ADV,0,unresolved
0.023529411764705882,unresolved,shorter,2,5,159736,AUX,3,unresolved
0.023529411764705882,unresolved,shorter,2,4,159736,CCONJ,2,unresolved
0.11764705882352941,unresolved,shorter,10,20,159736,DET,10,unresolved
0.1411764705882353,unresolved,shorter,12,24,159736,NOUN,12,unresolved
0.023529411764705882,unresolved,shorter,2,2,159736,NUM,0,unresolved
0.023529411764705882,unresolved,shorter,2,2,159736,PART,0,unresolved
0.011764705882352941,unresolved,shorter,1,2,159736,PRON,1,unresolved
0.011764705882352941,unresolved,shorter,1,1,159736,SCONJ,0,unresolved
0.10588235294117647,unresolved,shorter,9,11,159736,VERB,2,unresolved
0.05128205128205128,unchanged,shorter,6,8,280888,ADJ,2,lost
0.042735042735042736,unchanged,shorter,5,18,280888,ADP,13,lost
0.02564102564102564,unchanged,shorter,3,4,280888,ADV,1,lost
-0.008547008547008548,unchanged,shorter,-1,7,280888,AUX,8,lost
0.008547008547008548,unchanged,shorter,1,3,280888,CCONJ,2,lost
0.042735042735042736,unchanged,shorter,5,20,280888,DET,15,lost
0.08547008547008547,unchanged,shorter,10,32,280888,NOUN,22,lost
0.008547008547008548,unchanged,shorter,1,1,280888,NUM,0,lost
0.05128205128205128,unchanged,shorter,6,8,280888,PRON,2,lost
0.02564102564102564,unchanged,shorter,3,4,280888,SCONJ,1,lost
0.05128205128205128,unchanged,shorter,6,12,280888,VERB,6,lost
0.08490566037735849,unchanged,shorter,9,10,138119,ADJ,1,unresolved
0.09433962264150944,unchanged,shorter,10,16,138119,ADP,6,unresolved
0.03773584905660377,unchanged,shorter,4,4,138119,ADV,0,unresolved
0.009433962264150943,unchanged,shorter,1,5,138119,AUX,4,unresolved
0.018867924528301886,unchanged,shorter,2,3,138119,CCONJ,1,unresolved
0.11320754716981132,unchanged,shorter,12,22,138119,DET,10,unresolved
0.12264150943396226,unchanged,shorter,13,28,138119,NOUN,15,unresolved
0.0,unchanged,shorter,0,3,138119,NUM,3,unresolved
0.02830188679245283,unchanged,shorter,3,4,138119,PRON,1,unresolved
0.009433962264150943,unchanged,shorter,1,2,138119,SCONJ,1,unresolved
0.04716981132075472,unchanged,shorter,5,9,138119,VERB,4,unresolved
0.06837606837606838,unresolved,shorter,8,15,454642,ADJ,7,unresolved
0.08547008547008547,unresolved,shorter,10,19,454642,ADP,9,unresolved
0.008547008547008548,unresolved,shorter,1,2,454642,ADV,1,unresolved
0.03418803418803419,unresolved,shorter,4,5,454642,AUX,1,unresolved
0.008547008547008548,unresolved,shorter,1,4,454642,CCONJ,3,unresolved
0.1111111111111111,unresolved,shorter,13,23,454642,DET,10,unresolved
0.1111111111111111,unresolved,shorter,13,30,454642,NOUN,17,unresolved
-0.008547008547008548,unresolved,shorter,-1,5,454642,NUM,6,unresolved
-0.017094017094017096,unresolved,shorter,-2,3,454642,PRON,5,unresolved
0.008547008547008548,unresolved,shorter,1,1,454642,SCONJ,0,unresolved
0.02564102564102564,unresolved,shorter,3,10,454642,VERB,7,unresolved
0.0392156862745098,lost,shorter,4,6,91349,ADJ,2,mixed
0.06862745098039216,lost,shorter,7,16,91349,ADP,9,mixed
0.00980392156862745,lost,shorter,1,3,91349,ADV,2,mixed
0.00980392156862745,lost,shorter,1,7,91349,AUX,6,mixed
0.0,lost,shorter,0,2,91349,CCONJ,2,mixed
0.049019607843137254,lost,shorter,5,19,91349,DET,14,mixed
0.0196078431372549,lost,shorter,2,27,91349,NOUN,25,mixed
0.0,lost,shorter,0,3,91349,NUM,3,mixed
0.00980392156862745,lost,shorter,1,1,91349,PART,0,mixed
0.0,lost,shorter,0,6,91349,PRON,6,mixed
0.00980392156862745,lost,shorter,1,1,91349,PROPN,0,mixed
-0.00980392156862745,lost,shorter,-1,0,91349,SCONJ,1,mixed
0.00980392156862745,lost,shorter,1,11,91349,VERB,10,mixed
0.02,lost,shorter,2,9,110196,ADJ,7,mixed
0.07,lost,shorter,7,15,110196,ADP,8,mixed
-0.03,lost,shorter,-3,1,110196,ADV,4,mixed
-0.01,lost,shorter,-1,4,110196,AUX,5,mixed
0.02,lost,shorter,2,4,110196,CCONJ,2,mixed
0.07,lost,shorter,7,21,110196,DET,14,mixed
0.09,lost,shorter,9,27,110196,NOUN,18,mixed
0.01,lost,shorter,1,3,110196,PRON,2,mixed
0.02,lost,shorter,2,2,110196,PROPN,0,mixed
0.01,lost,shorter,1,1,110196,SCONJ,0,mixed
0.08,lost,shorter,8,13,110196,VERB,5,mixed
0.057971014492753624,lost,shorter,4,4,441614,ADJ,0,lost
0.11594202898550725,lost,shorter,8,10,441614,ADP,2,lost
0.028985507246376812,lost,shorter,2,2,441614,ADV,0,lost
0.057971014492753624,lost,shorter,4,4,441614,AUX,0,lost
0.043478260869565216,lost,shorter,3,3,441614,CCONJ,0,lost
0.17391304347826086,lost,shorter,12,15,441614,DET,3,lost
0.21739130434782608,lost,shorter,15,19,441614,NOUN,4,lost
0.014492753623188406,lost,shorter,1,1,441614,PART,0,lost
0.028985507246376812,lost,shorter,2,3,441614,PRON,1,lost
0.10144927536231885,lost,shorter,7,8,441614,VERB,1,lost
0.02247191011235955,unchanged,shorter,2,4,35966,ADJ,2,mixed
0.0898876404494382,unchanged,shorter,8,15,35966,ADP,7,mixed
0.011235955056179775,unchanged,shorter,1,1,35966,ADV,0,mixed
0.02247191011235955,unchanged,shorter,2,5,35966,AUX,3,mixed
0.011235955056179775,unchanged,shorter,1,3,35966,CCONJ,2,mixed
0.12359550561797752,unchanged,shorter,11,19,35966,DET,8,mixed
0.1348314606741573,unchanged,shorter,12,25,35966,NOUN,13,mixed
0.011235955056179775,unchanged,shorter,1,1,35966,PART,0,mixed
0.0,unchanged,shorter,0,4,35966,PRON,4,mixed
0.011235955056179775,unchanged,shorter,1,1,35966,SCONJ,0,mixed
0.056179775280898875,unchanged,shorter,5,11,35966,VERB,6,mixed
0.05504587155963303,lost,shorter,6,7,458778,ADJ,1,mixed
0.09174311926605505,lost,shorter,10,15,458778,ADP,5,mixed
0.009174311926605505,lost,shorter,1,2,458778,ADV,1,mixed
0.03669724770642202,lost,shorter,4,7,458778,AUX,3,mixed
0.01834862385321101,lost,shorter,2,5,458778,CCONJ,3,mixed
0.12844036697247707,lost,shorter,14,26,458778,DET,12,mixed
0.1743119266055046,lost,shorter,19,33,458778,NOUN,14,mixed
0.009174311926605505,lost,shorter,1,1,458778,PRON,0,mixed
0.01834862385321101,lost,shorter,2,2,458778,PROPN,0,mixed
0.009174311926605505,lost,shorter,1,1,458778,SCONJ,0,mixed
0.05504587155963303,lost,shorter,6,10,458778,VERB,4,mixed
0.08695652173913043,lost,shorter,6,8,578383,ADJ,2,mixed
0.057971014492753624,lost,shorter,4,10,578383,ADP,6,mixed
0.028985507246376812,lost,shorter,2,5,578383,ADV,3,mixed
0.043478260869565216,lost,shorter,3,4,578383,AUX,1,mixed
0.0,lost,shorter,0,2,578383,CCONJ,2,mixed
0.043478260869565216,lost,shorter,3,12,578383,DET,9,mixed
0.057971014492753624,lost,shorter,4,17,578383,NOUN,13,mixed
0.014492753623188406,lost,shorter,1,1,578383,NUM,0,mixed
0.014492753623188406,lost,shorter,1,1,578383,PART,0,mixed
-0.028985507246376812,lost,shorter,-2,1,578383,PRON,3,mixed
0.014492753623188406,lost,shorter,1,1,578383,SCONJ,0,mixed
0.028985507246376812,lost,shorter,2,7,578383,VERB,5,mixed
0.037037037037037035,lost,shorter,3,6,361521,ADJ,3,mixed
0.07407407407407407,lost,shorter,6,9,361521,ADP,3,mixed
0.0,lost,shorter,0,2,361521,ADV,2,mixed
0.012345679012345678,lost,shorter,1,4,361521,AUX,3,mixed
0.012345679012345678,lost,shorter,1,4,361521,CCONJ,3,mixed
0.08641975308641975,lost,shorter,7,18,361521,DET,11,mixed
0.12345679012345678,lost,shorter,10,24,361521,NOUN,14,mixed
0.024691358024691357,lost,shorter,2,2,361521,PART,0,mixed
-0.012345679012345678,lost,shorter,-1,2,361521,PRON,3,mixed
0.037037037037037035,lost,shorter,3,10,361521,VERB,7,mixed
0.06315789473684211,unresolved,shorter,6,9,340934,ADJ,3,unresolved
0.09473684210526316,unresolved,shorter,9,11,340934,ADP,2,unresolved
0.021052631578947368,unresolved,shorter,2,3,340934,ADV,1,unresolved
0.010526315789473684,unresolved,shorter,1,4,340934,AUX,3,unresolved
0.021052631578947368,unresolved,shorter,2,5,340934,CCONJ,3,unresolved
0.11578947368421053,unresolved,shorter,11,19,340934,DET,8,unresolved
0.17894736842105263,unresolved,shorter,17,28,340934,NOUN,11,unresolved
0.010526315789473684,unresolved,shorter,1,1,340934,PART,0,unresolved
0.021052631578947368,unresolved,shorter,2,2,340934,PRON,0,unresolved
0.10526315789473684,unresolved,shorter,10,13,340934,VERB,3,unresolved
0.0,unresolved,shorter,0,5,274298,ADJ,5,unresolved
-0.034482758620689655,unresolved,shorter,-2,6,274298,ADP,8,unresolved
0.034482758620689655,unresolved,shorter,2,4,274298,ADV,2,unresolved
-0.034482758620689655,unresolved,shorter,-2,3,274298,AUX,5,unresolved
0.05172413793103448,unresolved,shorter,3,4,274298,CCONJ,1,unresolved
0.034482758620689655,unresolved,shorter,2,12,274298,DET,10,unresolved
0.017241379310344827,unresolved,shorter,1,14,274298,NOUN,13,unresolved
-0.034482758620689655,unresolved,shorter,-2,1,274298,NUM,3,unresolved
0.017241379310344827,unresolved,shorter,1,1,274298,PART,0,unresolved
0.0,unresolved,shorter,0,1,274298,PRON,1,unresolved
-0.017241379310344827,unresolved,shorter,-1,0,274298,SCONJ,1,unresolved
0.017241379310344827,unresolved,shorter,1,7,274298,VERB,6,unresolved
0.010309278350515464,unchanged,shorter,1,6,467966,ADJ,5,unresolved
0.061855670103092786,unchanged,shorter,6,14,467966,ADP,8,unresolved
0.010309278350515464,unchanged,shorter,1,4,467966,ADV,3,unresolved
0.010309278350515464,unchanged,shorter,1,6,467966,AUX,5,unresolved
0.030927835051546393,unchanged,shorter,3,5,467966,CCONJ,2,unresolved
0.07216494845360824,unchanged,shorter,7,17,467966,DET,10,unresolved
0.09278350515463918,unchanged,shorter,9,24,467966,NOUN,15,unresolved
-0.010309278350515464,unchanged,shorter,-1,0,467966,NUM,1,unresolved
0.020618556701030927,unchanged,shorter,2,2,467966,PART,0,unresolved
0.0,unchanged,shorter,0,4,467966,PRON,4,unresolved
0.0,unchanged,shorter,0,1,467966,SCONJ,1,unresolved
0.08247422680412371,unchanged,shorter,8,14,467966,VERB,6,unresolved
0.0625,unchanged,shorter,6,9,448657,ADJ,3,mixed
0.11458333333333333,unchanged,shorter,11,13,448657,ADP,2,mixed
0.041666666666666664,unchanged,shorter,4,4,448657,ADV,0,mixed
0.020833333333333332,unchanged,shorter,2,4,448657,AUX,2,mixed
0.03125,unchanged,shorter,3,5,448657,CCONJ,2,mixed
0.13541666666666666,unchanged,shorter,13,20,448657,DET,7,mixed
0.16666666666666666,unchanged,shorter,16,25,448657,NOUN,9,mixed
0.03125,unchanged,shorter,3,4,448657,PRON,1,mixed
0.010416666666666666,unchanged,shorter,1,1,448657,SCONJ,0,mixed
0.0625,unchanged,shorter,6,11,448657,VERB,5,mixed
0.046511627906976744,unresolved,shorter,4,7,381925,ADJ,3,mixed
0.03488372093023256,unresolved,shorter,3,8,381925,ADP,5,mixed
0.023255813953488372,unresolved,shorter,2,2,381925,ADV,0,mixed
0.023255813953488372,unresolved,shorter,2,5,381925,AUX,3,mixed
0.046511627906976744,unresolved,shorter,4,6,381925,CCONJ,2,mixed
0.09302325581395349,unresolved,shorter,8,15,381925,DET,7,mixed
0.12790697674418605,unresolved,shorter,11,22,381925,NOUN,11,mixed
0.023255813953488372,unresolved,shorter,2,2,381925,PART,0,mixed
0.03488372093023256,unresolved,shorter,3,6,381925,PRON,3,mixed
0.08139534883720931,unresolved,shorter,7,13,381925,VERB,6,mixed
0.04285714285714286,unresolved,shorter,3,6,85162,ADJ,3,unresolved
-0.014285714285714285,unresolved,shorter,-1,6,85162,ADP,7,unresolved
0.02857142857142857,unresolved,shorter,2,4,85162,ADV,2,unresolved
0.02857142857142857,unresolved,shorter,2,3,85162,AUX,1,unresolved
0.05714285714285714,unresolved,shorter,4,5,85162,CCONJ,1,unresolved
0.14285714285714285,unresolved,shorter,10,15,85162,DET,5,unresolved
0.14285714285714285,unresolved,shorter,10,19,85162,NOUN,9,unresolved
0.014285714285714285,unresolved,shorter,1,1,85162,PART,0,unresolved
-0.014285714285714285,unresolved,shorter,-1,2,85162,PRON,3,unresolved
0.07142857142857142,unresolved,shorter,5,9,85162,VERB,4,unresolved
0.046511627906976744,lost,shorter,4,6,581863,ADJ,2,mixed
0.11627906976744186,lost,shorter,10,10,581863,ADP,0,mixed
0.03488372093023256,lost,shorter,3,3,581863,ADV,0,mixed
0.06976744186046512,lost,shorter,6,6,581863,AUX,0,mixed
0.046511627906976744,lost,shorter,4,5,581863,CCONJ,1,mixed
0.18604651162790697,lost,shorter,16,19,581863,DET,3,mixed
0.22093023255813954,lost,shorter,19,23,581863,NOUN,4,mixed
0.011627906976744186,lost,shorter,1,1,581863,NUM,0,mixed
0.023255813953488372,lost,shorter,2,2,581863,PRON,0,mixed
0.011627906976744186,lost,shorter,1,1,581863,SCONJ,0,mixed
0.10465116279069768,lost,shorter,9,10,581863,VERB,1,mixed
0.0,unresolved,shorter,0,5,567740,ADJ,5,unresolved
0.09090909090909091,unresolved,shorter,8,11,567740,ADP,3,unresolved
0.045454545454545456,unresolved,shorter,4,4,567740,ADV,0,unresolved
-0.03409090909090909,unresolved,shorter,-3,4,567740,AUX,7,unresolved
0.0,unresolved,shorter,0,3,567740,CCONJ,3,unresolved
0.07954545454545454,unresolved,shorter,7,14,567740,DET,7,unresolved
0.1590909090909091,unresolved,shorter,14,27,567740,NOUN,13,unresolved
0.0,unresolved,shorter,0,2,567740,NUM,2,unresolved
0.045454545454545456,unresolved,shorter,4,6,567740,PRON,2,unresolved
0.011363636363636364,unresolved,shorter,1,1,567740,SCONJ,0,unresolved
0.045454545454545456,unresolved,shorter,4,11,567740,VERB,7,unresolved
0.04395604395604396,unresolved,shorter,4,12,327590,ADJ,8,mixed
0.054945054945054944,unresolved,shorter,5,13,327590,ADP,8,mixed
0.0,unresolved,shorter,0,1,327590,ADV,1,mixed
0.0,unresolved,shorter,0,1,327590,AUX,1,mixed
0.02197802197802198,unresolved,shorter,2,6,327590,CCONJ,4,mixed
0.07692307692307693,unresolved,shorter,7,17,327590,DET,10,mixed
0.12087912087912088,unresolved,shorter,11,26,327590,NOUN,15,mixed
-0.02197802197802198,unresolved,shorter,-2,3,327590,NUM,5,mixed
-0.02197802197802198,unresolved,shorter,-2,1,327590,PRON,3,mixed
0.01098901098901099,unresolved,shorter,1,1,327590,PROPN,0,mixed
0.06593406593406594,unresolved,shorter,6,10,327590,VERB,4,mixed
-0.014084507042253521,lost,shorter,-1,0,32001,ADJ,1,mixed
0.0,lost,shorter,0,6,32001,ADP,6,mixed
0.014084507042253521,lost,shorter,1,1,32001,ADV,0,mixed
0.056338028169014086,lost,shorter,4,6,32001,AUX,2,mixed
0.028169014084507043,lost,shorter,2,4,32001,CCONJ,2,mixed
0.04225352112676056,lost,shorter,3,17,32001,DET,14,mixed
0.04225352112676056,lost,shorter,3,19,32001,NOUN,16,mixed
-0.014084507042253521,lost,shorter,-1,0,32001,NUM,1,mixed
0.014084507042253521,lost,shorter,1,1,32001,PART,0,mixed
0.028169014084507043,lost,shorter,2,4,32001,PRON,2,mixed
0.08450704225352113,lost,shorter,6,13,32001,VERB,7,mixed
0.0,mixed,shorter,0,7,293545,ADJ,7,mixed
0.0990990990990991,mixed,shorter,11,17,293545,ADP,6,mixed
0.036036036036036036,mixed,shorter,4,5,293545,ADV,1,mixed
0.04504504504504504,mixed,shorter,5,5,293545,AUX,0,mixed
0.0,mixed,shorter,0,6,293545,CCONJ,6,mixed
0.0990990990990991,mixed,shorter,11,18,293545,DET,7,mixed
0.11711711711711711,mixed,shorter,13,37,293545,NOUN,24,mixed
0.018018018018018018,mixed,shorter,2,3,293545,PRON,1,mixed
0.09009009009009009,mixed,shorter,10,13,293545,VERB,3,mixed
0.04081632653061224,gained,shorter,4,8,523677,ADJ,4,mixed
0.02040816326530612,gained,shorter,2,12,523677,ADP,10,mixed
0.01020408163265306,gained,shorter,1,5,523677,ADV,4,mixed
0.01020408163265306,gained,shorter,1,3,523677,AUX,2,mixed
0.01020408163265306,gained,shorter,1,4,523677,CCONJ,3,mixed
0.07142857142857142,gained,shorter,7,16,523677,DET,9,mixed
0.10204081632653061,gained,shorter,10,32,523677,NOUN,22,mixed
-0.01020408163265306,gained,shorter,-1,1,523677,NUM,2,mixed
0.01020408163265306,gained,shorter,1,1,523677,PART,0,mixed
0.0,gained,shorter,0,3,523677,PRON,3,mixed
0.09183673469387756,gained,shorter,9,13,523677,VERB,4,mixed
0.06593406593406594,unchanged,shorter,6,7,226404,ADJ,1,mixed
0.06593406593406594,unchanged,shorter,6,9,226404,ADP,3,mixed
0.0,unchanged,shorter,0,2,226404,ADV,2,mixed
0.02197802197802198,unchanged,shorter,2,4,226404,AUX,2,mixed
0.02197802197802198,unchanged,shorter,2,4,226404,CCONJ,2,mixed
0.01098901098901099,unchanged,shorter,1,14,226404,DET,13,mixed
0.13186813186813187,unchanged,shorter,12,25,226404,NOUN,13,mixed
0.03296703296703297,unchanged,shorter,3,3,226404,PART,0,mixed
0.04395604395604396,unchanged,shorter,4,5,226404,PRON,1,mixed
0.02197802197802198,unchanged,shorter,2,2,226404,SCONJ,0,mixed
0.10989010989010989,unchanged,shorter,10,16,226404,VERB,6,mixed
0.015625,mixed,shorter,1,5,158414,ADJ,4,mixed
0.0625,mixed,shorter,4,7,158414,ADP,3,mixed
0.0,mixed,shorter,0,1,158414,ADV,1,mixed
-0.015625,mixed,shorter,-1,2,158414,AUX,3,mixed
-0.015625,mixed,shorter,-1,1,158414,CCONJ,2,mixed
0.015625,mixed,shorter,1,10,158414,DET,9,mixed
0.03125,mixed,shorter,2,16,158414,NOUN,14,mixed
0.015625,mixed,shorter,1,2,158414,PART,1,mixed
0.078125,mixed,shorter,5,6,158414,PRON,1,mixed
0.015625,mixed,shorter,1,1,158414,PROPN,0,mixed
0.015625,mixed,shorter,1,2,158414,SCONJ,1,mixed
0.0625,mixed,shorter,4,11,158414,VERB,7,mixed
-0.009523809523809525,lost,shorter,-1,6,49151,ADJ,7,mixed
-0.009523809523809525,lost,shorter,-1,14,49151,ADP,15,mixed
-0.009523809523809525,lost,shorter,-1,1,49151,ADV,2,mixed
0.0761904761904762,lost,shorter,8,10,49151,AUX,2,mixed
0.01904761904761905,lost,shorter,2,4,49151,CCONJ,2,mixed
0.01904761904761905,lost,shorter,2,18,49151,DET,16,mixed
0.02857142857142857,lost,shorter,3,26,49151,NOUN,23,mixed
0.01904761904761905,lost,shorter,2,5,49151,NUM,3,mixed
0.009523809523809525,lost,shorter,1,1,49151,PART,0,mixed
-0.0380952380952381,lost,shorter,-4,3,49151,PRON,7,mixed
0.01904761904761905,lost,shorter,2,2,49151,SCONJ,0,mixed
0.09523809523809523,lost,shorter,10,15,49151,VERB,5,mixed
0.010638297872340425,unchanged,shorter,1,4,120340,ADJ,3,mixed
0.14893617021276595,unchanged,shorter,14,14,120340,ADP,0,mixed
0.0425531914893617,unchanged,shorter,4,4,120340,ADV,0,mixed
0.06382978723404255,unchanged,shorter,6,8,120340,AUX,2,mixed
0.010638297872340425,unchanged,shorter,1,2,120340,CCONJ,1,mixed
0.1595744680851064,unchanged,shorter,15,18,120340,DET,3,mixed
0.1702127659574468,unchanged,shorter,16,21,120340,NOUN,5,mixed
0.010638297872340425,unchanged,shorter,1,1,120340,NUM,0,mixed
0.0,unchanged,shorter,0,1,120340,PART,1,mixed
0.031914893617021274,unchanged,shorter,3,5,120340,PRON,2,mixed
0.010638297872340425,unchanged,shorter,1,1,120340,SCONJ,0,mixed
0.13829787234042554,unchanged,shorter,13,15,120340,VERB,2,mixed
0.021052631578947368,unresolved,shorter,2,9,572184,ADJ,7,unresolved
0.06315789473684211,unresolved,shorter,6,14,572184,ADP,8,unresolved
0.05263157894736842,unresolved,shorter,5,5,572184,ADV,0,unresolved
0.021052631578947368,unresolved,shorter,2,4,572184,AUX,2,unresolved
0.021052631578947368,unresolved,shorter,2,4,572184,CCONJ,2,unresolved
0.11578947368421053,unresolved,shorter,11,18,572184,DET,7,unresolved
0.11578947368421053,unresolved,shorter,11,22,572184,NOUN,11,unresolved
-0.010526315789473684,unresolved,shorter,-1,2,572184,NUM,3,unresolved
0.0,unresolved,shorter,0,1,572184,PART,1,unresolved
0.0,unresolved,shorter,0,4,572184,PRON,4,unresolved
0.09473684210526316,unresolved,shorter,9,12,572184,VERB,3,unresolved
0.109375,unresolved,shorter,7,7,214124,ADJ,0,unresolved
0.03125,unresolved,shorter,2,5,214124,ADP,3,unresolved
0.03125,unresolved,shorter,2,2,214124,ADV,0,unresolved
0.046875,unresolved,shorter,3,3,214124,AUX,0,unresolved
0.015625,unresolved,shorter,1,2,214124,CCONJ,1,unresolved
0.1875,unresolved,shorter,12,13,214124,DET,1,unresolved
0.203125,unresolved,shorter,13,17,214124,NOUN,4,unresolved
0.046875,unresolved,shorter,3,3,214124,PART,0,unresolved
0.0,unresolved,shorter,0,1,214124,PRON,1,unresolved
0.015625,unresolved,shorter,1,1,214124,SCONJ,0,unresolved
0.15625,unresolved,shorter,10,10,214124,VERB,0,unresolved
0.08928571428571429,lost,shorter,5,8,474439,ADJ,3,mixed
0.03571428571428571,lost,shorter,2,7,474439,ADP,5,mixed
0.0,lost,shorter,0,1,474439,ADV,1,mixed
-0.03571428571428571,lost,shorter,-2,2,474439,AUX,4,mixed
0.0,lost,shorter,0,5,474439,CCONJ,5,mixed
0.017857142857142856,lost,shorter,1,9,474439,DET,8,mixed
0.0,lost,shorter,0,15,474439,NOUN,15,mixed
-0.017857142857142856,lost,shorter,-1,0,474439,PART,1,mixed
0.0,lost,shorter,0,2,474439,PRON,2,mixed
0.05357142857142857,lost,shorter,3,7,474439,VERB,4,mixed
0.07142857142857142,lost,shorter,7,9,276971,ADJ,2,unresolved
0.07142857142857142,lost,shorter,7,16,276971,ADP,9,unresolved
0.02040816326530612,lost,shorter,2,4,276971,ADV,2,unresolved
0.01020408163265306,lost,shorter,1,4,276971,AUX,3,unresolved
0.0,lost,shorter,0,2,276971,CCONJ,2,unresolved
0.05102040816326531,lost,shorter,5,18,276971,DET,13,unresolved
0.08163265306122448,lost,shorter,8,27,276971,NOUN,19,unresolved
0.02040816326530612,lost,shorter,2,4,276971,NUM,2,unresolved
0.01020408163265306,lost,shorter,1,1,276971,PART,0,unresolved
0.01020408163265306,lost,shorter,1,2,276971,PRON,1,unresolved
-0.01020408163265306,lost,shorter,-1,0,276971,SCONJ,1,unresolved
0.05102040816326531,lost,shorter,5,11,276971,VERB,6,unresolved
0.07228915662650602,unresolved,shorter,6,11,168583,ADJ,5,unresolved
0.060240963855421686,unresolved,shorter,5,8,168583,ADP,3,unresolved
-0.012048192771084338,unresolved,shorter,-1,2,168583,ADV,3,unresolved
0.024096385542168676,unresolved,shorter,2,6,168583,AUX,4,unresolved
0.024096385542168676,unresolved,shorter,2,4,168583,CCONJ,2,unresolved
0.012048192771084338,unresolved,shorter,1,14,168583,DET,13,unresolved
0.024096385542168676,unresolved,shorter,2,17,168583,NOUN,15,unresolved
-0.012048192771084338,unresolved,shorter,-1,1,168583,PART,2,unresolved
0.03614457831325301,unresolved,shorter,3,8,168583,PRON,5,unresolved
0.0,unresolved,shorter,0,1,168583,SCONJ,1,unresolved
0.03614457831325301,unresolved,shorter,3,11,168583,VERB,8,unresolved
0.01639344262295082,unresolved,shorter,1,5,286591,ADJ,4,unresolved
0.04918032786885246,unresolved,shorter,3,8,286591,ADP,5,unresolved
0.0,unresolved,shorter,0,1,286591,ADV,1,unresolved
0.0,unresolved,shorter,0,2,286591,AUX,2,unresolved
-0.03278688524590164,unresolved,shorter,-2,2,286591,CCONJ,4,unresolved
0.01639344262295082,unresolved,shorter,1,13,286591,DET,12,unresolved
0.03278688524590164,unresolved,shorter,2,19,286591,NOUN,17,unresolved
-0.03278688524590164,unresolved,shorter,-2,0,286591,NUM,2,unresolved
-0.01639344262295082,unresolved,shorter,-1,1,286591,PRON,2,unresolved
0.08196721311475409,unresolved,shorter,5,10,286591,VERB,5,unresolved
0.0375,unresolved,shorter,3,8,417586,ADJ,5,unresolved
0.075,unresolved,shorter,6,11,417586,ADP,5,unresolved
0.025,unresolved,shorter,2,2,417586,ADV,0,unresolved
0.0125,unresolved,shorter,1,6,417586,AUX,5,unresolved
0.0125,unresolved,shorter,1,4,417586,CCONJ,3,unresolved
0.1,unresolved,shorter,8,14,417586,DET,6,unresolved
0.1,unresolved,shorter,8,17,417586,NOUN,9,unresolved
0.0125,unresolved,shorter,1,2,417586,NUM,1,unresolved
0.0125,unresolved,shorter,1,2,417586,PART,1,unresolved
0.025,unresolved,shorter,2,2,417586,PRON,0,unresolved
0.0125,unresolved,shorter,1,1,417586,SCONJ,0,unresolved
0.0875,unresolved,shorter,7,11,417586,VERB,4,unresolved
0.016666666666666666,unresolved,shorter,1,3,96034,ADJ,2,mixed
0.03333333333333333,unresolved,shorter,2,7,96034,ADP,5,mixed
0.0,unresolved,shorter,0,1,96034,ADV,1,mixed
-0.016666666666666666,unresolved,shorter,-1,3,96034,AUX,4,mixed
-0.016666666666666666,unresolved,shorter,-1,1,96034,CCONJ,2,mixed
0.0,unresolved,shorter,0,12,96034,DET,12,mixed
0.08333333333333333,unresolved,shorter,5,17,96034,NOUN,12,mixed
0.016666666666666666,unresolved,shorter,1,2,96034,PART,1,mixed
0.0,unresolved,shorter,0,2,96034,PRON,2,mixed
0.0,unresolved,shorter,0,3,96034,PROPN,3,mixed
0.0,unresolved,shorter,0,9,96034,VERB,9,mixed
0.041666666666666664,lost,shorter,3,5,168543,ADJ,2,unresolved
0.1388888888888889,lost,shorter,10,11,168543,ADP,1,unresolved
0.05555555555555555,lost,shorter,4,4,168543,ADV,0,unresolved
0.041666666666666664,lost,shorter,3,4,168543,AUX,1,unresolved
0.16666666666666666,lost,shorter,12,14,168543,DET,2,unresolved
0.2222222222222222,lost,shorter,16,19,168543,NOUN,3,unresolved
0.013888888888888888,lost,shorter,1,1,168543,PART,0,unresolved
0.041666666666666664,lost,shorter,3,3,168543,PRON,0,unresolved
0.013888888888888888,lost,shorter,1,1,168543,SCONJ,0,unresolved
0.125,lost,shorter,9,10,168543,VERB,1,unresolved
-0.02666666666666667,unresolved,shorter,-2,4,89618,ADJ,6,unresolved
0.04,unresolved,shorter,3,13,89618,ADP,10,unresolved
0.0,unresolved,shorter,0,1,89618,ADV,1,unresolved
0.04,unresolved,shorter,3,3,89618,AUX,0,unresolved
0.0,unresolved,shorter,0,3,89618,CCONJ,3,unresolved
0.06666666666666667,unresolved,shorter,5,16,89618,DET,11,unresolved
0.05333333333333334,unresolved,shorter,4,23,89618,NOUN,19,unresolved
-0.04,unresolved,shorter,-3,3,89618,NUM,6,unresolved
0.013333333333333334,unresolved,shorter,1,1,89618,PART,0,unresolved
-0.04,unresolved,shorter,-3,1,89618,PRON,4,unresolved
0.0,unresolved,shorter,0,1,89618,SCONJ,1,unresolved
0.013333333333333334,unresolved,shorter,1,6,89618,VERB,5,unresolved
-0.037037037037037035,gained,shorter,-2,6,239005,ADJ,8,gained
0.0,gained,shorter,0,6,239005,ADP,6,gained
0.0,gained,shorter,0,1,239005,ADV,1,gained
0.018518518518518517,gained,shorter,1,4,239005,AUX,3,gained
0.0,gained,shorter,0,4,239005,CCONJ,4,gained
0.037037037037037035,gained,shorter,2,12,239005,DET,10,gained
0.0,gained,shorter,0,15,239005,NOUN,15,gained
0.018518518518518517,gained,shorter,1,1,239005,PART,0,gained
-0.037037037037037035,gained,shorter,-2,0,239005,PRON,2,gained
0.018518518518518517,gained,shorter,1,5,239005,VERB,4,gained
0.04,unresolved,shorter,2,4,476796,ADJ,2,unresolved
0.06,unresolved,shorter,3,4,476796,ADP,1,unresolved
0.04,unresolved,shorter,2,2,476796,ADV,0,unresolved
0.04,unresolved,shorter,2,2,476796,AUX,0,unresolved
0.04,unresolved,shorter,2,2,476796,CCONJ,0,unresolved
0.14,unresolved,shorter,7,10,476796,DET,3,unresolved
0.2,unresolved,shorter,10,13,476796,NOUN,3,unresolved
0.04,unresolved,shorter,2,2,476796,PART,0,unresolved
0.04,unresolved,shorter,2,2,476796,PRON,0,unresolved
0.02,unresolved,shorter,1,1,476796,SCONJ,0,unresolved
0.12,unresolved,shorter,6,8,476796,VERB,2,unresolved
-0.025974025974025976,gained,shorter,-2,3,372428,ADJ,5,mixed
0.07792207792207792,gained,shorter,6,13,372428,ADP,7,mixed
0.07792207792207792,gained,shorter,6,6,372428,ADV,0,mixed
-0.025974025974025976,gained,shorter,-2,2,372428,AUX,4,mixed
-0.05194805194805195,gained,shorter,-4,2,372428,CCONJ,6,mixed
0.07792207792207792,gained,shorter,6,14,372428,DET,8,mixed
0.025974025974025976,gained,shorter,2,20,372428,NOUN,18,mixed
0.025974025974025976,gained,shorter,2,2,372428,NUM,0,mixed
0.012987012987012988,gained,shorter,1,1,372428,PART,0,mixed
-0.012987012987012988,gained,shorter,-1,3,372428,PRON,4,mixed
0.03896103896103896,gained,shorter,3,11,372428,VERB,8,mixed
0.03669724770642202,mixed,shorter,4,7,483723,ADJ,3,mixed
0.07339449541284404,mixed,shorter,8,13,483723,ADP,5,mixed
0.05504587155963303,mixed,shorter,6,6,483723,ADV,0,mixed
-0.009174311926605505,mixed,shorter,-1,4,483723,AUX,5,mixed
0.03669724770642202,mixed,shorter,4,4,483723,CCONJ,0,mixed
0.10091743119266056,mixed,shorter,11,18,483723,DET,7,mixed
0.1926605504587156,mixed,shorter,21,32,483723,NOUN,11,mixed
-0.009174311926605505,mixed,shorter,-1,1,483723,NUM,2,mixed
0.009174311926605505,mixed,shorter,1,1,483723,PART,0,mixed
0.03669724770642202,mixed,shorter,4,7,483723,PRON,3,mixed
0.01834862385321101,mixed,shorter,2,3,483723,SCONJ,1,mixed
0.07339449541284404,mixed,shorter,8,13,483723,VERB,5,mixed
0.08653846153846154,lost,shorter,9,13,160004,ADJ,4,mixed
0.0673076923076923,lost,shorter,7,11,160004,ADP,4,mixed
-0.009615384615384616,lost,shorter,-1,0,160004,ADV,1,mixed
0.038461538461538464,lost,shorter,4,6,160004,AUX,2,mixed
0.009615384615384616,lost,shorter,1,3,160004,CCONJ,2,mixed
0.14423076923076922,lost,shorter,15,20,160004,DET,5,mixed
0.18269230769230768,lost,shorter,19,33,160004,NOUN,14,mixed
0.019230769230769232,lost,shorter,2,2,160004,PART,0,mixed
0.038461538461538464,lost,shorter,4,4,160004,PRON,0,mixed
-0.019230769230769232,lost,shorter,-2,0,160004,PROPN,2,mixed
0.07692307692307693,lost,shorter,8,12,160004,VERB,4,mixed
-0.023255813953488372,unresolved,shorter,-2,7,246252,ADJ,9,unresolved
0.03488372093023256,unresolved,shorter,3,9,246252,ADP,6,unresolved
0.023255813953488372,unresolved,shorter,2,2,246252,ADV,0,unresolved
-0.011627906976744186,unresolved,shorter,-1,6,246252,AUX,7,unresolved
0.0,unresolved,shorter,0,1,246252,CCONJ,1,unresolved
0.06976744186046512,unresolved,shorter,6,15,246252,DET,9,unresolved
0.09302325581395349,unresolved,shorter,8,23,246252,NOUN,15,unresolved
-0.011627906976744186,unresolved,shorter,-1,2,246252,NUM,3,unresolved
0.0,unresolved,shorter,0,1,246252,PART,1,unresolved
0.0,unresolved,shorter,0,4,246252,PRON,4,unresolved
0.011627906976744186,unresolved,shorter,1,1,246252,PROPN,0,unresolved
0.023255813953488372,unresolved,shorter,2,3,246252,SCONJ,1,unresolved
0.08139534883720931,unresolved,shorter,7,12,246252,VERB,5,unresolved
0.07894736842105263,unresolved,shorter,6,8,553747,ADJ,2,unresolved
0.09210526315789473,unresolved,shorter,7,8,553747,ADP,1,unresolved
0.013157894736842105,unresolved,shorter,1,1,553747,ADV,0,unresolved
0.05263157894736842,unresolved,shorter,4,7,553747,AUX,3,unresolved
0.039473684210526314,unresolved,shorter,3,3,553747,CCONJ,0,unresolved
0.14473684210526316,unresolved,shorter,11,13,553747,DET,2,unresolved
0.18421052631578946,unresolved,shorter,14,17,553747,NOUN,3,unresolved
0.013157894736842105,unresolved,shorter,1,2,553747,PART,1,unresolved
0.02631578947368421,unresolved,shorter,2,5,553747,PRON,3,unresolved
0.0,unresolved,shorter,0,2,553747,SCONJ,2,unresolved
0.09210526315789473,unresolved,shorter,7,10,553747,VERB,3,unresolved
0.04,unchanged,shorter,2,4,332777,ADJ,2,unresolved
0.02,unchanged,shorter,1,7,332777,ADP,6,unresolved
-0.02,unchanged,shorter,-1,1,332777,ADV,2,unresolved
0.0,unchanged,shorter,0,3,332777,AUX,3,unresolved
0.02,unchanged,shorter,1,2,332777,CCONJ,1,unresolved
0.06,unchanged,shorter,3,11,332777,DET,8,unresolved
0.08,unchanged,shorter,4,13,332777,NOUN,9,unresolved
0.02,unchanged,shorter,1,1,332777,PART,0,unresolved
0.0,unchanged,shorter,0,1,332777,PRON,1,unresolved
0.08,unchanged,shorter,4,7,332777,VERB,3,unresolved
0.07246376811594203,unresolved,shorter,5,5,145073,ADJ,0,unresolved
0.08695652173913043,unresolved,shorter,6,10,145073,ADP,4,unresolved
0.028985507246376812,unresolved,shorter,2,2,145073,ADV,0,unresolved
0.057971014492753624,unresolved,shorter,4,5,145073,AUX,1,unresolved
0.028985507246376812,unresolved,shorter,2,3,145073,CCONJ,1,unresolved
0.10144927536231885,unresolved,shorter,7,14,145073,DET,7,unresolved
0.15942028985507245,unresolved,shorter,11,21,145073,NOUN,10,unresolved
0.014492753623188406,unresolved,shorter,1,1,145073,PART,0,unresolved
0.014492753623188406,unresolved,shorter,1,2,145073,PRON,1,unresolved
0.043478260869565216,unresolved,shorter,3,6,145073,VERB,3,unresolved
-0.021052631578947368,mixed,shorter,-2,5,370207,ADJ,7,mixed
0.031578947368421054,mixed,shorter,3,10,370207,ADP,7,mixed
0.0,mixed,shorter,0,1,370207,ADV,1,mixed
0.021052631578947368,mixed,shorter,2,5,370207,AUX,3,mixed
0.010526315789473684,mixed,shorter,1,5,370207,CCONJ,4,mixed
0.08421052631578947,mixed,shorter,8,20,370207,DET,12,mixed
0.09473684210526316,mixed,shorter,9,31,370207,NOUN,22,mixed
-0.010526315789473684,mixed,shorter,-1,4,370207,PRON,5,mixed
0.010526315789473684,mixed,shorter,1,1,370207,SCONJ,0,mixed
0.042105263157894736,mixed,shorter,4,13,370207,VERB,9,mixed
0.04819277108433735,lost,shorter,4,4,337055,ADJ,0,lost
0.0963855421686747,lost,shorter,8,10,337055,ADP,2,lost
0.024096385542168676,lost,shorter,2,2,337055,ADV,0,lost
0.04819277108433735,lost,shorter,4,5,337055,AUX,1,lost
0.03614457831325301,lost,shorter,3,4,337055,CCONJ,1,lost
0.13253012048192772,lost,shorter,11,13,337055,DET,2,lost
0.2289156626506024,lost,shorter,19,23,337055,NOUN,4,lost
0.024096385542168676,lost,shorter,2,2,337055,PART,0,lost
0.08433734939759036,lost,shorter,7,7,337055,PRON,0,lost
0.14457831325301204,lost,shorter,12,13,337055,VERB,1,lost
0.024390243902439025,lost,shorter,2,5,169436,ADJ,3,mixed
0.06097560975609756,lost,shorter,5,8,169436,ADP,3,mixed
0.024390243902439025,lost,shorter,2,2,169436,ADV,0,mixed
0.012195121951219513,lost,shorter,1,4,169436,AUX,3,mixed
0.0,lost,shorter,0,2,169436,CCONJ,2,mixed
0.12195121951219512,lost,shorter,10,18,169436,DET,8,mixed
0.14634146341463414,lost,shorter,12,25,169436,NOUN,13,mixed
-0.012195121951219513,lost,shorter,-1,2,169436,PART,3,mixed
0.024390243902439025,lost,shorter,2,4,169436,PRON,2,mixed
0.08536585365853659,lost,shorter,7,12,169436,VERB,5,mixed
0.06086956521739131,unresolved,shorter,7,11,45644,ADJ,4,unresolved
0.09565217391304348,unresolved,shorter,11,17,45644,ADP,6,unresolved
0.043478260869565216,unresolved,shorter,5,6,45644,ADV,1,unresolved
0.008695652173913044,unresolved,shorter,1,5,45644,AUX,4,unresolved
0.0,unresolved,shorter,0,5,45644,CCONJ,5,unresolved
0.13043478260869565,unresolved,shorter,15,22,45644,DET,7,unresolved
0.14782608695652175,unresolved,shorter,17,33,45644,NOUN,16,unresolved
-0.008695652173913044,unresolved,shorter,-1,0,45644,PART,1,unresolved
0.008695652173913044,unresolved,shorter,1,2,45644,PRON,1,unresolved
0.017391304347826087,unresolved,shorter,2,3,45644,SCONJ,1,unresolved
0.06956521739130435,unresolved,shorter,8,11,45644,VERB,3,unresolved
0.036585365853658534,gained,shorter,3,6,265518,ADJ,3,unresolved
0.08536585365853659,gained,shorter,7,14,265518,ADP,7,unresolved
0.0,gained,shorter,0,1,265518,ADV,1,unresolved
0.024390243902439025,gained,shorter,2,4,265518,AUX,2,unresolved
0.0,gained,shorter,0,3,265518,CCONJ,3,unresolved
0.07317073170731707,gained,shorter,6,17,265518,DET,11,unresolved
0.10975609756097561,gained,shorter,9,24,265518,NOUN,15,unresolved
0.012195121951219513,gained,shorter,1,1,265518,PART,0,unresolved
0.0,gained,shorter,0,1,265518,PRON,1,unresolved
0.0975609756097561,gained,shorter,8,11,265518,VERB,3,unresolved
0.10638297872340426,unresolved,shorter,10,11,365208,ADJ,1,mixed
0.1276595744680851,unresolved,shorter,12,13,365208,ADP,1,mixed
0.0,unresolved,shorter,0,1,365208,ADV,1,mixed
-0.010638297872340425,unresolved,shorter,-1,2,365208,AUX,3,mixed
0.031914893617021274,unresolved,shorter,3,4,365208,CCONJ,1,mixed
0.18085106382978725,unresolved,shorter,17,22,365208,DET,5,mixed
0.19148936170212766,unresolved,shorter,18,26,365208,NOUN,8,mixed
0.02127659574468085,unresolved,shorter,2,2,365208,NUM,0,mixed
0.02127659574468085,unresolved,shorter,2,3,365208,PRON,1,mixed
0.06382978723404255,unresolved,shorter,6,10,365208,VERB,4,mixed
0.028985507246376812,unresolved,shorter,2,8,221536,ADJ,6,unresolved
0.028985507246376812,unresolved,shorter,2,9,221536,ADP,7,unresolved
0.014492753623188406,unresolved,shorter,1,2,221536,ADV,1,unresolved
0.0,unresolved,shorter,0,3,221536,AUX,3,unresolved
0.057971014492753624,unresolved,shorter,4,5,221536,CCONJ,1,unresolved
0.028985507246376812,unresolved,shorter,2,11,221536,DET,9,unresolved
0.11594202898550725,unresolved,shorter,8,19,221536,NOUN,11,unresolved
0.014492753623188406,unresolved,shorter,1,1,221536,NUM,0,unresolved
0.014492753623188406,unresolved,shorter,1,1,221536,PART,0,unresolved
0.014492753623188406,unresolved,shorter,1,2,221536,PRON,1,unresolved
0.043478260869565216,unresolved,shorter,3,8,221536,VERB,5,unresolved
0.06153846153846154,unresolved,shorter,4,7,298372,ADJ,3,unresolved
0.046153846153846156,unresolved,shorter,3,7,298372,ADP,4,unresolved
0.0,unresolved,shorter,0,1,298372,ADV,1,unresolved
0.015384615384615385,unresolved,shorter,1,5,298372,AUX,4,unresolved
0.03076923076923077,unresolved,shorter,2,4,298372,CCONJ,2,unresolved
0.09230769230769231,unresolved,shorter,6,14,298372,DET,8,unresolved
0.09230769230769231,unresolved,shorter,6,15,298372,NOUN,9,unresolved
0.0,unresolved,shorter,0,1,298372,PART,1,unresolved
0.015384615384615385,unresolved,shorter,1,3,298372,PRON,2,unresolved
0.015384615384615385,unresolved,shorter,1,1,298372,SCONJ,0,unresolved
0.046153846153846156,unresolved,shorter,3,7,298372,VERB,4,unresolved
0.05194805194805195,unresolved,shorter,4,7,388409,ADJ,3,unresolved
0.05194805194805195,unresolved,shorter,4,8,388409,ADP,4,unresolved
0.012987012987012988,unresolved,shorter,1,2,388409,ADV,1,unresolved
0.0,unresolved,shorter,0,2,388409,AUX,2,unresolved
0.03896103896103896,unresolved,shorter,3,4,388409,CCONJ,1,unresolved
0.09090909090909091,unresolved,shorter,7,15,388409,DET,8,unresolved
0.2077922077922078,unresolved,shorter,16,24,388409,NOUN,8,unresolved
-0.012987012987012988,unresolved,shorter,-1,0,388409,PART,1,unresolved
0.025974025974025976,unresolved,shorter,2,3,388409,PRON,1,unresolved
0.012987012987012988,unresolved,shorter,1,1,388409,SCONJ,0,unresolved
0.09090909090909091,unresolved,shorter,7,11,388409,VERB,4,unresolved
0.012195121951219513,unchanged,shorter,1,3,262092,ADJ,2,mixed
0.13414634146341464,unchanged,shorter,11,14,262092,ADP,3,mixed
0.012195121951219513,unchanged,shorter,1,1,262092,ADV,0,mixed
-0.012195121951219513,unchanged,shorter,-1,2,262092,AUX,3,mixed
0.012195121951219513,unchanged,shorter,1,2,262092,CCONJ,1,mixed
0.18292682926829268,unchanged,shorter,15,18,262092,DET,3,mixed
0.24390243902439024,unchanged,shorter,20,25,262092,NOUN,5,mixed
0.012195121951219513,unchanged,shorter,1,2,262092,PART,1,mixed
0.036585365853658534,unchanged,shorter,3,4,262092,PRON,1,mixed
0.012195121951219513,unchanged,shorter,1,1,262092,SCONJ,0,mixed
0.08536585365853659,unchanged,shorter,7,10,262092,VERB,3,mixed
0.06382978723404255,unresolved,shorter,6,7,388829,ADJ,1,unresolved
0.11702127659574468,unresolved,shorter,11,14,388829,ADP,3,unresolved
0.02127659574468085,unresolved,shorter,2,4,388829,AUX,2,unresolved
0.031914893617021274,unresolved,shorter,3,5,388829,CCONJ,2,unresolved
0.1702127659574468,unresolved,shorter,16,20,388829,DET,4,unresolved
0.19148936170212766,unresolved,shorter,18,24,388829,NOUN,6,unresolved
0.010638297872340425,unresolved,shorter,1,1,388829,NUM,0,unresolved
0.02127659574468085,unresolved,shorter,2,2,388829,PART,0,unresolved
0.02127659574468085,unresolved,shorter,2,4,388829,PRON,2,unresolved
0.11702127659574468,unresolved,shorter,11,13,388829,VERB,2,unresolved
0.012345679012345678,lost,shorter,1,5,262987,ADJ,4,mixed
0.012345679012345678,lost,shorter,1,11,262987,ADP,10,mixed
0.012345679012345678,lost,shorter,1,1,262987,ADV,0,mixed
-0.024691358024691357,lost,shorter,-2,1,262987,AUX,3,mixed
0.012345679012345678,lost,shorter,1,3,262987,CCONJ,2,mixed
0.0,lost,shorter,0,16,262987,DET,16,mixed
0.04938271604938271,lost,shorter,4,27,262987,NOUN,23,mixed
0.07407407407407407,lost,shorter,6,6,262987,PRON,0,mixed
-0.012345679012345678,lost,shorter,-1,0,262987,SCONJ,1,mixed
0.09876543209876543,lost,shorter,8,11,262987,VERB,3,mixed
0.0821917808219178,unresolved,shorter,6,10,501047,ADJ,4,mixed
0.0547945205479452,unresolved,shorter,4,11,501047,ADP,7,mixed
0.0273972602739726,unresolved,shorter,2,4,501047,AUX,2,mixed
0.0,unresolved,shorter,0,3,501047,CCONJ,3,mixed
0.0684931506849315,unresolved,shorter,5,14,501047,DET,9,mixed
0.0410958904109589,unresolved,shorter,3,18,501047,NOUN,15,mixed
0.0136986301369863,unresolved,shorter,1,1,501047,PART,0,mixed
0.0273972602739726,unresolved,shorter,2,3,501047,PRON,1,mixed
0.0684931506849315,unresolved,shorter,5,9,501047,VERB,4,mixed
0.022222222222222223,unresolved,shorter,2,7,494014,ADJ,5,mixed
0.1111111111111111,unresolved,shorter,10,15,494014,ADP,5,mixed
0.011111111111111112,unresolved,shorter,1,1,494014,ADV,0,mixed
0.03333333333333333,unresolved,shorter,3,5,494014,AUX,2,mixed
0.0,unresolved,shorter,0,2,494014,CCONJ,2,mixed
0.1,unresolved,shorter,9,18,494014,DET,9,mixed
0.13333333333333333,unresolved,shorter,12,22,494014,NOUN,10,mixed
0.022222222222222223,unresolved,shorter,2,2,494014,NUM,0,mixed
0.011111111111111112,unresolved,shorter,1,2,494014,PART,1,mixed
0.022222222222222223,unresolved,shorter,2,4,494014,PRON,2,mixed
0.0,unresolved,shorter,0,1,494014,PROPN,1,mixed
0.05555555555555555,unresolved,shorter,5,11,494014,VERB,6,mixed
0.12280701754385964,unchanged,shorter,7,7,581451,ADJ,0,lost
0.10526315789473684,unchanged,shorter,6,8,581451,ADP,2,lost
0.07017543859649122,unchanged,shorter,4,4,581451,AUX,0,lost
0.03508771929824561,unchanged,shorter,2,3,581451,CCONJ,1,lost
0.19298245614035087,unchanged,shorter,11,12,581451,DET,1,lost
0.21052631578947367,unchanged,shorter,12,15,581451,NOUN,3,lost
0.017543859649122806,unchanged,shorter,1,2,581451,PRON,1,lost
0.10526315789473684,unchanged,shorter,6,6,581451,VERB,0,lost
0.009345794392523364,unchanged,shorter,1,5,373089,ADJ,4,gained
0.06542056074766354,unchanged,shorter,7,16,373089,ADP,9,gained
0.018691588785046728,unchanged,shorter,2,3,373089,ADV,1,gained
0.04672897196261682,unchanged,shorter,5,8,373089,AUX,3,gained
0.009345794392523364,unchanged,shorter,1,2,373089,CCONJ,1,gained
0.102803738317757,unchanged,shorter,11,21,373089,DET,10,gained
0.16822429906542055,unchanged,shorter,18,33,373089,NOUN,15,gained
0.009345794392523364,unchanged,shorter,1,1,373089,PART,0,gained
0.009345794392523364,unchanged,shorter,1,4,373089,PRON,3,gained
0.028037383177570093,unchanged,shorter,3,3,373089,SCONJ,0,gained
0.056074766355140186,unchanged,shorter,6,11,373089,VERB,5,gained
0.045454545454545456,lost,shorter,4,4,351528,ADJ,0,unresolved
0.056818181818181816,lost,shorter,5,8,351528,ADP,3,unresolved
0.011363636363636364,lost,shorter,1,2,351528,ADV,1,unresolved
0.056818181818181816,lost,shorter,5,6,351528,AUX,1,unresolved
0.056818181818181816,lost,shorter,5,5,351528,CCONJ,0,unresolved
0.1590909090909091,lost,shorter,14,17,351528,DET,3,unresolved
0.22727272727272727,lost,shorter,20,24,351528,NOUN,4,unresolved
0.022727272727272728,lost,shorter,2,2,351528,PART,0,unresolved
0.056818181818181816,lost,shorter,5,5,351528,PRON,0,unresolved
0.011363636363636364,lost,shorter,1,1,351528,SCONJ,0,unresolved
0.14772727272727273,lost,shorter,13,14,351528,VERB,1,unresolved
0.12631578947368421,unresolved,shorter,12,13,180917,ADJ,1,mixed
0.10526315789473684,unresolved,shorter,10,15,180917,ADP,5,mixed
-0.010526315789473684,unresolved,shorter,-1,0,180917,ADV,1,mixed
0.021052631578947368,unresolved,shorter,2,4,180917,AUX,2,mixed
0.010526315789473684,unresolved,shorter,1,3,180917,CCONJ,2,mixed
0.11578947368421053,unresolved,shorter,11,20,180917,DET,9,mixed
0.10526315789473684,unresolved,shorter,10,28,180917,NOUN,18,mixed
0.010526315789473684,unresolved,shorter,1,4,180917,PRON,3,mixed
0.05263157894736842,unresolved,shorter,5,8,180917,VERB,3,mixed
0.05084745762711865,unresolved,shorter,3,5,71090,ADJ,2,mixed
0.06779661016949153,unresolved,shorter,4,8,71090,ADP,4,mixed
0.03389830508474576,unresolved,shorter,2,3,71090,ADV,1,mixed
-0.01694915254237288,unresolved,shorter,-1,2,71090,AUX,3,mixed
0.01694915254237288,unresolved,shorter,1,3,71090,CCONJ,2,mixed
0.0847457627118644,unresolved,shorter,5,12,71090,DET,7,mixed
0.03389830508474576,unresolved,shorter,2,9,71090,NOUN,7,mixed
0.01694915254237288,unresolved,shorter,1,1,71090,PART,0,mixed
0.01694915254237288,unresolved,shorter,1,1,71090,PRON,0,mixed
0.0847457627118644,unresolved,shorter,5,5,71090,PROPN,0,mixed
0.11864406779661017,unresolved,shorter,7,10,71090,VERB,3,mixed
0.043478260869565216,unchanged,shorter,3,5,483849,ADJ,2,mixed
0.057971014492753624,unchanged,shorter,4,7,483849,ADP,3,mixed
0.014492753623188406,unchanged,shorter,1,1,483849,ADV,0,mixed
0.0,unchanged,shorter,0,2,483849,AUX,2,mixed
0.043478260869565216,unchanged,shorter,3,5,483849,CCONJ,2,mixed
0.15942028985507245,unchanged,shorter,11,17,483849,DET,6,mixed
0.17391304347826086,unchanged,shorter,12,21,483849,NOUN,9,mixed
0.08695652173913043,unchanged,shorter,6,11,483849,VERB,5,mixed
0.10126582278481013,lost,shorter,16,16,418623,ADJ,0,unresolved
0.13924050632911392,lost,shorter,22,24,418623,ADP,2,unresolved
0.0189873417721519,lost,shorter,3,4,418623,ADV,1,unresolved
0.05063291139240506,lost,shorter,8,9,418623,AUX,1,unresolved
0.0379746835443038,lost,shorter,6,7,418623,CCONJ,1,unresolved
0.17721518987341772,lost,shorter,28,32,418623,DET,4,unresolved
0.24050632911392406,lost,shorter,38,42,418623,NOUN,4,unresolved
0.02531645569620253,lost,shorter,4,4,418623,NUM,0,unresolved
0.006329113924050633,lost,shorter,1,1,418623,PART,0,unresolved
0.0189873417721519,lost,shorter,3,3,418623,PRON,0,unresolved
0.006329113924050633,lost,shorter,1,1,418623,SCONJ,0,unresolved
0.0949367088607595,lost,shorter,15,15,418623,VERB,0,unresolved
0.0449438202247191,gained,shorter,4,5,528098,ADJ,1,unresolved
0.0449438202247191,gained,shorter,4,10,528098,ADP,6,unresolved
0.0,gained,shorter,0,2,528098,ADV,2,unresolved
0.011235955056179775,gained,shorter,1,4,528098,AUX,3,unresolved
0.0,gained,shorter,0,3,528098,CCONJ,3,unresolved
0.06741573033707865,gained,shorter,6,19,528098,DET,13,unresolved
0.07865168539325842,gained,shorter,7,24,528098,NOUN,17,unresolved
0.011235955056179775,gained,shorter,1,1,528098,PART,0,unresolved
0.0449438202247191,gained,shorter,4,5,528098,PRON,1,unresolved
0.011235955056179775,gained,shorter,1,1,528098,SCONJ,0,unresolved
0.0898876404494382,gained,shorter,8,15,528098,VERB,7,unresolved
0.07920792079207921,mixed,shorter,8,10,536720,ADJ,2,mixed
0.06930693069306931,mixed,shorter,7,12,536720,ADP,5,mixed
0.019801980198019802,mixed,shorter,2,3,536720,ADV,1,mixed
-0.039603960396039604,mixed,shorter,-4,2,536720,AUX,6,mixed
0.019801980198019802,mixed,shorter,2,6,536720,CCONJ,4,mixed
0.0297029702970297,mixed,shorter,3,21,536720,DET,18,mixed
0.04950495049504951,mixed,shorter,5,25,536720,NOUN,20,mixed
0.039603960396039604,mixed,shorter,4,4,536720,NUM,0,mixed
0.019801980198019802,mixed,shorter,2,2,536720,PART,0,mixed
0.04950495049504951,mixed,shorter,5,5,536720,PRON,0,mixed
-0.009900990099009901,mixed,shorter,-1,0,536720,SCONJ,1,mixed
0.0297029702970297,mixed,shorter,3,11,536720,VERB,8,mixed
0.03225806451612903,unresolved,shorter,2,4,265096,ADJ,2,unresolved
0.0967741935483871,unresolved,shorter,6,9,265096,ADP,3,unresolved
0.016129032258064516,unresolved,shorter,1,1,265096,ADV,0,unresolved
0.03225806451612903,unresolved,shorter,2,3,265096,AUX,1,unresolved
0.03225806451612903,unresolved,shorter,2,2,265096,CCONJ,0,unresolved
0.12903225806451613,unresolved,shorter,8,11,265096,DET,3,unresolved
0.20967741935483872,unresolved,shorter,13,17,265096,NOUN,4,unresolved
0.016129032258064516,unresolved,shorter,1,1,265096,PART,0,unresolved
0.06451612903225806,unresolved,shorter,4,5,265096,PRON,1,unresolved
0.016129032258064516,unresolved,shorter,1,1,265096,SCONJ,0,unresolved
0.11290322580645161,unresolved,shorter,7,8,265096,VERB,1,unresolved
0.05154639175257732,lost,shorter,5,5,405635,ADJ,0,lost
0.1134020618556701,lost,shorter,11,11,405635,ADP,0,lost
0.041237113402061855,lost,shorter,4,4,405635,ADV,0,lost
0.061855670103092786,lost,shorter,6,6,405635,AUX,0,lost
0.041237113402061855,lost,shorter,4,4,405635,CCONJ,0,lost
0.20618556701030927,lost,shorter,20,20,405635,DET,0,lost
0.24742268041237114,lost,shorter,24,24,405635,NOUN,0,lost
0.020618556701030927,lost,shorter,2,2,405635,NUM,0,lost
0.020618556701030927,lost,shorter,2,2,405635,PART,0,lost
0.041237113402061855,lost,shorter,4,4,405635,PRON,0,lost
0.15463917525773196,lost,shorter,15,15,405635,VERB,0,lost
0.0684931506849315,unresolved,shorter,5,7,508580,ADJ,2,unresolved
0.1232876712328767,unresolved,shorter,9,14,508580,ADP,5,unresolved
0.0136986301369863,unresolved,shorter,1,2,508580,ADV,1,unresolved
0.0,unresolved,shorter,0,3,508580,AUX,3,unresolved
0.0136986301369863,unresolved,shorter,1,1,508580,CCONJ,0,unresolved
0.1232876712328767,unresolved,shorter,9,16,508580,DET,7,unresolved
0.1095890410958904,unresolved,shorter,8,17,508580,NOUN,9,unresolved
0.0,unresolved,shorter,0,2,508580,NUM,2,unresolved
0.0136986301369863,unresolved,shorter,1,1,508580,PART,0,unresolved
0.0136986301369863,unresolved,shorter,1,2,508580,PRON,1,unresolved
-0.0136986301369863,unresolved,shorter,-1,0,508580,SCONJ,1,unresolved
0.0684931506849315,unresolved,shorter,5,8,508580,VERB,3,unresolved
0.058823529411764705,mixed,shorter,6,8,30273,ADJ,2,mixed
0.058823529411764705,mixed,shorter,6,15,30273,ADP,9,mixed
0.00980392156862745,mixed,shorter,1,2,30273,ADV,1,mixed
0.0196078431372549,mixed,shorter,2,4,30273,AUX,2,mixed
0.00980392156862745,mixed,shorter,1,3,30273,CCONJ,2,mixed
0.14705882352941177,mixed,shorter,15,25,30273,DET,10,mixed
0.08823529411764706,mixed,shorter,9,30,30273,NOUN,21,mixed
-0.0196078431372549,mixed,shorter,-2,0,30273,NUM,2,mixed
-0.00980392156862745,mixed,shorter,-1,2,30273,PRON,3,mixed
0.0196078431372549,mixed,shorter,2,2,30273,PROPN,0,mixed
0.00980392156862745,mixed,shorter,1,1,30273,SCONJ,0,mixed
0.058823529411764705,mixed,shorter,6,10,30273,VERB,4,mixed
0.053763440860215055,unresolved,shorter,5,7,566324,ADJ,2,unresolved
0.07526881720430108,unresolved,shorter,7,15,566324,ADP,8,unresolved
-0.010752688172043012,unresolved,shorter,-1,1,566324,ADV,2,unresolved
0.043010752688172046,unresolved,shorter,4,5,566324,AUX,1,unresolved
0.021505376344086023,unresolved,shorter,2,5,566324,CCONJ,3,unresolved
0.08602150537634409,unresolved,shorter,8,22,566324,DET,14,unresolved
0.06451612903225806,unresolved,shorter,6,26,566324,NOUN,20,unresolved
-0.021505376344086023,unresolved,shorter,-2,2,566324,PRON,4,unresolved
0.053763440860215055,unresolved,shorter,5,10,566324,VERB,5,unresolved
0.0547945205479452,lost,shorter,4,5,283119,ADJ,1,lost
0.0,lost,shorter,0,5,283119,ADP,5,lost
0.0136986301369863,lost,shorter,1,2,283119,ADV,1,lost
0.0684931506849315,lost,shorter,5,6,283119,AUX,1,lost
0.0547945205479452,lost,shorter,4,4,283119,CCONJ,0,lost
0.1643835616438356,lost,shorter,12,15,283119,DET,3,lost
0.1917808219178082,lost,shorter,14,18,283119,NOUN,4,lost
0.0273972602739726,lost,shorter,2,2,283119,PART,0,lost
0.0273972602739726,lost,shorter,2,3,283119,PRON,1,lost
0.0136986301369863,lost,shorter,1,1,283119,SCONJ,0,lost
0.1506849315068493,lost,shorter,11,12,283119,VERB,1,lost
-0.04395604395604396,unresolved,shorter,-4,4,183965,ADJ,8,mixed
0.01098901098901099,unresolved,shorter,1,14,183965,ADP,13,mixed
-0.02197802197802198,unresolved,shorter,-2,1,183965,ADV,3,mixed
0.0,unresolved,shorter,0,4,183965,AUX,4,mixed
0.0,unresolved,shorter,0,4,183965,CCONJ,4,mixed
0.03296703296703297,unresolved,shorter,3,20,183965,DET,17,mixed
0.0989010989010989,unresolved,shorter,9,31,183965,NOUN,22,mixed
-0.01098901098901099,unresolved,shorter,-1,1,183965,NUM,2,mixed
-0.02197802197802198,unresolved,shorter,-2,2,183965,PRON,4,mixed
0.06593406593406594,unresolved,shorter,6,10,183965,VERB,4,mixed
0.045454545454545456,lost,unchanged,2,5,15113,ADJ,3,mixed
0.0,lost,unchanged,0,4,15113,ADP,4,mixed
0.022727272727272728,lost,unchanged,1,1,15113,ADV,0,mixed
-0.045454545454545456,lost,unchanged,-2,2,15113,AUX,4,mixed
0.0,lost,unchanged,0,3,15113,CCONJ,3,mixed
0.0,lost,unchanged,0,9,15113,DET,9,mixed
0.0,lost,unchanged,0,12,15113,NOUN,12,mixed
-0.045454545454545456,lost,unchanged,-2,0,15113,PART,2,mixed
-0.022727272727272728,lost,unchanged,-1,1,15113,PRON,2,mixed
0.045454545454545456,lost,unchanged,2,7,15113,VERB,5,mixed
0.05813953488372093,unresolved,shorter,5,5,484346,ADJ,0,unresolved
0.08139534883720931,unresolved,shorter,7,12,484346,ADP,5,unresolved
-0.011627906976744186,unresolved,shorter,-1,0,484346,ADV,1,unresolved
0.011627906976744186,unresolved,shorter,1,5,484346,AUX,4,unresolved
0.011627906976744186,unresolved,shorter,1,4,484346,CCONJ,3,unresolved
0.10465116279069768,unresolved,shorter,9,21,484346,DET,12,unresolved
0.1511627906976744,unresolved,shorter,13,25,484346,NOUN,12,unresolved
0.0,unresolved,shorter,0,1,484346,PART,1,unresolved
0.011627906976744186,unresolved,shorter,1,3,484346,PRON,2,unresolved
0.023255813953488372,unresolved,shorter,2,10,484346,VERB,8,unresolved
0.06493506493506493,lost,shorter,5,9,142826,ADJ,4,lost
0.09090909090909091,lost,shorter,7,9,142826,ADP,2,lost
-0.012987012987012988,lost,shorter,-1,1,142826,ADV,2,lost
0.012987012987012988,lost,shorter,1,4,142826,AUX,3,lost
0.0,lost,shorter,0,5,142826,CCONJ,5,lost
0.06493506493506493,lost,shorter,5,10,142826,DET,5,lost
0.05194805194805195,lost,shorter,4,20,142826,NOUN,16,lost
0.012987012987012988,lost,shorter,1,1,142826,PART,0,lost
0.03896103896103896,lost,shorter,3,6,142826,PRON,3,lost
0.06493506493506493,lost,shorter,5,12,142826,VERB,7,lost
-0.05970149253731343,unresolved,shorter,-4,4,161022,ADJ,8,unresolved
0.014925373134328358,unresolved,shorter,1,10,161022,ADP,9,unresolved
0.014925373134328358,unresolved,shorter,1,3,161022,ADV,2,unresolved
-0.029850746268656716,unresolved,shorter,-2,1,161022,AUX,3,unresolved
0.029850746268656716,unresolved,shorter,2,3,161022,CCONJ,1,unresolved
0.04477611940298507,unresolved,shorter,3,13,161022,DET,10,unresolved
0.05970149253731343,unresolved,shorter,4,20,161022,NOUN,16,unresolved
0.014925373134328358,unresolved,shorter,1,1,161022,NUM,0,unresolved
0.0,unresolved,shorter,0,2,161022,PRON,2,unresolved
0.0,unresolved,shorter,0,1,161022,SCONJ,1,unresolved
0.014925373134328358,unresolved,shorter,1,9,161022,VERB,8,unresolved
0.1,unchanged,shorter,11,11,17409,ADJ,0,unchanged
0.11818181818181818,unchanged,shorter,13,18,17409,ADP,5,unchanged
0.01818181818181818,unchanged,shorter,2,3,17409,ADV,1,unchanged
0.02727272727272727,unchanged,shorter,3,4,17409,AUX,1,unchanged
0.00909090909090909,unchanged,shorter,1,3,17409,CCONJ,2,unchanged
0.12727272727272726,unchanged,shorter,14,22,17409,DET,8,unchanged
0.16363636363636364,unchanged,shorter,18,30,17409,NOUN,12,unchanged
0.0,unchanged,shorter,0,2,17409,NUM,2,unchanged
0.00909090909090909,unchanged,shorter,1,3,17409,PRON,2,unchanged
0.00909090909090909,unchanged,shorter,1,1,17409,SCONJ,0,unchanged
0.09090909090909091,unchanged,shorter,10,13,17409,VERB,3,unchanged
0.009615384615384616,lost,shorter,1,5,422522,ADJ,4,mixed
0.028846153846153848,lost,shorter,3,14,422522,ADP,11,mixed
0.04807692307692308,lost,shorter,5,6,422522,ADV,1,mixed
0.0,lost,shorter,0,5,422522,AUX,5,mixed
0.028846153846153848,lost,shorter,3,4,422522,CCONJ,1,mixed
0.08653846153846154,lost,shorter,9,17,422522,DET,8,mixed
0.10576923076923077,lost,shorter,11,30,422522,NOUN,19,mixed
0.0,lost,shorter,0,1,422522,NUM,1,mixed
0.009615384615384616,lost,shorter,1,7,422522,PRON,6,mixed
0.019230769230769232,lost,shorter,2,2,422522,SCONJ,0,mixed
0.04807692307692308,lost,shorter,5,13,422522,VERB,8,mixed
0.047619047619047616,lost,shorter,3,3,456559,ADJ,0,unresolved
0.047619047619047616,lost,shorter,3,4,456559,ADP,1,unresolved
0.031746031746031744,lost,shorter,2,2,456559,ADV,0,unresolved
0.031746031746031744,lost,shorter,2,4,456559,AUX,2,unresolved
0.047619047619047616,lost,shorter,3,5,456559,CCONJ,2,unresolved
0.1111111111111111,lost,shorter,7,12,456559,DET,5,unresolved
0.1746031746031746,lost,shorter,11,17,456559,NOUN,6,unresolved
0.031746031746031744,lost,shorter,2,2,456559,PART,0,unresolved
0.047619047619047616,lost,shorter,3,4,456559,PRON,1,unresolved
0.1111111111111111,lost,shorter,7,10,456559,VERB,3,unresolved
0.07936507936507936,unresolved,shorter,5,6,240323,ADJ,1,lost
0.1111111111111111,unresolved,shorter,7,9,240323,ADP,2,lost
0.031746031746031744,unresolved,shorter,2,2,240323,ADV,0,lost
0.015873015873015872,unresolved,shorter,1,1,240323,AUX,0,lost
0.031746031746031744,unresolved,shorter,2,3,240323,CCONJ,1,lost
0.1746031746031746,unresolved,shorter,11,13,240323,DET,2,lost
0.23809523809523808,unresolved,shorter,15,21,240323,NOUN,6,lost
0.015873015873015872,unresolved,shorter,1,1,240323,PRON,0,lost
0.09523809523809523,unresolved,shorter,6,7,240323,VERB,1,lost
0.015037593984962405,unresolved,shorter,2,7,575901,ADJ,5,unresolved
0.14285714285714285,unresolved,shorter,19,23,575901,ADP,4,unresolved
0.045112781954887216,unresolved,shorter,6,7,575901,ADV,1,unresolved
0.03007518796992481,unresolved,shorter,4,8,575901,AUX,4,unresolved
0.007518796992481203,unresolved,shorter,1,3,575901,CCONJ,2,unresolved
0.06766917293233082,unresolved,shorter,9,24,575901,DET,15,unresolved
0.15037593984962405,unresolved,shorter,20,38,575901,NOUN,18,unresolved
0.007518796992481203,unresolved,shorter,1,1,575901,NUM,0,unresolved
-0.015037593984962405,unresolved,shorter,-2,1,575901,PART,3,unresolved
0.03007518796992481,unresolved,shorter,4,5,575901,PRON,1,unresolved
0.015037593984962405,unresolved,shorter,2,2,575901,SCONJ,0,unresolved
0.03759398496240601,unresolved,shorter,5,14,575901,VERB,9,unresolved
0.027777777777777776,unresolved,shorter,3,7,316397,ADJ,4,mixed
0.08333333333333333,unresolved,shorter,9,13,316397,ADP,4,mixed
0.009259259259259259,unresolved,shorter,1,2,316397,ADV,1,mixed
0.009259259259259259,unresolved,shorter,1,4,316397,AUX,3,mixed
0.027777777777777776,unresolved,shorter,3,4,316397,CCONJ,1,mixed
0.05555555555555555,unresolved,shorter,6,21,316397,DET,15,mixed
0.1388888888888889,unresolved,shorter,15,34,316397,NOUN,19,mixed
0.009259259259259259,unresolved,shorter,1,1,316397,NUM,0,mixed
-0.009259259259259259,unresolved,shorter,-1,2,316397,PART,3,mixed
0.018518518518518517,unresolved,shorter,2,3,316397,PRON,1,mixed
0.009259259259259259,unresolved,shorter,1,1,316397,SCONJ,0,mixed
0.06481481481481481,unresolved,shorter,7,16,316397,VERB,9,mixed
0.018518518518518517,mixed,shorter,2,5,344498,ADJ,3,mixed
0.06481481481481481,mixed,shorter,7,16,344498,ADP,9,mixed
0.018518518518518517,mixed,shorter,2,3,344498,ADV,1,mixed
0.018518518518518517,mixed,shorter,2,4,344498,AUX,2,mixed
0.0,mixed,shorter,0,4,344498,CCONJ,4,mixed
0.12962962962962962,mixed,shorter,14,25,344498,DET,11,mixed
0.1111111111111111,mixed,shorter,12,32,344498,NOUN,20,mixed
0.009259259259259259,mixed,shorter,1,4,344498,NUM,3,mixed
0.009259259259259259,mixed,shorter,1,1,344498,PART,0,mixed
-0.009259259259259259,mixed,shorter,-1,2,344498,PRON,3,mixed
0.05555555555555555,mixed,shorter,6,12,344498,VERB,6,mixed
0.09836065573770492,unchanged,shorter,6,9,180167,ADJ,3,mixed
0.01639344262295082,unchanged,shorter,1,6,180167,ADP,5,mixed
0.0,unchanged,shorter,0,1,180167,ADV,1,mixed
0.0,unchanged,shorter,0,2,180167,AUX,2,mixed
0.03278688524590164,unchanged,shorter,2,4,180167,CCONJ,2,mixed
0.04918032786885246,unchanged,shorter,3,12,180167,DET,9,mixed
0.06557377049180328,unchanged,shorter,4,16,180167,NOUN,12,mixed
0.01639344262295082,unchanged,shorter,1,1,180167,PART,0,mixed
0.0,unchanged,shorter,0,1,180167,PRON,1,mixed
0.06557377049180328,unchanged,shorter,4,9,180167,VERB,5,mixed
0.042735042735042736,lost,shorter,5,8,143132,ADJ,3,mixed
0.1282051282051282,lost,shorter,15,19,143132,ADP,4,mixed
0.03418803418803419,lost,shorter,4,4,143132,ADV,0,mixed
0.02564102564102564,lost,shorter,3,6,143132,AUX,3,mixed
0.017094017094017096,lost,shorter,2,4,143132,CCONJ,2,mixed
0.1282051282051282,lost,shorter,15,24,143132,DET,9,mixed
0.17094017094017094,lost,shorter,20,30,143132,NOUN,10,mixed
0.008547008547008548,lost,shorter,1,1,143132,NUM,0,mixed
0.008547008547008548,lost,shorter,1,1,143132,PART,0,mixed
0.03418803418803419,lost,shorter,4,6,143132,PRON,2,mixed
0.008547008547008548,lost,shorter,1,1,143132,SCONJ,0,mixed
0.07692307692307693,lost,shorter,9,13,143132,VERB,4,mixed
0.03,unresolved,shorter,3,8,443218,ADJ,5,unresolved
0.08,unresolved,shorter,8,14,443218,ADP,6,unresolved
0.01,unresolved,shorter,1,1,443218,ADV,0,unresolved
0.02,unresolved,shorter,2,5,443218,AUX,3,unresolved
0.0,unresolved,shorter,0,4,443218,CCONJ,4,unresolved
0.1,unresolved,shorter,10,22,443218,DET,12,unresolved
0.07,unresolved,shorter,7,25,443218,NOUN,18,unresolved
0.04,unresolved,shorter,4,4,443218,NUM,0,unresolved
0.01,unresolved,shorter,1,1,443218,PART,0,unresolved
0.01,unresolved,shorter,1,3,443218,PRON,2,unresolved
0.02,unresolved,shorter,2,2,443218,SCONJ,0,unresolved
0.07,unresolved,shorter,7,11,443218,VERB,4,unresolved
0.05154639175257732,unresolved,shorter,5,5,331883,ADJ,0,unresolved
0.1134020618556701,unresolved,shorter,11,13,331883,ADP,2,unresolved
0.041237113402061855,unresolved,shorter,4,4,331883,ADV,0,unresolved
0.05154639175257732,unresolved,shorter,5,6,331883,AUX,1,unresolved
0.030927835051546393,unresolved,shorter,3,3,331883,CCONJ,0,unresolved
0.16494845360824742,unresolved,shorter,16,19,331883,DET,3,unresolved
0.20618556701030927,unresolved,shorter,20,23,331883,NOUN,3,unresolved
0.020618556701030927,unresolved,shorter,2,2,331883,NUM,0,unresolved
0.030927835051546393,unresolved,shorter,3,3,331883,PART,0,unresolved
0.030927835051546393,unresolved,shorter,3,3,331883,PRON,0,unresolved
0.020618556701030927,unresolved,shorter,2,2,331883,SCONJ,0,unresolved
0.13402061855670103,unresolved,shorter,13,14,331883,VERB,1,unresolved
0.038461538461538464,unresolved,shorter,3,4,132317,ADJ,1,mixed
0.10256410256410256,unresolved,shorter,8,13,132317,ADP,5,mixed
-0.01282051282051282,unresolved,shorter,-1,2,132317,AUX,3,mixed
0.01282051282051282,unresolved,shorter,1,2,132317,CCONJ,1,mixed
0.20512820512820512,unresolved,shorter,16,20,132317,DET,4,mixed
0.21794871794871795,unresolved,shorter,17,24,132317,NOUN,7,mixed
0.02564102564102564,unresolved,shorter,2,2,132317,NUM,0,mixed
0.0,unresolved,shorter,0,2,132317,PRON,2,mixed
0.0641025641025641,unresolved,shorter,5,9,132317,VERB,4,mixed
0.03614457831325301,unresolved,shorter,3,5,150639,ADJ,2,unresolved
0.04819277108433735,unresolved,shorter,4,8,150639,ADP,4,unresolved
0.03614457831325301,unresolved,shorter,3,3,150639,ADV,0,unresolved
0.024096385542168676,unresolved,shorter,2,4,150639,AUX,2,unresolved
0.060240963855421686,unresolved,shorter,5,6,150639,CCONJ,1,unresolved
0.1566265060240964,unresolved,shorter,13,16,150639,DET,3,unresolved
0.1927710843373494,unresolved,shorter,16,21,150639,NOUN,5,unresolved
0.03614457831325301,unresolved,shorter,3,3,150639,PART,0,unresolved
0.024096385542168676,unresolved,shorter,2,4,150639,PRON,2,unresolved
0.13253012048192772,unresolved,shorter,11,13,150639,VERB,2,unresolved
0.08571428571428572,unresolved,shorter,12,16,237759,ADJ,4,mixed
0.08571428571428572,unresolved,shorter,12,22,237759,ADP,10,mixed
0.05714285714285714,unresolved,shorter,8,8,237759,ADV,0,mixed
0.02857142857142857,unresolved,shorter,4,7,237759,AUX,3,mixed
0.02142857142857143,unresolved,shorter,3,7,237759,CCONJ,4,mixed
0.09285714285714286,unresolved,shorter,13,22,237759,DET,9,mixed
0.10714285714285714,unresolved,shorter,15,34,237759,NOUN,19,mixed
0.007142857142857143,unresolved,shorter,1,1,237759,NUM,0,mixed
0.007142857142857143,unresolved,shorter,1,1,237759,PART,0,mixed
0.0,unresolved,shorter,0,5,237759,PRON,5,mixed
0.007142857142857143,unresolved,shorter,1,1,237759,SCONJ,0,mixed
0.04285714285714286,unresolved,shorter,6,16,237759,VERB,10,mixed
0.06837606837606838,gained,shorter,8,13,259422,ADJ,5,mixed
0.07692307692307693,gained,shorter,9,17,259422,ADP,8,mixed
-0.017094017094017096,gained,shorter,-2,0,259422,ADV,2,mixed
0.05982905982905983,gained,shorter,7,7,259422,AUX,0,mixed
0.0,gained,shorter,0,4,259422,CCONJ,4,mixed
0.13675213675213677,gained,shorter,16,26,259422,DET,10,mixed
0.08547008547008547,gained,shorter,10,33,259422,NOUN,23,mixed
0.008547008547008548,gained,shorter,1,2,259422,NUM,1,mixed
-0.008547008547008548,gained,shorter,-1,2,259422,PRON,3,mixed
0.008547008547008548,gained,shorter,1,1,259422,SCONJ,0,mixed
0.05128205128205128,gained,shorter,6,12,259422,VERB,6,mixed
0.09523809523809523,lost,shorter,10,10,236747,ADJ,0,mixed
0.05714285714285714,lost,shorter,6,10,236747,ADP,4,mixed
0.047619047619047616,lost,shorter,5,5,236747,ADV,0,mixed
0.009523809523809525,lost,shorter,1,3,236747,AUX,2,mixed
0.02857142857142857,lost,shorter,3,5,236747,CCONJ,2,mixed
0.13333333333333333,lost,shorter,14,21,236747,DET,7,mixed
0.19047619047619047,lost,shorter,20,30,236747,NOUN,10,mixed
0.009523809523809525,lost,shorter,1,1,236747,NUM,0,mixed
0.009523809523809525,lost,shorter,1,2,236747,PART,1,mixed
0.01904761904761905,lost,shorter,2,3,236747,PRON,1,mixed
0.009523809523809525,lost,shorter,1,1,236747,SCONJ,0,mixed
0.09523809523809523,lost,shorter,10,14,236747,VERB,4,mixed
0.07446808510638298,lost,shorter,7,8,209322,ADJ,1,unresolved
0.1595744680851064,lost,shorter,15,17,209322,ADP,2,unresolved
0.010638297872340425,lost,shorter,1,1,209322,ADV,0,unresolved
0.031914893617021274,lost,shorter,3,3,209322,AUX,0,unresolved
0.02127659574468085,lost,shorter,2,3,209322,CCONJ,1,unresolved
0.1595744680851064,lost,shorter,15,19,209322,DET,4,unresolved
0.19148936170212766,lost,shorter,18,24,209322,NOUN,6,unresolved
0.0425531914893617,lost,shorter,4,4,209322,NUM,0,unresolved
0.0425531914893617,lost,shorter,4,4,209322,PRON,0,unresolved
0.10638297872340426,lost,shorter,10,11,209322,VERB,1,unresolved
0.024193548387096774,unresolved,shorter,3,6,84701,ADJ,3,mixed
0.08870967741935484,unresolved,shorter,11,20,84701,ADP,9,mixed
0.016129032258064516,unresolved,shorter,2,2,84701,ADV,0,mixed
0.04032258064516129,unresolved,shorter,5,10,84701,AUX,5,mixed
0.008064516129032258,unresolved,shorter,1,5,84701,CCONJ,4,mixed
0.11290322580645161,unresolved,shorter,14,25,84701,DET,11,mixed
0.14516129032258066,unresolved,shorter,18,35,84701,NOUN,17,mixed
0.0,unresolved,shorter,0,1,84701,NUM,1,mixed
0.0,unresolved,shorter,0,2,84701,PRON,2,mixed
-0.008064516129032258,unresolved,shorter,-1,0,84701,PROPN,1,mixed
0.016129032258064516,unresolved,shorter,2,2,84701,SCONJ,0,mixed
0.0967741935483871,unresolved,shorter,12,16,84701,VERB,4,mixed
0.0,unresolved,shorter,0,3,357501,ADJ,3,unresolved
0.10810810810810811,unresolved,shorter,8,14,357501,ADP,6,unresolved
0.013513513513513514,unresolved,shorter,1,2,357501,ADV,1,unresolved
-0.013513513513513514,unresolved,shorter,-1,2,357501,AUX,3,unresolved
0.02702702702702703,unresolved,shorter,2,4,357501,CCONJ,2,unresolved
0.10810810810810811,unresolved,shorter,8,16,357501,DET,8,unresolved
0.13513513513513514,unresolved,shorter,10,24,357501,NOUN,14,unresolved
0.0,unresolved,shorter,0,1,357501,PRON,1,unresolved
0.04054054054054054,unresolved,shorter,3,8,357501,VERB,5,unresolved
0.057692307692307696,unchanged,shorter,3,9,213432,ADJ,6,mixed
0.057692307692307696,unchanged,shorter,3,6,213432,ADP,3,mixed
0.0,unchanged,shorter,0,3,213432,AUX,3,mixed
-0.019230769230769232,unchanged,shorter,-1,1,213432,CCONJ,2,mixed
0.07692307692307693,unchanged,shorter,4,10,213432,DET,6,mixed
0.057692307692307696,unchanged,shorter,3,11,213432,NOUN,8,mixed
0.0,unchanged,shorter,0,2,213432,NUM,2,mixed
0.019230769230769232,unchanged,shorter,1,1,213432,PART,0,mixed
-0.019230769230769232,unchanged,shorter,-1,0,213432,PRON,1,mixed
0.0,unchanged,shorter,0,1,213432,SCONJ,1,mixed
0.07692307692307693,unchanged,shorter,4,8,213432,VERB,4,mixed
0.043478260869565216,unchanged,shorter,3,4,99581,ADJ,1,mixed
0.043478260869565216,unchanged,shorter,3,5,99581,ADP,2,mixed
0.028985507246376812,unchanged,shorter,2,3,99581,ADV,1,mixed
0.014492753623188406,unchanged,shorter,1,4,99581,AUX,3,mixed
0.014492753623188406,unchanged,shorter,1,3,99581,CCONJ,2,mixed
0.13043478260869565,unchanged,shorter,9,16,99581,DET,7,mixed
0.14492753623188406,unchanged,shorter,10,20,99581,NOUN,10,mixed
0.0,unchanged,shorter,0,1,99581,PART,1,mixed
0.014492753623188406,unchanged,shorter,1,3,99581,PRON,2,mixed
0.014492753623188406,unchanged,shorter,1,1,99581,PROPN,0,mixed
0.014492753623188406,unchanged,shorter,1,1,99581,SCONJ,0,mixed
0.057971014492753624,unchanged,shorter,4,8,99581,VERB,4,mixed
0.09803921568627451,unresolved,shorter,10,10,497867,ADJ,0,lost
0.11764705882352941,unresolved,shorter,12,13,497867,ADP,1,lost
0.029411764705882353,unresolved,shorter,3,3,497867,ADV,0,lost
0.049019607843137254,unresolved,shorter,5,6,497867,AUX,1,lost
0.049019607843137254,unresolved,shorter,5,5,497867,CCONJ,0,lost
0.13725490196078433,unresolved,shorter,14,16,497867,DET,2,lost
0.23529411764705882,unresolved,shorter,24,27,497867,NOUN,3,lost
0.00980392156862745,unresolved,shorter,1,1,497867,NUM,0,lost
0.00980392156862745,unresolved,shorter,1,1,497867,PART,0,lost
0.08823529411764706,unresolved,shorter,9,9,497867,PRON,0,lost
0.00980392156862745,unresolved,shorter,1,1,497867,SCONJ,0,lost
0.08823529411764706,unresolved,shorter,9,10,497867,VERB,1,lost
0.02702702702702703,gained,shorter,2,6,298812,ADJ,4,mixed
0.08108108108108109,gained,shorter,6,6,298812,ADP,0,mixed
0.05405405405405406,gained,shorter,4,5,298812,ADV,1,mixed
0.02702702702702703,gained,shorter,2,5,298812,AUX,3,mixed
0.0,gained,shorter,0,3,298812,CCONJ,3,mixed
0.12162162162162163,gained,shorter,9,15,298812,DET,6,mixed
0.13513513513513514,gained,shorter,10,17,298812,NOUN,7,mixed
0.02702702702702703,gained,shorter,2,2,298812,PART,0,mixed
0.02702702702702703,gained,shorter,2,4,298812,PRON,2,mixed
0.10810810810810811,gained,shorter,8,11,298812,VERB,3,mixed
0.07,lost,shorter,7,8,554114,ADJ,1,mixed
0.11,lost,shorter,11,16,554114,ADP,5,mixed
0.01,lost,shorter,1,4,554114,ADV,3,mixed
0.02,lost,shorter,2,4,554114,AUX,2,mixed
0.0,lost,shorter,0,2,554114,CCONJ,2,mixed
0.09,lost,shorter,9,19,554114,DET,10,mixed
0.11,lost,shorter,11,25,554114,NOUN,14,mixed
0.04,lost,shorter,4,4,554114,NUM,0,mixed
0.01,lost,shorter,1,1,554114,PART,0,mixed
0.02,lost,shorter,2,4,554114,PRON,2,mixed
0.06,lost,shorter,6,13,554114,VERB,7,mixed
0.010309278350515464,unresolved,shorter,1,6,365099,ADJ,5,unresolved
0.10309278350515463,unresolved,shorter,10,14,365099,ADP,4,unresolved
-0.020618556701030927,unresolved,shorter,-2,0,365099,ADV,2,unresolved
0.020618556701030927,unresolved,shorter,2,6,365099,AUX,4,unresolved
0.010309278350515464,unresolved,shorter,1,4,365099,CCONJ,3,unresolved
0.1134020618556701,unresolved,shorter,11,19,365099,DET,8,unresolved
0.12371134020618557,unresolved,shorter,12,24,365099,NOUN,12,unresolved
0.020618556701030927,unresolved,shorter,2,3,365099,PART,1,unresolved
0.041237113402061855,unresolved,shorter,4,7,365099,PRON,3,unresolved
0.010309278350515464,unresolved,shorter,1,1,365099,SCONJ,0,unresolved
0.07216494845360824,unresolved,shorter,7,13,365099,VERB,6,unresolved
0.014285714285714285,lost,shorter,1,3,317188,ADJ,2,mixed
0.1,lost,shorter,7,8,317188,ADP,1,mixed
0.02857142857142857,lost,shorter,2,2,317188,ADV,0,mixed
-0.014285714285714285,lost,shorter,-1,2,317188,AUX,3,mixed
0.02857142857142857,lost,shorter,2,3,317188,CCONJ,1,mixed
0.15714285714285714,lost,shorter,11,14,317188,DET,3,mixed
0.22857142857142856,lost,shorter,16,21,317188,NOUN,5,mixed
0.014285714285714285,lost,shorter,1,1,317188,PART,0,mixed
0.04285714285714286,lost,shorter,3,4,317188,PRON,1,mixed
0.12857142857142856,lost,shorter,9,12,317188,VERB,3,mixed
0.05102040816326531,unchanged,shorter,5,6,265462,ADJ,1,mixed
0.10204081632653061,unchanged,shorter,10,19,265462,ADP,9,mixed
0.01020408163265306,unchanged,shorter,1,2,265462,ADV,1,mixed
-0.01020408163265306,unchanged,shorter,-1,3,265462,AUX,4,mixed
0.04081632653061224,unchanged,shorter,4,5,265462,CCONJ,1,mixed
0.1326530612244898,unchanged,shorter,13,19,265462,DET,6,mixed
0.1326530612244898,unchanged,shorter,13,27,265462,NOUN,14,mixed
0.04081632653061224,unchanged,shorter,4,4,265462,NUM,0,mixed
-0.02040816326530612,unchanged,shorter,-2,4,265462,PRON,6,mixed
-0.01020408163265306,unchanged,shorter,-1,0,265462,SCONJ,1,mixed
0.04081632653061224,unchanged,shorter,4,9,265462,VERB,5,mixed
0.0297029702970297,lost,shorter,3,7,469638,ADJ,4,mixed
0.0891089108910891,lost,shorter,9,13,469638,ADP,4,mixed
0.0297029702970297,lost,shorter,3,5,469638,ADV,2,mixed
0.0,lost,shorter,0,4,469638,AUX,4,mixed
0.009900990099009901,lost,shorter,1,5,469638,CCONJ,4,mixed
0.13861386138613863,lost,shorter,14,25,469638,DET,11,mixed
0.12871287128712872,lost,shorter,13,25,469638,NOUN,12,mixed
0.039603960396039604,lost,shorter,4,4,469638,PRON,0,mixed
0.07920792079207921,lost,shorter,8,13,469638,VERB,5,mixed
0.05747126436781609,mixed,shorter,5,9,190395,ADJ,4,mixed
0.05747126436781609,mixed,shorter,5,11,190395,ADP,6,mixed
0.034482758620689655,mixed,shorter,3,3,190395,ADV,0,mixed
0.011494252873563218,mixed,shorter,1,4,190395,AUX,3,mixed
0.022988505747126436,mixed,shorter,2,4,190395,CCONJ,2,mixed
0.10344827586206896,mixed,shorter,9,19,190395,DET,10,mixed
0.13793103448275862,mixed,shorter,12,23,190395,NOUN,11,mixed
0.011494252873563218,mixed,shorter,1,1,190395,NUM,0,mixed
0.011494252873563218,mixed,shorter,1,1,190395,PART,0,mixed
0.011494252873563218,mixed,shorter,1,3,190395,PRON,2,mixed
0.08045977011494253,mixed,shorter,7,9,190395,VERB,2,mixed
0.0784313725490196,unresolved,shorter,8,14,544638,ADJ,6,mixed
0.00980392156862745,unresolved,shorter,1,11,544638,ADP,10,mixed
0.0196078431372549,unresolved,shorter,2,4,544638,ADV,2,mixed
0.058823529411764705,unresolved,shorter,6,8,544638,AUX,2,mixed
0.0392156862745098,unresolved,shorter,4,5,544638,CCONJ,1,mixed
0.06862745098039216,unresolved,shorter,7,19,544638,DET,12,mixed
0.08823529411764706,unresolved,shorter,9,24,544638,NOUN,15,mixed
0.0392156862745098,unresolved,shorter,4,5,544638,PRON,1,mixed
0.00980392156862745,unresolved,shorter,1,1,544638,SCONJ,0,mixed
0.0392156862745098,unresolved,shorter,4,11,544638,VERB,7,mixed
0.07058823529411765,lost,shorter,6,12,19079,ADJ,6,unresolved
0.03529411764705882,lost,shorter,3,10,19079,ADP,7,unresolved
0.0,lost,shorter,0,2,19079,ADV,2,unresolved
0.03529411764705882,lost,shorter,3,5,19079,AUX,2,unresolved
0.023529411764705882,lost,shorter,2,3,19079,CCONJ,1,unresolved
0.058823529411764705,lost,shorter,5,16,19079,DET,11,unresolved
0.11764705882352941,lost,shorter,10,26,19079,NOUN,16,unresolved
0.011764705882352941,lost,shorter,1,2,19079,PRON,1,unresolved
0.07058823529411765,lost,shorter,6,9,19079,VERB,3,unresolved
0.06338028169014084,unchanged,shorter,9,14,435081,ADJ,5,mixed
0.11971830985915492,unchanged,shorter,17,22,435081,ADP,5,mixed
0.02112676056338028,unchanged,shorter,3,3,435081,ADV,0,mixed
0.028169014084507043,unchanged,shorter,4,7,435081,AUX,3,mixed
0.028169014084507043,unchanged,shorter,4,8,435081,CCONJ,4,mixed
0.11267605633802817,unchanged,shorter,16,22,435081,DET,6,mixed
0.2112676056338028,unchanged,shorter,30,46,435081,NOUN,16,mixed
0.007042253521126761,unchanged,shorter,1,1,435081,PART,0,mixed
0.02112676056338028,unchanged,shorter,3,5,435081,PRON,2,mixed
0.0,unchanged,shorter,0,1,435081,SCONJ,1,mixed
0.06338028169014084,unchanged,shorter,9,13,435081,VERB,4,mixed
0.04938271604938271,mixed,shorter,4,7,324789,ADJ,3,unresolved
0.07407407407407407,mixed,shorter,6,11,324789,ADP,5,unresolved
0.024691358024691357,mixed,shorter,2,2,324789,ADV,0,unresolved
0.06172839506172839,mixed,shorter,5,6,324789,AUX,1,unresolved
-0.037037037037037035,mixed,shorter,-3,2,324789,CCONJ,5,unresolved
0.12345679012345678,mixed,shorter,10,18,324789,DET,8,unresolved
0.08641975308641975,mixed,shorter,7,21,324789,NOUN,14,unresolved
0.012345679012345678,mixed,shorter,1,1,324789,PART,0,unresolved
-0.012345679012345678,mixed,shorter,-1,1,324789,PRON,2,unresolved
0.1111111111111111,mixed,shorter,9,12,324789,VERB,3,unresolved
0.1188118811881188,lost,shorter,12,12,256003,ADJ,0,unresolved
0.13861386138613863,lost,shorter,14,15,256003,ADP,1,unresolved
0.019801980198019802,lost,shorter,2,2,256003,ADV,0,unresolved
0.0297029702970297,lost,shorter,3,4,256003,AUX,1,unresolved
0.039603960396039604,lost,shorter,4,4,256003,CCONJ,0,unresolved
0.2079207920792079,lost,shorter,21,22,256003,DET,1,unresolved
0.24752475247524752,lost,shorter,25,28,256003,NOUN,3,unresolved
0.019801980198019802,lost,shorter,2,2,256003,NUM,0,unresolved
0.009900990099009901,lost,shorter,1,1,256003,PART,0,unresolved
0.009900990099009901,lost,shorter,1,1,256003,PRON,0,unresolved
0.009900990099009901,lost,shorter,1,1,256003,SCONJ,0,unresolved
0.0891089108910891,lost,shorter,9,9,256003,VERB,0,unresolved
0.024691358024691357,unresolved,shorter,2,8,321217,ADJ,6,unresolved
0.06172839506172839,unresolved,shorter,5,10,321217,ADP,5,unresolved
0.012345679012345678,unresolved,shorter,1,1,321217,ADV,0,unresolved
0.0,unresolved,shorter,0,3,321217,AUX,3,unresolved
-0.012345679012345678,unresolved,shorter,-1,2,321217,CCONJ,3,unresolved
0.08641975308641975,unresolved,shorter,7,18,321217,DET,11,unresolved
0.12345679012345678,unresolved,shorter,10,23,321217,NOUN,13,unresolved
0.024691358024691357,unresolved,shorter,2,2,321217,PART,0,unresolved
0.0,unresolved,shorter,0,1,321217,PRON,1,unresolved
0.012345679012345678,unresolved,shorter,1,1,321217,SCONJ,0,unresolved
0.1111111111111111,unresolved,shorter,9,12,321217,VERB,3,unresolved
0.0196078431372549,unresolved,shorter,1,5,338419,ADJ,4,unresolved
0.0392156862745098,unresolved,shorter,2,6,338419,ADP,4,unresolved
0.0392156862745098,unresolved,shorter,2,2,338419,ADV,0,unresolved
0.0196078431372549,unresolved,shorter,1,2,338419,AUX,1,unresolved
0.0,unresolved,shorter,0,2,338419,CCONJ,2,unresolved
0.11764705882352941,unresolved,shorter,6,11,338419,DET,5,unresolved
0.058823529411764705,unresolved,shorter,3,11,338419,NOUN,8,unresolved
0.0196078431372549,unresolved,shorter,1,1,338419,PART,0,unresolved
-0.0392156862745098,unresolved,shorter,-2,1,338419,PRON,3,unresolved
0.0784313725490196,unresolved,shorter,4,5,338419,PROPN,1,unresolved
0.0,unresolved,shorter,0,5,338419,VERB,5,unresolved
0.09090909090909091,unchanged,shorter,6,9,360487,ADJ,3,unresolved
0.045454545454545456,unchanged,shorter,3,8,360487,ADP,5,unresolved
0.015151515151515152,unchanged,shorter,1,1,360487,ADV,0,unresolved
-0.045454545454545456,unchanged,shorter,-3,2,360487,AUX,5,unresolved
-0.015151515151515152,unchanged,shorter,-1,2,360487,CCONJ,3,unresolved
0.07575757575757576,unchanged,shorter,5,15,360487,DET,10,unresolved
0.09090909090909091,unchanged,shorter,6,18,360487,NOUN,12,unresolved
0.015151515151515152,unchanged,shorter,1,3,360487,PRON,2,unresolved
0.045454545454545456,unchanged,shorter,3,8,360487,VERB,5,unresolved
0.06976744186046512,unchanged,shorter,3,4,58029,ADJ,1,lost
0.13953488372093023,unchanged,shorter,6,6,58029,ADP,0,lost
0.023255813953488372,unchanged,shorter,1,2,58029,ADV,1,lost
0.046511627906976744,unchanged,shorter,2,3,58029,AUX,1,lost
0.0,unchanged,shorter,0,1,58029,CCONJ,1,lost
0.18604651162790697,unchanged,shorter,8,9,58029,DET,1,lost
0.20930232558139536,unchanged,shorter,9,10,58029,NOUN,1,lost
0.023255813953488372,unchanged,shorter,1,1,58029,PART,0,lost
0.023255813953488372,unchanged,shorter,1,1,58029,PRON,0,lost
0.11627906976744186,unchanged,shorter,5,6,58029,VERB,1,lost
0.11650485436893204,mixed,shorter,12,14,428975,ADJ,2,mixed
0.038834951456310676,mixed,shorter,4,13,428975,ADP,9,mixed
0.019417475728155338,mixed,shorter,2,3,428975,ADV,1,mixed
0.019417475728155338,mixed,shorter,2,3,428975,AUX,1,mixed
0.02912621359223301,mixed,shorter,3,3,428975,CCONJ,0,mixed
0.11650485436893204,mixed,shorter,12,23,428975,DET,11,mixed
0.14563106796116504,mixed,shorter,15,26,428975,NOUN,11,mixed
0.009708737864077669,mixed,shorter,1,4,428975,PRON,3,mixed
0.0970873786407767,mixed,shorter,10,14,428975,VERB,4,mixed
0.0,unresolved,shorter,0,4,46463,ADJ,4,unresolved
0.06153846153846154,unresolved,shorter,4,10,46463,ADP,6,unresolved
0.0,unresolved,shorter,0,1,46463,ADV,1,unresolved
-0.03076923076923077,unresolved,shorter,-2,2,46463,AUX,4,unresolved
-0.015384615384615385,unresolved,shorter,-1,2,46463,CCONJ,3,unresolved
0.09230769230769231,unresolved,shorter,6,15,46463,DET,9,unresolved
0.07692307692307693,unresolved,shorter,5,20,46463,NOUN,15,unresolved
0.0,unresolved,shorter,0,1,46463,PART,1,unresolved
0.0,unresolved,shorter,0,1,46463,PRON,1,unresolved
0.06153846153846154,unresolved,shorter,4,9,46463,VERB,5,unresolved
0.08571428571428572,lost,shorter,9,10,371005,ADJ,1,mixed
0.09523809523809523,lost,shorter,10,17,371005,ADP,7,mixed
0.01904761904761905,lost,shorter,2,4,371005,ADV,2,mixed
-0.009523809523809525,lost,shorter,-1,3,371005,AUX,4,mixed
0.01904761904761905,lost,shorter,2,4,371005,CCONJ,2,mixed
0.13333333333333333,lost,shorter,14,23,371005,DET,9,mixed
0.14285714285714285,lost,shorter,15,26,371005,NOUN,11,mixed
0.0380952380952381,lost,shorter,4,4,371005,NUM,0,mixed
0.0,lost,shorter,0,2,371005,PRON,2,mixed
0.009523809523809525,lost,shorter,1,1,371005,SCONJ,0,mixed
0.047619047619047616,lost,shorter,5,11,371005,VERB,6,mixed
0.02459016393442623,unresolved,shorter,3,8,191054,ADJ,5,mixed
0.03278688524590164,unresolved,shorter,4,13,191054,ADP,9,mixed
0.040983606557377046,unresolved,shorter,5,6,191054,ADV,1,mixed
0.03278688524590164,unresolved,shorter,4,6,191054,AUX,2,mixed
0.01639344262295082,unresolved,shorter,2,8,191054,CCONJ,6,mixed
0.04918032786885246,unresolved,shorter,6,15,191054,DET,9,mixed
0.10655737704918032,unresolved,shorter,13,34,191054,NOUN,21,mixed
0.00819672131147541,unresolved,shorter,1,1,191054,NUM,0,mixed
0.00819672131147541,unresolved,shorter,1,1,191054,PART,0,mixed
0.05737704918032787,unresolved,shorter,7,9,191054,PRON,2,mixed
0.02459016393442623,unresolved,shorter,3,3,191054,SCONJ,0,mixed
0.09016393442622951,unresolved,shorter,11,18,191054,VERB,7,mixed
-0.05333333333333334,unchanged,shorter,-4,2,22461,ADJ,6,unresolved
0.09333333333333334,unchanged,shorter,7,13,22461,ADP,6,unresolved
0.0,unchanged,shorter,0,1,22461,ADV,1,unresolved
0.02666666666666667,unchanged,shorter,2,3,22461,AUX,1,unresolved
0.02666666666666667,unchanged,shorter,2,4,22461,CCONJ,2,unresolved
0.08,unchanged,shorter,6,14,22461,DET,8,unresolved
0.14666666666666667,unchanged,shorter,11,22,22461,NOUN,11,unresolved
-0.02666666666666667,unchanged,shorter,-2,0,22461,NUM,2,unresolved
0.013333333333333334,unchanged,shorter,1,1,22461,PART,0,unresolved
0.0,unchanged,shorter,0,2,22461,PRON,2,unresolved
0.013333333333333334,unchanged,shorter,1,1,22461,PROPN,0,unresolved
0.12,unchanged,shorter,9,12,22461,VERB,3,unresolved
0.06451612903225806,unresolved,shorter,6,12,8899,ADJ,6,mixed
0.10752688172043011,unresolved,shorter,10,12,8899,ADP,2,mixed
0.021505376344086023,unresolved,shorter,2,2,8899,ADV,0,mixed
-0.010752688172043012,unresolved,shorter,-1,1,8899,AUX,2,mixed
0.010752688172043012,unresolved,shorter,1,5,8899,CCONJ,4,mixed
0.11827956989247312,unresolved,shorter,11,19,8899,DET,8,mixed
0.12903225806451613,unresolved,shorter,12,27,8899,NOUN,15,mixed
-0.010752688172043012,unresolved,shorter,-1,2,8899,NUM,3,mixed
0.03225806451612903,unresolved,shorter,3,4,8899,PRON,1,mixed
0.053763440860215055,unresolved,shorter,5,9,8899,VERB,4,mixed
0.04807692307692308,unchanged,shorter,5,10,506441,ADJ,5,mixed
0.07692307692307693,unchanged,shorter,8,15,506441,ADP,7,mixed
0.009615384615384616,unchanged,shorter,1,2,506441,ADV,1,mixed
0.019230769230769232,unchanged,shorter,2,2,506441,AUX,0,mixed
0.019230769230769232,unchanged,shorter,2,5,506441,CCONJ,3,mixed
0.10576923076923077,unchanged,shorter,11,23,506441,DET,12,mixed
0.11538461538461539,unchanged,shorter,12,30,506441,NOUN,18,mixed
0.038461538461538464,unchanged,shorter,4,4,506441,NUM,0,mixed
0.028846153846153848,unchanged,shorter,3,4,506441,PRON,1,mixed
0.04807692307692308,unchanged,shorter,5,9,506441,VERB,4,mixed
0.08433734939759036,lost,shorter,7,9,438364,ADJ,2,lost
0.12048192771084337,lost,shorter,10,11,438364,ADP,1,lost
0.060240963855421686,lost,shorter,5,5,438364,ADV,0,lost
0.012048192771084338,lost,shorter,1,2,438364,AUX,1,lost
0.04819277108433735,lost,shorter,4,4,438364,CCONJ,0,lost
0.1566265060240964,lost,shorter,13,15,438364,DET,2,lost
0.2289156626506024,lost,shorter,19,22,438364,NOUN,3,lost
0.024096385542168676,lost,shorter,2,2,438364,NUM,0,lost
0.04819277108433735,lost,shorter,4,4,438364,PRON,0,lost
0.012048192771084338,lost,shorter,1,1,438364,SCONJ,0,lost
0.08433734939759036,lost,shorter,7,8,438364,VERB,1,lost
-0.010309278350515464,unchanged,shorter,-1,4,93620,ADJ,5,unresolved
0.07216494845360824,unchanged,shorter,7,15,93620,ADP,8,unresolved
0.010309278350515464,unchanged,shorter,1,2,93620,ADV,1,unresolved
-0.010309278350515464,unchanged,shorter,-1,4,93620,AUX,5,unresolved
0.010309278350515464,unchanged,shorter,1,4,93620,CCONJ,3,unresolved
0.09278350515463918,unchanged,shorter,9,16,93620,DET,7,unresolved
0.09278350515463918,unchanged,shorter,9,26,93620,NOUN,17,unresolved
0.030927835051546393,unchanged,shorter,3,3,93620,NUM,0,unresolved
0.010309278350515464,unchanged,shorter,1,1,93620,PART,0,unresolved
0.041237113402061855,unchanged,shorter,4,7,93620,PRON,3,unresolved
0.020618556701030927,unchanged,shorter,2,2,93620,SCONJ,0,unresolved
0.08247422680412371,unchanged,shorter,8,13,93620,VERB,5,unresolved
0.08450704225352113,unresolved,shorter,6,8,154173,ADJ,2,unresolved
0.056338028169014086,unresolved,shorter,4,11,154173,ADP,7,unresolved
-0.014084507042253521,unresolved,shorter,-1,0,154173,ADV,1,unresolved
-0.014084507042253521,unresolved,shorter,-1,1,154173,AUX,2,unresolved
0.028169014084507043,unresolved,shorter,2,4,154173,CCONJ,2,unresolved
0.08450704225352113,unresolved,shorter,6,13,154173,DET,7,unresolved
0.07042253521126761,unresolved,shorter,5,18,154173,NOUN,13,unresolved
0.0,unresolved,shorter,0,3,154173,NUM,3,unresolved
-0.014084507042253521,unresolved,shorter,-1,0,154173,PART,1,unresolved
0.0,unresolved,shorter,0,4,154173,PRON,4,unresolved
0.014084507042253521,unresolved,shorter,1,1,154173,SCONJ,0,unresolved
0.028169014084507043,unresolved,shorter,2,8,154173,VERB,6,unresolved
0.04201680672268908,unchanged,shorter,5,8,237517,ADJ,3,mixed
0.06722689075630252,unchanged,shorter,8,16,237517,ADP,8,mixed
0.01680672268907563,unchanged,shorter,2,3,237517,ADV,1,mixed
0.03361344537815126,unchanged,shorter,4,5,237517,AUX,1,mixed
0.008403361344537815,unchanged,shorter,1,4,237517,CCONJ,3,mixed
0.12605042016806722,unchanged,shorter,15,25,237517,DET,10,mixed
0.15126050420168066,unchanged,shorter,18,34,237517,NOUN,16,mixed
0.01680672268907563,unchanged,shorter,2,3,237517,NUM,1,mixed
0.01680672268907563,unchanged,shorter,2,2,237517,PART,0,mixed
0.01680672268907563,unchanged,shorter,2,3,237517,PRON,1,mixed
0.1092436974789916,unchanged,shorter,13,16,237517,VERB,3,mixed
0.036585365853658534,unresolved,shorter,3,6,551665,ADJ,3,unresolved
0.0975609756097561,unresolved,shorter,8,11,551665,ADP,3,unresolved
0.012195121951219513,unresolved,shorter,1,3,551665,ADV,2,unresolved
0.012195121951219513,unresolved,shorter,1,3,551665,AUX,2,unresolved
0.024390243902439025,unresolved,shorter,2,3,551665,CCONJ,1,unresolved
0.14634146341463414,unresolved,shorter,12,17,551665,DET,5,unresolved
0.1951219512195122,unresolved,shorter,16,23,551665,NOUN,7,unresolved
0.024390243902439025,unresolved,shorter,2,2,551665,PART,0,unresolved
0.024390243902439025,unresolved,shorter,2,4,551665,PRON,2,unresolved
-0.012195121951219513,unresolved,shorter,-1,0,551665,SCONJ,1,unresolved
0.0975609756097561,unresolved,shorter,8,10,551665,VERB,2,unresolved
0.043478260869565216,lost,shorter,4,6,442136,ADJ,2,mixed
0.05434782608695652,lost,shorter,5,12,442136,ADP,7,mixed
0.05434782608695652,lost,shorter,5,6,442136,ADV,1,mixed
0.010869565217391304,lost,shorter,1,3,442136,AUX,2,mixed
0.021739130434782608,lost,shorter,2,3,442136,CCONJ,1,mixed
0.09782608695652174,lost,shorter,9,21,442136,DET,12,mixed
0.08695652173913043,lost,shorter,8,22,442136,NOUN,14,mixed
0.021739130434782608,lost,shorter,2,2,442136,NUM,0,mixed
0.010869565217391304,lost,shorter,1,1,442136,PART,0,mixed
0.03260869565217391,lost,shorter,3,4,442136,PRON,1,mixed
0.05434782608695652,lost,shorter,5,12,442136,VERB,7,mixed
0.047619047619047616,mixed,shorter,4,7,249883,ADJ,3,mixed
0.08333333333333333,mixed,shorter,7,11,249883,ADP,4,mixed
0.023809523809523808,mixed,shorter,2,2,249883,ADV,0,mixed
-0.023809523809523808,mixed,shorter,-2,2,249883,AUX,4,mixed
0.0,mixed,shorter,0,3,249883,CCONJ,3,mixed
0.07142857142857142,mixed,shorter,6,16,249883,DET,10,mixed
0.09523809523809523,mixed,shorter,8,20,249883,NOUN,12,mixed
0.047619047619047616,mixed,shorter,4,4,249883,NUM,0,mixed
0.011904761904761904,mixed,shorter,1,1,249883,PART,0,mixed
0.011904761904761904,mixed,shorter,1,5,249883,PRON,4,mixed
0.011904761904761904,mixed,shorter,1,1,249883,SCONJ,0,mixed
0.05952380952380952,mixed,shorter,5,12,249883,VERB,7,mixed
-0.014925373134328358,mixed,shorter,-1,5,564003,ADJ,6,lost
0.1044776119402985,mixed,shorter,7,13,564003,ADP,6,lost
0.029850746268656716,mixed,shorter,2,2,564003,ADV,0,lost
0.014925373134328358,mixed,shorter,1,3,564003,AUX,2,lost
-0.029850746268656716,mixed,shorter,-2,1,564003,CCONJ,3,lost
0.029850746268656716,mixed,shorter,2,13,564003,DET,11,lost
0.16417910447761194,mixed,shorter,11,21,564003,NOUN,10,lost
0.014925373134328358,mixed,shorter,1,1,564003,PART,0,lost
0.029850746268656716,mixed,shorter,2,2,564003,PRON,0,lost
0.014925373134328358,mixed,shorter,1,1,564003,SCONJ,0,lost
0.029850746268656716,mixed,shorter,2,5,564003,VERB,3,lost
0.11627906976744186,unchanged,shorter,10,10,6460,ADJ,0,lost
0.06976744186046512,unchanged,shorter,6,11,6460,ADP,5,lost
0.023255813953488372,unchanged,shorter,2,4,6460,ADV,2,lost
0.0,unchanged,shorter,0,3,6460,AUX,3,lost
0.023255813953488372,unchanged,shorter,2,3,6460,CCONJ,1,lost
0.10465116279069768,unchanged,shorter,9,19,6460,DET,10,lost
0.16279069767441862,unchanged,shorter,14,25,6460,NOUN,11,lost
0.023255813953488372,unchanged,shorter,2,2,6460,PART,0,lost
0.0,unchanged,shorter,0,3,6460,PRON,3,lost
0.0,unchanged,shorter,0,1,6460,SCONJ,1,lost
-0.011627906976744186,unchanged,shorter,-1,5,6460,VERB,6,lost
0.02247191011235955,unresolved,shorter,2,3,209548,ADJ,1,mixed
0.02247191011235955,unresolved,shorter,2,11,209548,ADP,9,mixed
0.02247191011235955,unresolved,shorter,2,3,209548,ADV,1,mixed
0.0449438202247191,unresolved,shorter,4,6,209548,AUX,2,mixed
0.011235955056179775,unresolved,shorter,1,2,209548,CCONJ,1,mixed
0.07865168539325842,unresolved,shorter,7,19,209548,DET,12,mixed
0.1348314606741573,unresolved,shorter,12,26,209548,NOUN,14,mixed
0.011235955056179775,unresolved,shorter,1,1,209548,PART,0,mixed
0.02247191011235955,unresolved,shorter,2,2,209548,PRON,0,mixed
0.011235955056179775,unresolved,shorter,1,1,209548,SCONJ,0,mixed
0.12359550561797752,unresolved,shorter,11,15,209548,VERB,4,mixed
0.056338028169014086,lost,shorter,4,5,275501,ADJ,1,lost
0.09859154929577464,lost,shorter,7,9,275501,ADP,2,lost
0.056338028169014086,lost,shorter,4,5,275501,AUX,1,lost
0.014084507042253521,lost,shorter,1,1,275501,CCONJ,0,lost
0.18309859154929578,lost,shorter,13,15,275501,DET,2,lost
0.2535211267605634,lost,shorter,18,22,275501,NOUN,4,lost
0.04225352112676056,lost,shorter,3,3,275501,PRON,0,lost
0.14084507042253522,lost,shorter,10,11,275501,VERB,1,lost
0.06837606837606838,unchanged,shorter,8,11,316617,ADJ,3,mixed
0.07692307692307693,unchanged,shorter,9,17,316617,ADP,8,mixed
0.03418803418803419,unchanged,shorter,4,4,316617,ADV,0,mixed
0.017094017094017096,unchanged,shorter,2,4,316617,AUX,2,mixed
0.017094017094017096,unchanged,shorter,2,3,316617,CCONJ,1,mixed
0.1111111111111111,unchanged,shorter,13,23,316617,DET,10,mixed
0.1452991452991453,unchanged,shorter,17,32,316617,NOUN,15,mixed
0.02564102564102564,unchanged,shorter,3,5,316617,NUM,2,mixed
0.0,unchanged,shorter,0,1,316617,PART,1,mixed
-0.017094017094017096,unchanged,shorter,-2,4,316617,PRON,6,mixed
0.008547008547008548,unchanged,shorter,1,1,316617,SCONJ,0,mixed
0.017094017094017096,unchanged,shorter,2,12,316617,VERB,10,mixed
0.06382978723404255,lost,shorter,6,9,279634,ADJ,3,mixed
0.07446808510638298,lost,shorter,7,13,279634,ADP,6,mixed
0.031914893617021274,lost,shorter,3,4,279634,ADV,1,mixed
0.02127659574468085,lost,shorter,2,3,279634,AUX,1,mixed
0.010638297872340425,lost,shorter,1,2,279634,CCONJ,1,mixed
0.07446808510638298,lost,shorter,7,18,279634,DET,11,mixed
0.07446808510638298,lost,shorter,7,22,279634,NOUN,15,mixed
0.0425531914893617,lost,shorter,4,4,279634,NUM,0,mixed
0.010638297872340425,lost,shorter,1,1,279634,PART,0,mixed
0.02127659574468085,lost,shorter,2,6,279634,PRON,4,mixed
0.010638297872340425,lost,shorter,1,1,279634,SCONJ,0,mixed
0.031914893617021274,lost,shorter,3,11,279634,VERB,8,mixed
0.11764705882352941,unresolved,shorter,12,12,245173,ADJ,0,mixed
0.06862745098039216,unresolved,shorter,7,17,245173,ADP,10,mixed
0.058823529411764705,unresolved,shorter,6,6,245173,ADV,0,mixed
-0.0196078431372549,unresolved,shorter,-2,2,245173,AUX,4,mixed
0.0,unresolved,shorter,0,2,245173,CCONJ,2,mixed
0.06862745098039216,unresolved,shorter,7,20,245173,DET,13,mixed
0.06862745098039216,unresolved,shorter,7,27,245173,NOUN,20,mixed
0.029411764705882353,unresolved,shorter,3,3,245173,NUM,0,mixed
0.00980392156862745,unresolved,shorter,1,4,245173,PRON,3,mixed
0.0196078431372549,unresolved,shorter,2,9,245173,VERB,7,mixed
0.0625,unchanged,shorter,4,7,522478,ADJ,3,mixed
0.0625,unchanged,shorter,4,9,522478,ADP,5,mixed
0.0,unchanged,shorter,0,2,522478,ADV,2,mixed
0.0,unchanged,shorter,0,2,522478,AUX,2,mixed
0.03125,unchanged,shorter,2,3,522478,CCONJ,1,mixed
0.09375,unchanged,shorter,6,14,522478,DET,8,mixed
0.125,unchanged,shorter,8,19,522478,NOUN,11,mixed
0.015625,unchanged,shorter,1,1,522478,PART,0,mixed
-0.015625,unchanged,shorter,-1,0,522478,PRON,1,mixed
0.046875,unchanged,shorter,3,7,522478,VERB,4,mixed
0.028846153846153848,unresolved,shorter,3,8,424712,ADJ,5,mixed
0.07692307692307693,unresolved,shorter,8,18,424712,ADP,10,mixed
-0.009615384615384616,unresolved,shorter,-1,1,424712,ADV,2,mixed
0.009615384615384616,unresolved,shorter,1,2,424712,AUX,1,mixed
0.009615384615384616,unresolved,shorter,1,3,424712,CCONJ,2,mixed
0.07692307692307693,unresolved,shorter,8,18,424712,DET,10,mixed
0.10576923076923077,unresolved,shorter,11,29,424712,NOUN,18,mixed
0.019230769230769232,unresolved,shorter,2,4,424712,NUM,2,mixed
0.009615384615384616,unresolved,shorter,1,1,424712,PART,0,mixed
0.0673076923076923,unresolved,shorter,7,10,424712,PRON,3,mixed
0.028846153846153848,unresolved,shorter,3,10,424712,VERB,7,mixed
0.05063291139240506,lost,shorter,4,4,281628,ADJ,0,mixed
0.08860759493670886,lost,shorter,7,8,281628,ADP,1,mixed
0.012658227848101266,lost,shorter,1,1,281628,ADV,0,mixed
0.05063291139240506,lost,shorter,4,5,281628,AUX,1,mixed
0.02531645569620253,lost,shorter,2,3,281628,CCONJ,1,mixed
0.13924050632911392,lost,shorter,11,15,281628,DET,4,mixed
0.189873417721519,lost,shorter,15,19,281628,NOUN,4,mixed
0.02531645569620253,lost,shorter,2,2,281628,PART,0,mixed
0.11392405063291139,lost,shorter,9,9,281628,PRON,0,mixed
0.012658227848101266,lost,shorter,1,1,281628,SCONJ,0,mixed
0.12658227848101267,lost,shorter,10,12,281628,VERB,2,mixed
0.019801980198019802,unchanged,shorter,2,6,236868,ADJ,4,mixed
0.10891089108910891,unchanged,shorter,11,13,236868,ADP,2,mixed
0.0297029702970297,unchanged,shorter,3,3,236868,ADV,0,mixed
0.019801980198019802,unchanged,shorter,2,4,236868,AUX,2,mixed
0.009900990099009901,unchanged,shorter,1,3,236868,CCONJ,2,mixed
0.12871287128712872,unchanged,shorter,13,18,236868,DET,5,mixed
0.16831683168316833,unchanged,shorter,17,24,236868,NOUN,7,mixed
0.0297029702970297,unchanged,shorter,3,5,236868,NUM,2,mixed
0.019801980198019802,unchanged,shorter,2,2,236868,PART,0,mixed
0.0297029702970297,unchanged,shorter,3,5,236868,PRON,2,mixed
0.019801980198019802,unchanged,shorter,2,2,236868,SCONJ,0,mixed
0.1188118811881188,unchanged,shorter,12,16,236868,VERB,4,mixed
0.056818181818181816,unresolved,shorter,5,8,522032,ADJ,3,unresolved
0.03409090909090909,unresolved,shorter,3,10,522032,ADP,7,unresolved
0.045454545454545456,unresolved,shorter,4,4,522032,ADV,0,unresolved
0.03409090909090909,unresolved,shorter,3,5,522032,AUX,2,unresolved
0.011363636363636364,unresolved,shorter,1,4,522032,CCONJ,3,unresolved
0.07954545454545454,unresolved,shorter,7,18,522032,DET,11,unresolved
0.09090909090909091,unresolved,shorter,8,23,522032,NOUN,15,unresolved
-0.011363636363636364,unresolved,shorter,-1,0,522032,NUM,1,unresolved
0.011363636363636364,unresolved,shorter,1,1,522032,PART,0,unresolved
0.022727272727272728,unresolved,shorter,2,3,522032,PRON,1,unresolved
0.03409090909090909,unresolved,shorter,3,3,522032,SCONJ,0,unresolved
0.06818181818181818,unresolved,shorter,6,9,522032,VERB,3,unresolved
0.03260869565217391,unresolved,shorter,3,7,567171,ADJ,4,unresolved
0.09782608695652174,unresolved,shorter,9,15,567171,ADP,6,unresolved
0.021739130434782608,unresolved,shorter,2,4,567171,ADV,2,unresolved
0.0,unresolved,shorter,0,3,567171,AUX,3,unresolved
-0.010869565217391304,unresolved,shorter,-1,1,567171,CCONJ,2,unresolved
0.09782608695652174,unresolved,shorter,9,19,567171,DET,10,unresolved
0.09782608695652174,unresolved,shorter,9,25,567171,NOUN,16,unresolved
-0.03260869565217391,unresolved,shorter,-3,1,567171,NUM,4,unresolved
0.010869565217391304,unresolved,shorter,1,4,567171,PRON,3,unresolved
0.010869565217391304,unresolved,shorter,1,1,567171,SCONJ,0,unresolved
0.03260869565217391,unresolved,shorter,3,12,567171,VERB,9,unresolved
0.08602150537634409,gained,shorter,8,10,559550,ADJ,2,mixed
0.06451612903225806,gained,shorter,6,12,559550,ADP,6,mixed
0.021505376344086023,gained,shorter,2,2,559550,ADV,0,mixed
0.021505376344086023,gained,shorter,2,5,559550,AUX,3,mixed
0.021505376344086023,gained,shorter,2,2,559550,CCONJ,0,mixed
0.11827956989247312,gained,shorter,11,18,559550,DET,7,mixed
0.10752688172043011,gained,shorter,10,23,559550,NOUN,13,mixed
0.021505376344086023,gained,shorter,2,4,559550,NUM,2,mixed
0.010752688172043012,gained,shorter,1,1,559550,PART,0,mixed
0.03225806451612903,gained,shorter,3,4,559550,PRON,1,mixed
0.0,gained,shorter,0,1,559550,SCONJ,1,mixed
0.08602150537634409,gained,shorter,8,11,559550,VERB,3,mixed
0.046296296296296294,unresolved,shorter,5,10,201141,ADJ,5,mixed
0.06481481481481481,unresolved,shorter,7,14,201141,ADP,7,mixed
0.037037037037037035,unresolved,shorter,4,4,201141,ADV,0,mixed
-0.018518518518518517,unresolved,shorter,-2,3,201141,AUX,5,mixed
0.037037037037037035,unresolved,shorter,4,7,201141,CCONJ,3,mixed
0.10185185185185185,unresolved,shorter,11,18,201141,DET,7,mixed
0.16666666666666666,unresolved,shorter,18,33,201141,NOUN,15,mixed
0.009259259259259259,unresolved,shorter,1,2,201141,PART,1,mixed
-0.009259259259259259,unresolved,shorter,-1,2,201141,PRON,3,mixed
-0.009259259259259259,unresolved,shorter,-1,0,201141,SCONJ,1,mixed
0.09259259259259259,unresolved,shorter,10,15,201141,VERB,5,mixed
0.017391304347826087,unchanged,shorter,2,6,317479,ADJ,4,mixed
0.06086956521739131,unchanged,shorter,7,16,317479,ADP,9,mixed
0.02608695652173913,unchanged,shorter,3,3,317479,ADV,0,mixed
0.017391304347826087,unchanged,shorter,2,6,317479,AUX,4,mixed
0.02608695652173913,unchanged,shorter,3,4,317479,CCONJ,1,mixed
0.09565217391304348,unchanged,shorter,11,20,317479,DET,9,mixed
0.16521739130434782,unchanged,shorter,19,33,317479,NOUN,14,mixed
0.008695652173913044,unchanged,shorter,1,1,317479,NUM,0,mixed
0.008695652173913044,unchanged,shorter,1,1,317479,PART,0,mixed
0.008695652173913044,unchanged,shorter,1,5,317479,PRON,4,mixed
0.02608695652173913,unchanged,shorter,3,3,317479,SCONJ,0,mixed
0.06956521739130435,unchanged,shorter,8,17,317479,VERB,9,mixed
0.041237113402061855,unresolved,shorter,4,8,236246,ADJ,4,mixed
0.05154639175257732,unresolved,shorter,5,11,236246,ADP,6,mixed
0.030927835051546393,unresolved,shorter,3,4,236246,ADV,1,mixed
0.030927835051546393,unresolved,shorter,3,4,236246,AUX,1,mixed
0.05154639175257732,unresolved,shorter,5,6,236246,CCONJ,1,mixed
0.09278350515463918,unresolved,shorter,9,18,236246,DET,9,mixed
0.17525773195876287,unresolved,shorter,17,30,236246,NOUN,13,mixed
0.020618556701030927,unresolved,shorter,2,2,236246,PART,0,mixed
0.0,unresolved,shorter,0,1,236246,PRON,1,mixed
0.010309278350515464,unresolved,shorter,1,1,236246,SCONJ,0,mixed
0.07216494845360824,unresolved,shorter,7,12,236246,VERB,5,mixed
0.06481481481481481,lost,shorter,7,11,402588,ADJ,4,mixed
0.08333333333333333,lost,shorter,9,16,402588,ADP,7,mixed
-0.018518518518518517,lost,shorter,-2,0,402588,ADV,2,mixed
0.0,lost,shorter,0,6,402588,AUX,6,mixed
0.018518518518518517,lost,shorter,2,4,402588,CCONJ,2,mixed
0.09259259259259259,lost,shorter,10,18,402588,DET,8,mixed
0.09259259259259259,lost,shorter,10,29,402588,NOUN,19,mixed
0.009259259259259259,lost,shorter,1,1,402588,PART,0,mixed
-0.009259259259259259,lost,shorter,-1,6,402588,PRON,7,mixed
0.009259259259259259,lost,shorter,1,2,402588,SCONJ,1,mixed
0.046296296296296294,lost,shorter,5,15,402588,VERB,10,mixed
0.04,unresolved,shorter,4,5,401862,ADJ,1,unresolved
0.1,unresolved,shorter,10,14,401862,ADP,4,unresolved
0.06,unresolved,shorter,6,7,401862,ADV,1,unresolved
-0.02,unresolved,shorter,-2,3,401862,AUX,5,unresolved
0.02,unresolved,shorter,2,3,401862,CCONJ,1,unresolved
0.09,unresolved,shorter,9,16,401862,DET,7,unresolved
0.13,unresolved,shorter,13,27,401862,NOUN,14,unresolved
0.01,unresolved,shorter,1,1,401862,NUM,0,unresolved
0.01,unresolved,shorter,1,3,401862,PART,2,unresolved
0.03,unresolved,shorter,3,5,401862,PRON,2,unresolved
-0.01,unresolved,shorter,-1,0,401862,SCONJ,1,unresolved
0.08,unresolved,shorter,8,16,401862,VERB,8,unresolved
0.02,gained,shorter,2,5,141256,ADJ,3,mixed
0.08,gained,shorter,8,14,141256,ADP,6,mixed
0.01,gained,shorter,1,2,141256,ADV,1,mixed
0.0,gained,shorter,0,4,141256,AUX,4,mixed
0.03,gained,shorter,3,4,141256,CCONJ,1,mixed
0.09,gained,shorter,9,17,141256,DET,8,mixed
0.12,gained,shorter,12,27,141256,NOUN,15,mixed
0.02,gained,shorter,2,3,141256,NUM,1,mixed
0.01,gained,shorter,1,1,141256,PART,0,mixed
0.02,gained,shorter,2,7,141256,PRON,5,mixed
0.0,gained,shorter,0,1,141256,SCONJ,1,mixed
0.07,gained,shorter,7,15,141256,VERB,8,mixed
0.03333333333333333,unresolved,shorter,3,6,409009,ADJ,3,unresolved
0.07777777777777778,unresolved,shorter,7,12,409009,ADP,5,unresolved
0.044444444444444446,unresolved,shorter,4,5,409009,ADV,1,unresolved
-0.011111111111111112,unresolved,shorter,-1,5,409009,AUX,6,unresolved
-0.011111111111111112,unresolved,shorter,-1,1,409009,CCONJ,2,unresolved
0.08888888888888889,unresolved,shorter,8,18,409009,DET,10,unresolved
0.12222222222222222,unresolved,shorter,11,25,409009,NOUN,14,unresolved
-0.011111111111111112,unresolved,shorter,-1,0,409009,PART,1,unresolved
0.03333333333333333,unresolved,shorter,3,4,409009,PRON,1,unresolved
0.022222222222222223,unresolved,shorter,2,2,409009,SCONJ,0,unresolved
0.07777777777777778,unresolved,shorter,7,12,409009,VERB,5,unresolved
0.07142857142857142,unchanged,shorter,4,6,438426,ADJ,2,mixed
0.07142857142857142,unchanged,shorter,4,5,438426,ADP,1,mixed
0.017857142857142856,unchanged,shorter,1,1,438426,ADV,0,mixed
0.03571428571428571,unchanged,shorter,2,2,438426,AUX,0,mixed
0.05357142857142857,unchanged,shorter,3,3,438426,CCONJ,0,mixed
0.16071428571428573,unchanged,shorter,9,13,438426,DET,4,mixed
0.19642857142857142,unchanged,shorter,11,16,438426,NOUN,5,mixed
0.03571428571428571,unchanged,shorter,2,2,438426,PRON,0,mixed
0.10714285714285714,unchanged,shorter,6,8,438426,VERB,2,mixed
0.060240963855421686,unchanged,shorter,5,7,10837,ADJ,2,gained
0.08433734939759036,unchanged,shorter,7,14,10837,ADP,7,gained
0.024096385542168676,unchanged,shorter,2,3,10837,ADV,1,gained
-0.012048192771084338,unchanged,shorter,-1,4,10837,AUX,5,gained
0.0,unchanged,shorter,0,2,10837,CCONJ,2,gained
0.060240963855421686,unchanged,shorter,5,14,10837,DET,9,gained
0.10843373493975904,unchanged,shorter,9,23,10837,NOUN,14,gained
0.012048192771084338,unchanged,shorter,1,2,10837,NUM,1,gained
-0.012048192771084338,unchanged,shorter,-1,0,10837,PART,1,gained
0.012048192771084338,unchanged,shorter,1,4,10837,PRON,3,gained
-0.012048192771084338,unchanged,shorter,-1,0,10837,SCONJ,1,gained
0.012048192771084338,unchanged,shorter,1,10,10837,VERB,9,gained
0.06060606060606061,lost,shorter,6,7,568814,ADJ,1,lost
0.09090909090909091,lost,shorter,9,13,568814,ADP,4,lost
0.020202020202020204,lost,shorter,2,3,568814,ADV,1,lost
0.030303030303030304,lost,shorter,3,5,568814,AUX,2,lost
0.04040404040404041,lost,shorter,4,4,568814,CCONJ,0,lost
0.1717171717171717,lost,shorter,17,20,568814,DET,3,lost
0.1919191919191919,lost,shorter,19,23,568814,NOUN,4,lost
0.020202020202020204,lost,shorter,2,2,568814,NUM,0,lost
0.010101010101010102,lost,shorter,1,1,568814,PART,0,lost
0.04040404040404041,lost,shorter,4,7,568814,PRON,3,lost
0.010101010101010102,lost,shorter,1,1,568814,PROPN,0,lost
0.010101010101010102,lost,shorter,1,1,568814,SCONJ,0,lost
0.10101010101010101,lost,shorter,10,12,568814,VERB,2,lost
0.046153846153846156,gained,shorter,6,12,565761,ADJ,6,unresolved
0.03076923076923077,gained,shorter,4,15,565761,ADP,11,unresolved
0.015384615384615385,gained,shorter,2,3,565761,ADV,1,unresolved
0.046153846153846156,gained,shorter,6,9,565761,AUX,3,unresolved
0.007692307692307693,gained,shorter,1,5,565761,CCONJ,4,unresolved
0.07692307692307693,gained,shorter,10,24,565761,DET,14,unresolved
0.08461538461538462,gained,shorter,11,31,565761,NOUN,20,unresolved
0.007692307692307693,gained,shorter,1,3,565761,NUM,2,unresolved
0.007692307692307693,gained,shorter,1,1,565761,PART,0,unresolved
0.023076923076923078,gained,shorter,3,7,565761,PRON,4,unresolved
0.007692307692307693,gained,shorter,1,2,565761,SCONJ,1,unresolved
0.08461538461538462,gained,shorter,11,18,565761,VERB,7,unresolved
0.0,unresolved,shorter,0,6,1682,ADJ,6,unresolved
0.03636363636363636,unresolved,shorter,2,7,1682,ADP,5,unresolved
-0.01818181818181818,unresolved,shorter,-1,0,1682,ADV,1,unresolved
0.01818181818181818,unresolved,shorter,1,4,1682,AUX,3,unresolved
0.0,unresolved,shorter,0,2,1682,CCONJ,2,unresolved
0.07272727272727272,unresolved,shorter,4,13,1682,DET,9,unresolved
0.09090909090909091,unresolved,shorter,5,14,1682,NOUN,9,unresolved
0.03636363636363636,unresolved,shorter,2,2,1682,PART,0,unresolved
-0.01818181818181818,unresolved,shorter,-1,1,1682,PRON,2,unresolved
0.03636363636363636,unresolved,shorter,2,6,1682,VERB,4,unresolved
0.016129032258064516,unresolved,shorter,1,3,415015,ADJ,2,mixed
0.0,unresolved,shorter,0,6,415015,ADP,6,mixed
0.0,unresolved,shorter,0,1,415015,ADV,1,mixed
0.0,unresolved,shorter,0,3,415015,AUX,3,mixed
0.03225806451612903,unresolved,shorter,2,4,415015,CCONJ,2,mixed
0.04838709677419355,unresolved,shorter,3,14,415015,DET,11,mixed
0.08064516129032258,unresolved,shorter,5,19,415015,NOUN,14,mixed
0.016129032258064516,unresolved,shorter,1,1,415015,PART,0,mixed
0.08064516129032258,unresolved,shorter,5,11,415015,VERB,6,mixed
0.0136986301369863,gained,shorter,1,4,76484,ADJ,3,gained
0.0136986301369863,gained,shorter,1,9,76484,ADP,8,gained
0.0136986301369863,gained,shorter,1,1,76484,ADV,0,gained
0.0273972602739726,gained,shorter,2,5,76484,AUX,3,gained
-0.0136986301369863,gained,shorter,-1,2,76484,CCONJ,3,gained
0.0958904109589041,gained,shorter,7,17,76484,DET,10,gained
0.1095890410958904,gained,shorter,8,22,76484,NOUN,14,gained
0.0136986301369863,gained,shorter,1,1,76484,PART,0,gained
0.0136986301369863,gained,shorter,1,2,76484,PRON,1,gained
0.0136986301369863,gained,shorter,1,1,76484,PROPN,0,gained
0.0136986301369863,gained,shorter,1,1,76484,SCONJ,0,gained
0.0821917808219178,gained,shorter,6,8,76484,VERB,2,gained
0.07608695652173914,unchanged,shorter,7,9,232679,ADJ,2,mixed
0.15217391304347827,unchanged,shorter,14,16,232679,ADP,2,mixed
0.010869565217391304,unchanged,shorter,1,1,232679,ADV,0,mixed
0.021739130434782608,unchanged,shorter,2,5,232679,AUX,3,mixed
0.0,unchanged,shorter,0,2,232679,CCONJ,2,mixed
0.16304347826086957,unchanged,shorter,15,21,232679,DET,6,mixed
0.20652173913043478,unchanged,shorter,19,27,232679,NOUN,8,mixed
0.0,unchanged,shorter,0,2,232679,NUM,2,mixed
0.010869565217391304,unchanged,shorter,1,2,232679,PRON,1,mixed
-0.021739130434782608,unchanged,shorter,-2,0,232679,PROPN,2,mixed
0.010869565217391304,unchanged,shorter,1,1,232679,SCONJ,0,mixed
0.043478260869565216,unchanged,shorter,4,6,232679,VERB,2,mixed
0.06557377049180328,unresolved,shorter,4,8,555412,ADJ,4,unresolved
-0.01639344262295082,unresolved,shorter,-1,5,555412,ADP,6,unresolved
0.01639344262295082,unresolved,shorter,1,1,555412,ADV,0,unresolved
0.04918032786885246,unresolved,shorter,3,4,555412,AUX,1,unresolved
0.04918032786885246,unresolved,shorter,3,5,555412,CCONJ,2,unresolved
0.09836065573770492,unresolved,shorter,6,12,555412,DET,6,unresolved
0.06557377049180328,unresolved,shorter,4,16,555412,NOUN,12,unresolved
0.01639344262295082,unresolved,shorter,1,1,555412,PART,0,unresolved
0.11475409836065574,unresolved,shorter,7,9,555412,VERB,2,unresolved
0.02830188679245283,unchanged,shorter,3,8,69946,ADJ,5,mixed
0.018867924528301886,unchanged,shorter,2,17,69946,ADP,15,mixed
0.02830188679245283,unchanged,shorter,3,4,69946,ADV,1,mixed
0.02830188679245283,unchanged,shorter,3,7,69946,AUX,4,mixed
0.04716981132075472,unchanged,shorter,5,6,69946,CCONJ,1,mixed
0.03773584905660377,unchanged,shorter,4,20,69946,DET,16,mixed
0.08490566037735849,unchanged,shorter,9,30,69946,NOUN,21,mixed
0.009433962264150943,unchanged,shorter,1,1,69946,NUM,0,mixed
-0.02830188679245283,unchanged,shorter,-3,1,69946,PRON,4,mixed
0.0,unchanged,shorter,0,1,69946,SCONJ,1,mixed
0.009433962264150943,unchanged,shorter,1,11,69946,VERB,10,mixed
0.11320754716981132,unresolved,shorter,6,7,430973,ADJ,1,lost
0.07547169811320754,unresolved,shorter,4,6,430973,ADP,2,lost
0.018867924528301886,unresolved,shorter,1,1,430973,ADV,0,lost
0.07547169811320754,unresolved,shorter,4,4,430973,AUX,0,lost
0.018867924528301886,unresolved,shorter,1,2,430973,CCONJ,1,lost
0.11320754716981132,unresolved,shorter,6,8,430973,DET,2,lost
0.1320754716981132,unresolved,shorter,7,12,430973,NOUN,5,lost
0.018867924528301886,unresolved,shorter,1,1,430973,PART,0,lost
0.07547169811320754,unresolved,shorter,4,4,430973,PRON,0,lost
0.1320754716981132,unresolved,shorter,7,8,430973,VERB,1,lost
0.04938271604938271,unresolved,shorter,4,10,226802,ADJ,6,mixed
0.037037037037037035,unresolved,shorter,3,9,226802,ADP,6,mixed
0.024691358024691357,unresolved,shorter,2,2,226802,ADV,0,mixed
-0.024691358024691357,unresolved,shorter,-2,4,226802,AUX,6,mixed
0.012345679012345678,unresolved,shorter,1,5,226802,CCONJ,4,mixed
0.06172839506172839,unresolved,shorter,5,14,226802,DET,9,mixed
0.07407407407407407,unresolved,shorter,6,23,226802,NOUN,17,mixed
-0.012345679012345678,unresolved,shorter,-1,0,226802,PART,1,mixed
-0.024691358024691357,unresolved,shorter,-2,2,226802,PRON,4,mixed
0.012345679012345678,unresolved,shorter,1,1,226802,SCONJ,0,mixed
0.037037037037037035,unresolved,shorter,3,11,226802,VERB,8,mixed
0.043478260869565216,unresolved,shorter,4,7,116887,ADJ,3,unresolved
0.07608695652173914,unresolved,shorter,7,9,116887,ADP,2,unresolved
0.021739130434782608,unresolved,shorter,2,2,116887,ADV,0,unresolved
-0.010869565217391304,unresolved,shorter,-1,3,116887,AUX,4,unresolved
0.05434782608695652,unresolved,shorter,5,7,116887,CCONJ,2,unresolved
0.15217391304347827,unresolved,shorter,14,18,116887,DET,4,unresolved
0.22826086956521738,unresolved,shorter,21,29,116887,NOUN,8,unresolved
0.010869565217391304,unresolved,shorter,1,2,116887,PART,1,unresolved
0.010869565217391304,unresolved,shorter,1,4,116887,PRON,3,unresolved
0.010869565217391304,unresolved,shorter,1,1,116887,SCONJ,0,unresolved
0.07608695652173914,unresolved,shorter,7,10,116887,VERB,3,unresolved
0.04395604395604396,gained,shorter,4,6,49444,ADJ,2,mixed
0.04395604395604396,gained,shorter,4,12,49444,ADP,8,mixed
-0.01098901098901099,gained,shorter,-1,0,49444,ADV,1,mixed
0.0,gained,shorter,0,5,49444,AUX,5,mixed
-0.02197802197802198,gained,shorter,-2,3,49444,CCONJ,5,mixed
0.054945054945054944,gained,shorter,5,18,49444,DET,13,mixed
0.04395604395604396,gained,shorter,4,24,49444,NOUN,20,mixed
0.02197802197802198,gained,shorter,2,2,49444,PART,0,mixed
-0.03296703296703297,gained,shorter,-3,4,49444,PRON,7,mixed
0.01098901098901099,gained,shorter,1,1,49444,SCONJ,0,mixed
0.06593406593406594,gained,shorter,6,16,49444,VERB,10,mixed
0.09876543209876543,unresolved,shorter,8,11,381658,ADJ,3,unresolved
0.06172839506172839,unresolved,shorter,5,8,381658,ADP,3,unresolved
0.012345679012345678,unresolved,shorter,1,1,381658,ADV,0,unresolved
0.024691358024691357,unresolved,shorter,2,5,381658,AUX,3,unresolved
0.04938271604938271,unresolved,shorter,4,4,381658,CCONJ,0,unresolved
0.08641975308641975,unresolved,shorter,7,13,381658,DET,6,unresolved
0.14814814814814814,unresolved,shorter,12,20,381658,NOUN,8,unresolved
0.024691358024691357,unresolved,shorter,2,2,381658,PART,0,unresolved
0.04938271604938271,unresolved,shorter,4,5,381658,PRON,1,unresolved
0.024691358024691357,unresolved,shorter,2,2,381658,SCONJ,0,unresolved
0.1111111111111111,unresolved,shorter,9,10,381658,VERB,1,unresolved
0.07446808510638298,mixed,shorter,7,12,570659,ADJ,5,mixed
0.0425531914893617,mixed,shorter,4,9,570659,ADP,5,mixed
0.02127659574468085,mixed,shorter,2,3,570659,ADV,1,mixed
0.0425531914893617,mixed,shorter,4,5,570659,AUX,1,mixed
0.0,mixed,shorter,0,6,570659,CCONJ,6,mixed
0.07446808510638298,mixed,shorter,7,16,570659,DET,9,mixed
0.1276595744680851,mixed,shorter,12,28,570659,NOUN,16,mixed
0.010638297872340425,mixed,shorter,1,1,570659,PART,0,mixed
0.0,mixed,shorter,0,1,570659,PRON,1,mixed
0.09574468085106383,mixed,shorter,9,13,570659,VERB,4,mixed
0.013157894736842105,lost,shorter,1,6,84477,ADJ,5,mixed
0.039473684210526314,lost,shorter,3,8,84477,ADP,5,mixed
0.013157894736842105,lost,shorter,1,1,84477,ADV,0,mixed
-0.013157894736842105,lost,shorter,-1,5,84477,AUX,6,mixed
-0.02631578947368421,lost,shorter,-2,3,84477,CCONJ,5,mixed
0.039473684210526314,lost,shorter,3,16,84477,DET,13,mixed
0.14473684210526316,lost,shorter,11,25,84477,NOUN,14,mixed
0.013157894736842105,lost,shorter,1,1,84477,PART,0,mixed
-0.013157894736842105,lost,shorter,-1,0,84477,PRON,1,mixed
0.013157894736842105,lost,shorter,1,1,84477,SCONJ,0,mixed
0.06578947368421052,lost,shorter,5,10,84477,VERB,5,mixed
0.09395973154362416,lost,shorter,14,21,210394,ADJ,7,gained
0.10738255033557047,lost,shorter,16,23,210394,ADP,7,gained
0.020134228187919462,lost,shorter,3,4,210394,ADV,1,gained
0.03355704697986577,lost,shorter,5,7,210394,AUX,2,gained
0.020134228187919462,lost,shorter,3,7,210394,CCONJ,4,gained
0.10738255033557047,lost,shorter,16,26,210394,DET,10,gained
0.12080536912751678,lost,shorter,18,35,210394,NOUN,17,gained
0.03355704697986577,lost,shorter,5,5,210394,NUM,0,gained
0.006711409395973154,lost,shorter,1,5,210394,PRON,4,gained
0.006711409395973154,lost,shorter,1,1,210394,PROPN,0,gained
0.006711409395973154,lost,shorter,1,1,210394,SCONJ,0,gained
0.040268456375838924,lost,shorter,6,14,210394,VERB,8,gained
0.08235294117647059,lost,shorter,7,7,66841,ADJ,0,mixed
0.058823529411764705,lost,shorter,5,12,66841,ADP,7,mixed
0.011764705882352941,lost,shorter,1,1,66841,ADV,0,mixed
0.023529411764705882,lost,shorter,2,5,66841,AUX,3,mixed
0.023529411764705882,lost,shorter,2,4,66841,CCONJ,2,mixed
0.07058823529411765,lost,shorter,6,17,66841,DET,11,mixed
0.11764705882352941,lost,shorter,10,23,66841,NOUN,13,mixed
0.011764705882352941,lost,shorter,1,2,66841,NUM,1,mixed
0.011764705882352941,lost,shorter,1,1,66841,PART,0,mixed
0.0,lost,shorter,0,2,66841,PRON,2,mixed
0.023529411764705882,lost,shorter,2,2,66841,SCONJ,0,mixed
0.07058823529411765,lost,shorter,6,9,66841,VERB,3,mixed
0.05185185185185185,unresolved,shorter,7,9,469134,ADJ,2,mixed
0.08148148148148149,unresolved,shorter,11,22,469134,ADP,11,mixed
0.07407407407407407,unresolved,shorter,10,10,469134,ADV,0,mixed
0.007407407407407408,unresolved,shorter,1,6,469134,AUX,5,mixed
0.022222222222222223,unresolved,shorter,3,5,469134,CCONJ,2,mixed
0.0962962962962963,unresolved,shorter,13,22,469134,DET,9,mixed
0.08888888888888889,unresolved,shorter,12,34,469134,NOUN,22,mixed
0.022222222222222223,unresolved,shorter,3,3,469134,NUM,0,mixed
0.02962962962962963,unresolved,shorter,4,7,469134,PRON,3,mixed
0.014814814814814815,unresolved,shorter,2,2,469134,SCONJ,0,mixed
0.044444444444444446,unresolved,shorter,6,15,469134,VERB,9,mixed
0.07462686567164178,unresolved,shorter,5,6,120234,ADJ,1,mixed
0.07462686567164178,unresolved,shorter,5,9,120234,ADP,4,mixed
0.014925373134328358,unresolved,shorter,1,2,120234,ADV,1,mixed
-0.014925373134328358,unresolved,shorter,-1,3,120234,AUX,4,mixed
0.014925373134328358,unresolved,shorter,1,3,120234,CCONJ,2,mixed
0.05970149253731343,unresolved,shorter,4,13,120234,DET,9,mixed
0.05970149253731343,unresolved,shorter,4,17,120234,NOUN,13,mixed
0.029850746268656716,unresolved,shorter,2,2,120234,PART,0,mixed
0.029850746268656716,unresolved,shorter,2,4,120234,PRON,2,mixed
0.014925373134328358,unresolved,shorter,1,1,120234,SCONJ,0,mixed
0.029850746268656716,unresolved,shorter,2,7,120234,VERB,5,mixed
0.0,lost,shorter,0,5,197666,ADJ,5,mixed
0.0,lost,shorter,0,6,197666,ADP,6,mixed
0.034482758620689655,lost,shorter,2,3,197666,ADV,1,mixed
0.0,lost,shorter,0,2,197666,AUX,2,mixed
0.034482758620689655,lost,shorter,2,3,197666,CCONJ,1,mixed
0.06896551724137931,lost,shorter,4,13,197666,DET,9,mixed
0.1206896551724138,lost,shorter,7,17,197666,NOUN,10,mixed
0.017241379310344827,lost,shorter,1,2,197666,PRON,1,mixed
0.06896551724137931,lost,shorter,4,7,197666,VERB,3,mixed
0.020202020202020204,unresolved,shorter,2,3,275448,ADJ,1,mixed
0.08080808080808081,unresolved,shorter,8,11,275448,ADP,3,mixed
0.020202020202020204,unresolved,shorter,2,3,275448,ADV,1,mixed
0.04040404040404041,unresolved,shorter,4,7,275448,AUX,3,mixed
0.020202020202020204,unresolved,shorter,2,3,275448,CCONJ,1,mixed
0.15151515151515152,unresolved,shorter,15,22,275448,DET,7,mixed
0.1919191919191919,unresolved,shorter,19,30,275448,NOUN,11,mixed
0.010101010101010102,unresolved,shorter,1,1,275448,NUM,0,mixed
0.010101010101010102,unresolved,shorter,1,1,275448,PART,0,mixed
0.030303030303030304,unresolved,shorter,3,5,275448,PRON,2,mixed
0.10101010101010101,unresolved,shorter,10,13,275448,VERB,3,mixed
-0.019230769230769232,gained,shorter,-1,3,506187,ADJ,4,unchanged
0.038461538461538464,gained,shorter,2,9,506187,ADP,7,unchanged
-0.038461538461538464,gained,shorter,-2,0,506187,ADV,2,unchanged
0.0,gained,shorter,0,2,506187,AUX,2,unchanged
0.0,gained,shorter,0,1,506187,CCONJ,1,unchanged
0.019230769230769232,gained,shorter,1,12,506187,DET,11,unchanged
0.038461538461538464,gained,shorter,2,13,506187,NOUN,11,unchanged
0.019230769230769232,gained,shorter,1,1,506187,PART,0,unchanged
0.057692307692307696,gained,shorter,3,4,506187,PRON,1,unchanged
0.057692307692307696,gained,shorter,3,7,506187,VERB,4,unchanged
0.009433962264150943,unresolved,shorter,1,5,299776,ADJ,4,unresolved
0.12264150943396226,unresolved,shorter,13,17,299776,ADP,4,unresolved
0.018867924528301886,unresolved,shorter,2,2,299776,ADV,0,unresolved
0.03773584905660377,unresolved,shorter,4,10,299776,AUX,6,unresolved
0.009433962264150943,unresolved,shorter,1,5,299776,CCONJ,4,unresolved
0.1320754716981132,unresolved,shorter,14,25,299776,DET,11,unresolved
0.1509433962264151,unresolved,shorter,16,30,299776,NOUN,14,unresolved
0.009433962264150943,unresolved,shorter,1,2,299776,PRON,1,unresolved
0.009433962264150943,unresolved,shorter,1,1,299776,SCONJ,0,unresolved
0.04716981132075472,unresolved,shorter,5,9,299776,VERB,4,unresolved
0.06896551724137931,unresolved,shorter,6,9,419697,ADJ,3,mixed
0.04597701149425287,unresolved,shorter,4,8,419697,ADP,4,mixed
0.022988505747126436,unresolved,shorter,2,3,419697,ADV,1,mixed
0.0,unresolved,shorter,0,4,419697,AUX,4,mixed
0.0,unresolved,shorter,0,3,419697,CCONJ,3,mixed
0.10344827586206896,unresolved,shorter,9,17,419697,DET,8,mixed
0.16091954022988506,unresolved,shorter,14,23,419697,NOUN,9,mixed
0.022988505747126436,unresolved,shorter,2,2,419697,PART,0,mixed
0.022988505747126436,unresolved,shorter,2,3,419697,PRON,1,mixed
0.011494252873563218,unresolved,shorter,1,1,419697,SCONJ,0,mixed
0.09195402298850575,unresolved,shorter,8,14,419697,VERB,6,mixed
0.06666666666666667,mixed,shorter,6,7,212421,ADJ,1,lost
0.08888888888888889,mixed,shorter,8,11,212421,ADP,3,lost
0.011111111111111112,mixed,shorter,1,2,212421,ADV,1,lost
0.011111111111111112,mixed,shorter,1,5,212421,AUX,4,lost
0.011111111111111112,mixed,shorter,1,2,212421,CCONJ,1,lost
0.12222222222222222,mixed,shorter,11,21,212421,DET,10,lost
0.12222222222222222,mixed,shorter,11,21,212421,NOUN,10,lost
0.011111111111111112,mixed,shorter,1,1,212421,NUM,0,lost
0.03333333333333333,mixed,shorter,3,3,212421,PART,0,lost
0.011111111111111112,mixed,shorter,1,4,212421,PRON,3,lost
0.011111111111111112,mixed,shorter,1,1,212421,SCONJ,0,lost
0.06666666666666667,mixed,shorter,6,12,212421,VERB,6,lost
0.04,unresolved,shorter,3,8,530600,ADJ,5,unresolved
0.013333333333333334,unresolved,shorter,1,9,530600,ADP,8,unresolved
-0.02666666666666667,unresolved,shorter,-2,1,530600,ADV,3,unresolved
0.013333333333333334,unresolved,shorter,1,1,530600,AUX,0,unresolved
0.0,unresolved,shorter,0,4,530600,CCONJ,4,unresolved
0.013333333333333334,unresolved,shorter,1,14,530600,DET,13,unresolved
0.0,unresolved,shorter,0,18,530600,NOUN,18,unresolved
-0.04,unresolved,shorter,-3,3,530600,NUM,6,unresolved
0.013333333333333334,unresolved,shorter,1,1,530600,PART,0,unresolved
-0.05333333333333334,unresolved,shorter,-4,2,530600,PRON,6,unresolved
0.06666666666666667,unresolved,shorter,5,6,530600,PROPN,1,unresolved
-0.02666666666666667,unresolved,shorter,-2,8,530600,VERB,10,unresolved
0.0,gained,shorter,0,4,445233,ADJ,4,mixed
0.019417475728155338,gained,shorter,2,11,445233,ADP,9,mixed
0.019417475728155338,gained,shorter,2,5,445233,ADV,3,mixed
0.009708737864077669,gained,shorter,1,4,445233,AUX,3,mixed
0.038834951456310676,gained,shorter,4,7,445233,CCONJ,3,mixed
0.06796116504854369,gained,shorter,7,19,445233,DET,12,mixed
0.1553398058252427,gained,shorter,16,34,445233,NOUN,18,mixed
-0.009708737864077669,gained,shorter,-1,1,445233,NUM,2,mixed
-0.009708737864077669,gained,shorter,-1,3,445233,PRON,4,mixed
0.10679611650485436,gained,shorter,11,15,445233,VERB,4,mixed
0.03296703296703297,unchanged,shorter,3,7,285894,ADJ,4,unresolved
0.02197802197802198,unchanged,shorter,2,12,285894,ADP,10,unresolved
0.03296703296703297,unchanged,shorter,3,6,285894,ADV,3,unresolved
-0.02197802197802198,unchanged,shorter,-2,2,285894,AUX,4,unresolved
0.01098901098901099,unchanged,shorter,1,4,285894,CCONJ,3,unresolved
-0.02197802197802198,unchanged,shorter,-2,16,285894,DET,18,unresolved
0.06593406593406594,unchanged,shorter,6,25,285894,NOUN,19,unresolved
0.03296703296703297,unchanged,shorter,3,3,285894,NUM,0,unresolved
0.02197802197802198,unchanged,shorter,2,2,285894,PART,0,unresolved
0.03296703296703297,unchanged,shorter,3,3,285894,PRON,0,unresolved
0.08791208791208792,unchanged,shorter,8,11,285894,VERB,3,unresolved
0.021052631578947368,unchanged,shorter,2,7,277094,ADJ,5,mixed
0.042105263157894736,unchanged,shorter,4,15,277094,ADP,11,mixed
-0.021052631578947368,unchanged,shorter,-2,2,277094,AUX,4,mixed
0.010526315789473684,unchanged,shorter,1,3,277094,CCONJ,2,mixed
0.031578947368421054,unchanged,shorter,3,16,277094,DET,13,mixed
0.14736842105263157,unchanged,shorter,14,34,277094,NOUN,20,mixed
-0.021052631578947368,unchanged,shorter,-2,0,277094,NUM,2,mixed
0.010526315789473684,unchanged,shorter,1,5,277094,PRON,4,mixed
0.010526315789473684,unchanged,shorter,1,1,277094,SCONJ,0,mixed
0.06315789473684211,unchanged,shorter,6,12,277094,VERB,6,mixed
0.058823529411764705,unchanged,shorter,3,4,1404,ADJ,1,unresolved
0.0392156862745098,unchanged,shorter,2,5,1404,ADP,3,unresolved
0.0196078431372549,unchanged,shorter,1,3,1404,AUX,2,unresolved
0.0,unchanged,shorter,0,1,1404,CCONJ,1,unresolved
0.11764705882352941,unchanged,shorter,6,10,1404,DET,4,unresolved
0.17647058823529413,unchanged,shorter,9,14,1404,NOUN,5,unresolved
0.0196078431372549,unchanged,shorter,1,1,1404,PART,0,unresolved
0.0196078431372549,unchanged,shorter,1,3,1404,PRON,2,unresolved
0.09803921568627451,unchanged,shorter,5,10,1404,VERB,5,unresolved
0.07368421052631578,unresolved,shorter,7,7,65350,ADJ,0,mixed
0.12631578947368421,unresolved,shorter,12,14,65350,ADP,2,mixed
0.021052631578947368,unresolved,shorter,2,2,65350,ADV,0,mixed
0.031578947368421054,unresolved,shorter,3,5,65350,AUX,2,mixed
0.0,unresolved,shorter,0,1,65350,CCONJ,1,mixed
0.12631578947368421,unresolved,shorter,12,17,65350,DET,5,mixed
0.22105263157894736,unresolved,shorter,21,27,65350,NOUN,6,mixed
0.010526315789473684,unresolved,shorter,1,1,65350,NUM,0,mixed
0.010526315789473684,unresolved,shorter,1,1,65350,PART,0,mixed
0.06315789473684211,unresolved,shorter,6,6,65350,PRON,0,mixed
0.021052631578947368,unresolved,shorter,2,2,65350,SCONJ,0,mixed
0.10526315789473684,unresolved,shorter,10,12,65350,VERB,2,mixed
0.05405405405405406,lost,shorter,6,8,242422,ADJ,2,mixed
0.07207207207207207,lost,shorter,8,17,242422,ADP,9,mixed
0.018018018018018018,lost,shorter,2,3,242422,ADV,1,mixed
0.009009009009009009,lost,shorter,1,3,242422,AUX,2,mixed
0.009009009009009009,lost,shorter,1,5,242422,CCONJ,4,mixed
0.11711711711711711,lost,shorter,13,25,242422,DET,12,mixed
0.13513513513513514,lost,shorter,15,34,242422,NOUN,19,mixed
0.018018018018018018,lost,shorter,2,2,242422,NUM,0,mixed
0.0,lost,shorter,0,1,242422,PRON,1,mixed
0.08108108108108109,lost,shorter,9,13,242422,VERB,4,mixed
0.046511627906976744,unresolved,shorter,4,6,409346,ADJ,2,mixed
0.05813953488372093,unresolved,shorter,5,10,409346,ADP,5,mixed
0.023255813953488372,unresolved,shorter,2,4,409346,ADV,2,mixed
0.023255813953488372,unresolved,shorter,2,4,409346,AUX,2,mixed
0.0,unresolved,shorter,0,4,409346,CCONJ,4,mixed
0.10465116279069768,unresolved,shorter,9,12,409346,DET,3,mixed
0.09302325581395349,unresolved,shorter,8,23,409346,NOUN,15,mixed
0.0,unresolved,shorter,0,1,409346,NUM,1,mixed
0.023255813953488372,unresolved,shorter,2,2,409346,PART,0,mixed
0.023255813953488372,unresolved,shorter,2,5,409346,PRON,3,mixed
0.09302325581395349,unresolved,shorter,8,15,409346,VERB,7,mixed
0.010638297872340425,lost,shorter,1,4,350160,ADJ,3,mixed
0.07446808510638298,lost,shorter,7,13,350160,ADP,6,mixed
-0.010638297872340425,lost,shorter,-1,3,350160,AUX,4,mixed
0.010638297872340425,lost,shorter,1,4,350160,CCONJ,3,mixed
0.05319148936170213,lost,shorter,5,16,350160,DET,11,mixed
0.1595744680851064,lost,shorter,15,29,350160,NOUN,14,mixed
0.02127659574468085,lost,shorter,2,2,350160,PART,0,mixed
0.06382978723404255,lost,shorter,6,7,350160,PRON,1,mixed
0.02127659574468085,lost,shorter,2,2,350160,SCONJ,0,mixed
0.10638297872340426,lost,shorter,10,14,350160,VERB,4,mixed
0.0410958904109589,unresolved,shorter,3,8,180411,ADJ,5,unresolved
0.0547945205479452,unresolved,shorter,4,8,180411,ADP,4,unresolved
0.0136986301369863,unresolved,shorter,1,3,180411,ADV,2,unresolved
-0.0273972602739726,unresolved,shorter,-2,2,180411,AUX,4,unresolved
-0.0136986301369863,unresolved,shorter,-1,3,180411,CCONJ,4,unresolved
0.0821917808219178,unresolved,shorter,6,15,180411,DET,9,unresolved
0.0958904109589041,unresolved,shorter,7,20,180411,NOUN,13,unresolved
0.0,unresolved,shorter,0,1,180411,PART,1,unresolved
0.0136986301369863,unresolved,shorter,1,3,180411,PRON,2,unresolved
0.0273972602739726,unresolved,shorter,2,2,180411,SCONJ,0,unresolved
0.0273972602739726,unresolved,shorter,2,8,180411,VERB,6,unresolved
0.05747126436781609,mixed,shorter,5,9,210408,ADJ,4,gained
0.08045977011494253,mixed,shorter,7,12,210408,ADP,5,gained
0.022988505747126436,mixed,shorter,2,2,210408,ADV,0,gained
-0.022988505747126436,mixed,shorter,-2,2,210408,AUX,4,gained
-0.011494252873563218,mixed,shorter,-1,2,210408,CCONJ,3,gained
0.11494252873563218,mixed,shorter,10,18,210408,DET,8,gained
0.10344827586206896,mixed,shorter,9,26,210408,NOUN,17,gained
0.011494252873563218,mixed,shorter,1,4,210408,PRON,3,gained
0.011494252873563218,mixed,shorter,1,1,210408,SCONJ,0,gained
0.05747126436781609,mixed,shorter,5,11,210408,VERB,6,gained
0.07246376811594203,unresolved,shorter,5,7,563153,ADJ,2,unresolved
0.08695652173913043,unresolved,shorter,6,10,563153,ADP,4,unresolved
0.043478260869565216,unresolved,shorter,3,4,563153,AUX,1,unresolved
0.15942028985507245,unresolved,shorter,11,14,563153,DET,3,unresolved
0.2028985507246377,unresolved,shorter,14,17,563153,NOUN,3,unresolved
0.014492753623188406,unresolved,shorter,1,1,563153,PART,0,unresolved
0.057971014492753624,unresolved,shorter,4,5,563153,PRON,1,unresolved
0.14492753623188406,unresolved,shorter,10,11,563153,VERB,1,unresolved
0.07407407407407407,lost,shorter,6,10,408501,ADJ,4,unresolved
0.07407407407407407,lost,shorter,6,11,408501,ADP,5,unresolved
0.024691358024691357,lost,shorter,2,2,408501,ADV,0,unresolved
0.037037037037037035,lost,shorter,3,5,408501,AUX,2,unresolved
0.0,lost,shorter,0,3,408501,CCONJ,3,unresolved
0.06172839506172839,lost,shorter,5,14,408501,DET,9,unresolved
0.13580246913580246,lost,shorter,11,21,408501,NOUN,10,unresolved
0.012345679012345678,lost,shorter,1,1,408501,PART,0,unresolved
0.037037037037037035,lost,shorter,3,4,408501,PRON,1,unresolved
0.012345679012345678,lost,shorter,1,1,408501,SCONJ,0,unresolved
0.07407407407407407,lost,shorter,6,9,408501,VERB,3,unresolved
0.05,gained,longer,3,5,61715,ADJ,2,lost
-0.03333333333333333,gained,longer,-2,9,61715,ADP,11,lost
-0.016666666666666666,gained,longer,-1,0,61715,ADV,1,lost
-0.016666666666666666,gained,longer,-1,2,61715,AUX,3,lost
-0.06666666666666667,gained,longer,-4,0,61715,CCONJ,4,lost
-0.03333333333333333,gained,longer,-2,14,61715,DET,16,lost
0.0,gained,longer,0,19,61715,NOUN,19,lost
0.03333333333333333,gained,longer,2,2,61715,PART,0,lost
0.0,gained,longer,0,1,61715,PRON,1,lost
-0.016666666666666666,gained,longer,-1,8,61715,VERB,9,lost
0.0,unchanged,shorter,0,3,443844,ADJ,3,mixed
0.06060606060606061,unchanged,shorter,4,9,443844,ADP,5,mixed
0.015151515151515152,unchanged,shorter,1,1,443844,ADV,0,mixed
-0.015151515151515152,unchanged,shorter,-1,3,443844,AUX,4,mixed
0.0,unchanged,shorter,0,2,443844,CCONJ,2,mixed
0.07575757575757576,unchanged,shorter,5,15,443844,DET,10,mixed
0.06060606060606061,unchanged,shorter,4,18,443844,NOUN,14,mixed
0.045454545454545456,unchanged,shorter,3,6,443844,PRON,3,mixed
0.015151515151515152,unchanged,shorter,1,1,443844,SCONJ,0,mixed
0.015151515151515152,unchanged,shorter,1,8,443844,VERB,7,mixed
0.09,unresolved,shorter,9,10,32284,ADJ,1,unresolved
0.14,unresolved,shorter,14,15,32284,ADP,1,unresolved
0.05,unresolved,shorter,5,5,32284,ADV,0,unresolved
0.02,unresolved,shorter,2,3,32284,AUX,1,unresolved
0.03,unresolved,shorter,3,3,32284,CCONJ,0,unresolved
0.2,unresolved,shorter,20,22,32284,DET,2,unresolved
0.23,unresolved,shorter,23,25,32284,NOUN,2,unresolved
0.01,unresolved,shorter,1,1,32284,NUM,0,unresolved
0.05,unresolved,shorter,5,5,32284,PRON,0,unresolved
0.1,unresolved,shorter,10,11,32284,VERB,1,unresolved
0.019417475728155338,mixed,shorter,2,6,482742,ADJ,4,mixed
0.07766990291262135,mixed,shorter,8,13,482742,ADP,5,mixed
0.02912621359223301,mixed,shorter,3,4,482742,ADV,1,mixed
0.019417475728155338,mixed,shorter,2,5,482742,AUX,3,mixed
0.009708737864077669,mixed,shorter,1,3,482742,CCONJ,2,mixed
0.0970873786407767,mixed,shorter,10,20,482742,DET,10,mixed
0.1553398058252427,mixed,shorter,16,29,482742,NOUN,13,mixed
0.009708737864077669,mixed,shorter,1,1,482742,NUM,0,mixed
0.009708737864077669,mixed,shorter,1,1,482742,PART,0,mixed
0.02912621359223301,mixed,shorter,3,5,482742,PRON,2,mixed
0.009708737864077669,mixed,shorter,1,1,482742,SCONJ,0,mixed
0.08737864077669903,mixed,shorter,9,15,482742,VERB,6,mixed
0.019801980198019802,unresolved,shorter,2,8,450500,ADJ,6,mixed
0.009900990099009901,unresolved,shorter,1,10,450500,ADP,9,mixed
0.009900990099009901,unresolved,shorter,1,1,450500,ADV,0,mixed
0.019801980198019802,unresolved,shorter,2,5,450500,AUX,3,mixed
0.009900990099009901,unresolved,shorter,1,4,450500,CCONJ,3,mixed
0.06930693069306931,unresolved,shorter,7,20,450500,DET,13,mixed
0.039603960396039604,unresolved,shorter,4,26,450500,NOUN,22,mixed
0.039603960396039604,unresolved,shorter,4,4,450500,PART,0,mixed
0.019801980198019802,unresolved,shorter,2,3,450500,PRON,1,mixed
0.019801980198019802,unresolved,shorter,2,2,450500,SCONJ,0,mixed
0.10891089108910891,unresolved,shorter,11,18,450500,VERB,7,mixed
-0.014925373134328358,unresolved,shorter,-1,4,317531,ADJ,5,unresolved
0.1044776119402985,unresolved,shorter,7,9,317531,ADP,2,unresolved
0.029850746268656716,unresolved,shorter,2,2,317531,ADV,0,unresolved
0.0,unresolved,shorter,0,2,317531,AUX,2,unresolved
0.014925373134328358,unresolved,shorter,1,3,317531,CCONJ,2,unresolved
0.13432835820895522,unresolved,shorter,9,15,317531,DET,6,unresolved
0.19402985074626866,unresolved,shorter,13,19,317531,NOUN,6,unresolved
0.014925373134328358,unresolved,shorter,1,2,317531,PART,1,unresolved
0.0,unresolved,shorter,0,1,317531,PRON,1,unresolved
0.08955223880597014,unresolved,shorter,6,10,317531,VERB,4,unresolved
0.04081632653061224,lost,shorter,4,6,128515,ADJ,2,mixed
0.061224489795918366,lost,shorter,6,11,128515,ADP,5,mixed
0.030612244897959183,lost,shorter,3,4,128515,ADV,1,mixed
0.030612244897959183,lost,shorter,3,5,128515,AUX,2,mixed
0.02040816326530612,lost,shorter,2,5,128515,CCONJ,3,mixed
0.10204081632653061,lost,shorter,10,19,128515,DET,9,mixed
0.12244897959183673,lost,shorter,12,26,128515,NOUN,14,mixed
0.02040816326530612,lost,shorter,2,2,128515,NUM,0,mixed
0.01020408163265306,lost,shorter,1,1,128515,PART,0,mixed
0.02040816326530612,lost,shorter,2,5,128515,PRON,3,mixed
0.0,lost,shorter,0,1,128515,SCONJ,1,mixed
0.09183673469387756,lost,shorter,9,13,128515,VERB,4,mixed
0.05747126436781609,unresolved,shorter,5,7,25846,ADJ,2,mixed
0.08045977011494253,unresolved,shorter,7,11,25846,ADP,4,mixed
0.034482758620689655,unresolved,shorter,3,3,25846,ADV,0,mixed
0.034482758620689655,unresolved,shorter,3,4,25846,AUX,1,mixed
0.022988505747126436,unresolved,shorter,2,3,25846,CCONJ,1,mixed
0.09195402298850575,unresolved,shorter,8,16,25846,DET,8,mixed
0.1839080459770115,unresolved,shorter,16,25,25846,NOUN,9,mixed
0.022988505747126436,unresolved,shorter,2,3,25846,PRON,1,mixed
0.034482758620689655,unresolved,shorter,3,3,25846,PROPN,0,mixed
0.011494252873563218,unresolved,shorter,1,1,25846,SCONJ,0,mixed
0.09195402298850575,unresolved,shorter,8,11,25846,VERB,3,mixed
0.02564102564102564,unresolved,shorter,2,3,484432,ADJ,1,unresolved
0.10256410256410256,unresolved,shorter,8,10,484432,ADP,2,unresolved
0.02564102564102564,unresolved,shorter,2,2,484432,ADV,0,unresolved
0.05128205128205128,unresolved,shorter,4,6,484432,AUX,2,unresolved
0.02564102564102564,unresolved,shorter,2,3,484432,CCONJ,1,unresolved
0.15384615384615385,unresolved,shorter,12,16,484432,DET,4,unresolved
0.20512820512820512,unresolved,shorter,16,21,484432,NOUN,5,unresolved
0.05128205128205128,unresolved,shorter,4,4,484432,PART,0,unresolved
0.01282051282051282,unresolved,shorter,1,1,484432,PRON,0,unresolved
0.14102564102564102,unresolved,shorter,11,12,484432,VERB,1,unresolved
0.11290322580645161,unchanged,shorter,7,8,221914,ADJ,1,unresolved
0.0967741935483871,unchanged,shorter,6,7,221914,ADP,1,unresolved
0.016129032258064516,unchanged,shorter,1,1,221914,ADV,0,unresolved
0.04838709677419355,unchanged,shorter,3,3,221914,AUX,0,unresolved
0.016129032258064516,unchanged,shorter,1,1,221914,CCONJ,0,unresolved
0.14516129032258066,unchanged,shorter,9,12,221914,DET,3,unresolved
0.22580645161290322,unchanged,shorter,14,17,221914,NOUN,3,unresolved
0.016129032258064516,unchanged,shorter,1,1,221914,PART,0,unresolved
0.03225806451612903,unchanged,shorter,2,2,221914,PRON,0,unresolved
0.14516129032258066,unchanged,shorter,9,10,221914,VERB,1,unresolved
0.04040404040404041,unresolved,shorter,4,10,450849,ADJ,6,mixed
0.1414141414141414,unresolved,shorter,14,18,450849,ADP,4,mixed
0.010101010101010102,unresolved,shorter,1,2,450849,ADV,1,mixed
0.030303030303030304,unresolved,shorter,3,5,450849,AUX,2,mixed
-0.020202020202020204,unresolved,shorter,-2,2,450849,CCONJ,4,mixed
0.1414141414141414,unresolved,shorter,14,21,450849,DET,7,mixed
0.13131313131313133,unresolved,shorter,13,26,450849,NOUN,13,mixed
0.020202020202020204,unresolved,shorter,2,2,450849,NUM,0,mixed
0.010101010101010102,unresolved,shorter,1,3,450849,PRON,2,mixed
0.050505050505050504,unresolved,shorter,5,10,450849,VERB,5,mixed
0.030303030303030304,lost,shorter,4,7,319726,ADJ,3,mixed
0.12121212121212122,lost,shorter,16,20,319726,ADP,4,mixed
0.045454545454545456,lost,shorter,6,6,319726,ADV,0,mixed
0.05303030303030303,lost,shorter,7,10,319726,AUX,3,mixed
0.015151515151515152,lost,shorter,2,4,319726,CCONJ,2,mixed
0.11363636363636363,lost,shorter,15,23,319726,DET,8,mixed
0.13636363636363635,lost,shorter,18,32,319726,NOUN,14,mixed
0.007575757575757576,lost,shorter,1,1,319726,NUM,0,mixed
0.0,lost,shorter,0,1,319726,PART,1,mixed
0.030303030303030304,lost,shorter,4,8,319726,PRON,4,mixed
0.015151515151515152,lost,shorter,2,2,319726,SCONJ,0,mixed
0.09090909090909091,lost,shorter,12,18,319726,VERB,6,mixed
0.07407407407407407,unchanged,shorter,4,4,276066,ADJ,0,mixed
0.05555555555555555,unchanged,shorter,3,6,276066,ADP,3,mixed
0.018518518518518517,unchanged,shorter,1,1,276066,ADV,0,mixed
0.037037037037037035,unchanged,shorter,2,3,276066,AUX,1,mixed
0.037037037037037035,unchanged,shorter,2,3,276066,CCONJ,1,mixed
0.14814814814814814,unchanged,shorter,8,11,276066,DET,3,mixed
0.2037037037037037,unchanged,shorter,11,16,276066,NOUN,5,mixed
0.018518518518518517,unchanged,shorter,1,1,276066,PART,0,mixed
0.037037037037037035,unchanged,shorter,2,2,276066,PRON,0,mixed
0.018518518518518517,unchanged,shorter,1,1,276066,SCONJ,0,mixed
0.09259259259259259,unchanged,shorter,5,6,276066,VERB,1,mixed
0.04081632653061224,unchanged,shorter,4,8,116202,ADJ,4,lost
0.08163265306122448,unchanged,shorter,8,18,116202,ADP,10,lost
-0.01020408163265306,unchanged,shorter,-1,1,116202,ADV,2,lost
-0.01020408163265306,unchanged,shorter,-1,4,116202,AUX,5,lost
0.030612244897959183,unchanged,shorter,3,4,116202,CCONJ,1,lost
0.08163265306122448,unchanged,shorter,8,14,116202,DET,6,lost
0.11224489795918367,unchanged,shorter,11,26,116202,NOUN,15,lost
0.0,unchanged,shorter,0,1,116202,NUM,1,lost
-0.01020408163265306,unchanged,shorter,-1,0,116202,PART,1,lost
0.01020408163265306,unchanged,shorter,1,9,116202,PRON,8,lost
-0.01020408163265306,unchanged,shorter,-1,0,116202,SCONJ,1,lost
0.08163265306122448,unchanged,shorter,8,13,116202,VERB,5,lost
0.0273972602739726,unchanged,shorter,2,4,92679,ADJ,2,mixed
0.0821917808219178,unchanged,shorter,6,12,92679,ADP,6,mixed
0.0410958904109589,unchanged,shorter,3,4,92679,ADV,1,mixed
0.0,unchanged,shorter,0,4,92679,AUX,4,mixed
0.0,unchanged,shorter,0,1,92679,CCONJ,1,mixed
0.0410958904109589,unchanged,shorter,3,14,92679,DET,11,mixed
0.1095890410958904,unchanged,shorter,8,21,92679,NOUN,13,mixed
0.0136986301369863,unchanged,shorter,1,1,92679,NUM,0,mixed
0.0273972602739726,unchanged,shorter,2,3,92679,PRON,1,mixed
0.0684931506849315,unchanged,shorter,5,9,92679,VERB,4,mixed
0.07766990291262135,unresolved,shorter,8,9,1180,ADJ,1,mixed
-0.009708737864077669,unresolved,shorter,-1,9,1180,ADP,10,mixed
0.0,unresolved,shorter,0,5,1180,AUX,5,mixed
0.038834951456310676,unresolved,shorter,4,5,1180,CCONJ,1,mixed
0.0970873786407767,unresolved,shorter,10,19,1180,DET,9,mixed
0.0970873786407767,unresolved,shorter,10,26,1180,NOUN,16,mixed
-0.009708737864077669,unresolved,shorter,-1,0,1180,NUM,1,mixed
0.038834951456310676,unresolved,shorter,4,4,1180,PART,0,mixed
0.009708737864077669,unresolved,shorter,1,6,1180,PRON,5,mixed
0.019417475728155338,unresolved,shorter,2,3,1180,SCONJ,1,mixed
0.08737864077669903,unresolved,shorter,9,17,1180,VERB,8,mixed
-0.015625,unresolved,shorter,-1,3,296960,ADJ,4,unresolved
0.046875,unresolved,shorter,3,7,296960,ADP,4,unresolved
0.09375,unresolved,shorter,6,6,296960,ADV,0,unresolved
0.0625,unresolved,shorter,4,5,296960,AUX,1,unresolved
0.03125,unresolved,shorter,2,3,296960,CCONJ,1,unresolved
0.0625,unresolved,shorter,4,10,296960,DET,6,unresolved
0.109375,unresolved,shorter,7,14,296960,NOUN,7,unresolved
0.03125,unresolved,shorter,2,2,296960,PART,0,unresolved
0.046875,unresolved,shorter,3,3,296960,PRON,0,unresolved
0.015625,unresolved,shorter,1,1,296960,SCONJ,0,unresolved
0.125,unresolved,shorter,8,10,296960,VERB,2,unresolved
0.0641025641025641,unchanged,shorter,5,9,369190,ADJ,4,mixed
0.038461538461538464,unchanged,shorter,3,10,369190,ADP,7,mixed
0.038461538461538464,unchanged,shorter,3,3,369190,ADV,0,mixed
-0.01282051282051282,unchanged,shorter,-1,4,369190,AUX,5,mixed
-0.02564102564102564,unchanged,shorter,-2,3,369190,CCONJ,5,mixed
0.05128205128205128,unchanged,shorter,4,14,369190,DET,10,mixed
0.07692307692307693,unchanged,shorter,6,21,369190,NOUN,15,mixed
-0.02564102564102564,unchanged,shorter,-2,2,369190,PRON,4,mixed
0.038461538461538464,unchanged,shorter,3,12,369190,VERB,9,mixed
0.04395604395604396,lost,shorter,4,5,306335,ADJ,1,mixed
0.07692307692307693,lost,shorter,7,9,306335,ADP,2,mixed
0.01098901098901099,lost,shorter,1,1,306335,ADV,0,mixed
0.03296703296703297,lost,shorter,3,6,306335,AUX,3,mixed
0.01098901098901099,lost,shorter,1,3,306335,CCONJ,2,mixed
0.10989010989010989,lost,shorter,10,14,306335,DET,4,mixed
0.2087912087912088,lost,shorter,19,27,306335,NOUN,8,mixed
0.02197802197802198,lost,shorter,2,2,306335,PART,0,mixed
0.07692307692307693,lost,shorter,7,8,306335,PRON,1,mixed
0.03296703296703297,lost,shorter,3,3,306335,SCONJ,0,mixed
0.12087912087912088,lost,shorter,11,13,306335,VERB,2,mixed
0.0423728813559322,unresolved,shorter,5,8,103485,ADJ,3,unresolved
0.025423728813559324,unresolved,shorter,3,18,103485,ADP,15,unresolved
0.01694915254237288,unresolved,shorter,2,4,103485,ADV,2,unresolved
0.01694915254237288,unresolved,shorter,2,7,103485,AUX,5,unresolved
0.01694915254237288,unresolved,shorter,2,3,103485,CCONJ,1,unresolved
0.0423728813559322,unresolved,shorter,5,18,103485,DET,13,unresolved
0.06779661016949153,unresolved,shorter,8,30,103485,NOUN,22,unresolved
0.0,unresolved,shorter,0,1,103485,NUM,1,unresolved
0.00847457627118644,unresolved,shorter,1,1,103485,PART,0,unresolved
0.05084745762711865,unresolved,shorter,6,9,103485,PRON,3,unresolved
0.03389830508474576,unresolved,shorter,4,4,103485,SCONJ,0,unresolved
0.059322033898305086,unresolved,shorter,7,15,103485,VERB,8,unresolved
0.02830188679245283,lost,shorter,3,6,519838,ADJ,3,unresolved
0.0660377358490566,lost,shorter,7,14,519838,ADP,7,unresolved
0.03773584905660377,lost,shorter,4,6,519838,ADV,2,unresolved
0.03773584905660377,lost,shorter,4,7,519838,AUX,3,unresolved
0.009433962264150943,lost,shorter,1,3,519838,CCONJ,2,unresolved
0.10377358490566038,lost,shorter,11,22,519838,DET,11,unresolved
0.10377358490566038,lost,shorter,11,25,519838,NOUN,14,unresolved
0.009433962264150943,lost,shorter,1,3,519838,NUM,2,unresolved
0.018867924528301886,lost,shorter,2,2,519838,PART,0,unresolved
0.009433962264150943,lost,shorter,1,4,519838,PRON,3,unresolved
0.009433962264150943,lost,shorter,1,1,519838,SCONJ,0,unresolved
0.07547169811320754,lost,shorter,8,13,519838,VERB,5,unresolved
0.020833333333333332,lost,shorter,2,3,228867,ADJ,1,mixed
0.09375,lost,shorter,9,12,228867,ADP,3,mixed
0.020833333333333332,lost,shorter,2,2,228867,ADV,0,mixed
0.041666666666666664,lost,shorter,4,7,228867,AUX,3,mixed
0.020833333333333332,lost,shorter,2,4,228867,CCONJ,2,mixed
0.11458333333333333,lost,shorter,11,19,228867,DET,8,mixed
0.16666666666666666,lost,shorter,16,24,228867,NOUN,8,mixed
0.03125,lost,shorter,3,3,228867,PART,0,mixed
0.0625,lost,shorter,6,6,228867,PRON,0,mixed
0.13541666666666666,lost,shorter,13,16,228867,VERB,3,mixed
0.0392156862745098,unchanged,shorter,2,3,281331,ADJ,1,mixed
0.0,unchanged,shorter,0,9,281331,ADP,9,mixed
0.0196078431372549,unchanged,shorter,1,1,281331,ADV,0,mixed
0.0196078431372549,unchanged,shorter,1,2,281331,AUX,1,mixed
0.0392156862745098,unchanged,shorter,2,2,281331,CCONJ,0,mixed
0.0784313725490196,unchanged,shorter,4,11,281331,DET,7,mixed
0.0784313725490196,unchanged,shorter,4,12,281331,NOUN,8,mixed
0.0196078431372549,unchanged,shorter,1,1,281331,PART,0,mixed
0.0,unchanged,shorter,0,1,281331,PRON,1,mixed
0.09803921568627451,unchanged,shorter,5,9,281331,VERB,4,mixed
0.0,gained,shorter,0,1,43947,ADJ,1,mixed
0.047619047619047616,gained,shorter,3,7,43947,ADP,4,mixed
0.047619047619047616,gained,shorter,3,3,43947,ADV,0,mixed
-0.031746031746031744,gained,shorter,-2,2,43947,AUX,4,mixed
-0.031746031746031744,gained,shorter,-2,1,43947,CCONJ,3,mixed
0.07936507936507936,gained,shorter,5,16,43947,DET,11,mixed
0.15873015873015872,gained,shorter,10,23,43947,NOUN,13,mixed
0.0,gained,shorter,0,3,43947,PRON,3,mixed
0.047619047619047616,gained,shorter,3,7,43947,VERB,4,mixed
0.037037037037037035,lost,shorter,2,4,331180,ADJ,2,mixed
0.037037037037037035,lost,shorter,2,4,331180,ADP,2,mixed
0.0,lost,shorter,0,3,331180,ADV,3,mixed
0.0,lost,shorter,0,2,331180,AUX,2,mixed
0.037037037037037035,lost,shorter,2,4,331180,CCONJ,2,mixed
0.05555555555555555,lost,shorter,3,10,331180,DET,7,mixed
0.07407407407407407,lost,shorter,4,15,331180,NOUN,11,mixed
0.018518518518518517,lost,shorter,1,1,331180,PART,0,mixed
0.0,lost,shorter,0,2,331180,PRON,2,mixed
0.0,lost,shorter,0,1,331180,SCONJ,1,mixed
0.037037037037037035,lost,shorter,2,8,331180,VERB,6,mixed
0.0603448275862069,lost,shorter,7,9,262531,ADJ,2,lost
0.0603448275862069,lost,shorter,7,12,262531,ADP,5,lost
0.034482758620689655,lost,shorter,4,5,262531,ADV,1,lost
0.008620689655172414,lost,shorter,1,5,262531,AUX,4,lost
0.017241379310344827,lost,shorter,2,4,262531,CCONJ,2,lost
0.09482758620689655,lost,shorter,11,22,262531,DET,11,lost
0.1206896551724138,lost,shorter,14,27,262531,NOUN,13,lost
0.02586206896551724,lost,shorter,3,3,262531,NUM,0,lost
0.008620689655172414,lost,shorter,1,2,262531,PART,1,lost
0.05172413793103448,lost,shorter,6,7,262531,PRON,1,lost
0.017241379310344827,lost,shorter,2,2,262531,SCONJ,0,lost
0.08620689655172414,lost,shorter,10,18,262531,VERB,8,lost
0.028846153846153848,unresolved,shorter,3,4,53748,ADJ,1,unresolved
0.09615384615384616,unresolved,shorter,10,14,53748,ADP,4,unresolved
0.019230769230769232,unresolved,shorter,2,5,53748,ADV,3,unresolved
0.028846153846153848,unresolved,shorter,3,7,53748,AUX,4,unresolved
0.0,unresolved,shorter,0,4,53748,CCONJ,4,unresolved
0.09615384615384616,unresolved,shorter,10,22,53748,DET,12,unresolved
0.125,unresolved,shorter,13,27,53748,NOUN,14,unresolved
0.019230769230769232,unresolved,shorter,2,2,53748,NUM,0,unresolved
0.0,unresolved,shorter,0,1,53748,PART,1,unresolved
0.019230769230769232,unresolved,shorter,2,4,53748,PRON,2,unresolved
0.019230769230769232,unresolved,shorter,2,2,53748,SCONJ,0,unresolved
0.08653846153846154,unresolved,shorter,9,12,53748,VERB,3,unresolved
0.05970149253731343,mixed,shorter,4,6,521869,ADJ,2,mixed
-0.029850746268656716,mixed,shorter,-2,7,521869,ADP,9,mixed
0.0,mixed,shorter,0,1,521869,ADV,1,mixed
0.029850746268656716,mixed,shorter,2,4,521869,AUX,2,mixed
0.0,mixed,shorter,0,2,521869,CCONJ,2,mixed
0.07462686567164178,mixed,shorter,5,16,521869,DET,11,mixed
0.04477611940298507,mixed,shorter,3,19,521869,NOUN,16,mixed
0.029850746268656716,mixed,shorter,2,3,521869,PART,1,mixed
-0.014925373134328358,mixed,shorter,-1,1,521869,PRON,2,mixed
0.014925373134328358,mixed,shorter,1,8,521869,VERB,7,mixed
0.04716981132075472,unresolved,shorter,5,7,462687,ADJ,2,mixed
0.12264150943396226,unresolved,shorter,13,16,462687,ADP,3,mixed
-0.009433962264150943,unresolved,shorter,-1,2,462687,ADV,3,mixed
0.009433962264150943,unresolved,shorter,1,5,462687,AUX,4,mixed
0.009433962264150943,unresolved,shorter,1,4,462687,CCONJ,3,mixed
0.16037735849056603,unresolved,shorter,17,21,462687,DET,4,mixed
0.1509433962264151,unresolved,shorter,16,27,462687,NOUN,11,mixed
0.03773584905660377,unresolved,shorter,4,4,462687,NUM,0,mixed
0.009433962264150943,unresolved,shorter,1,1,462687,PART,0,mixed
0.0,unresolved,shorter,0,5,462687,PRON,5,mixed
0.009433962264150943,unresolved,shorter,1,1,462687,SCONJ,0,mixed
0.04716981132075472,unresolved,shorter,5,13,462687,VERB,8,mixed
0.06779661016949153,unresolved,shorter,8,9,138549,ADJ,1,unresolved
0.0847457627118644,unresolved,shorter,10,18,138549,ADP,8,unresolved
0.00847457627118644,unresolved,shorter,1,2,138549,ADV,1,unresolved
0.03389830508474576,unresolved,shorter,4,7,138549,AUX,3,unresolved
0.00847457627118644,unresolved,shorter,1,4,138549,CCONJ,3,unresolved
0.1440677966101695,unresolved,shorter,17,24,138549,DET,7,unresolved
0.1440677966101695,unresolved,shorter,17,30,138549,NOUN,13,unresolved
-0.01694915254237288,unresolved,shorter,-2,0,138549,NUM,2,unresolved
0.00847457627118644,unresolved,shorter,1,1,138549,PART,0,unresolved
0.025423728813559324,unresolved,shorter,3,5,138549,PRON,2,unresolved
0.01694915254237288,unresolved,shorter,2,2,138549,PROPN,0,unresolved
0.00847457627118644,unresolved,shorter,1,1,138549,SCONJ,0,unresolved
0.1016949152542373,unresolved,shorter,12,15,138549,VERB,3,unresolved
0.026785714285714284,lost,shorter,3,9,1960,ADJ,6,mixed
0.08035714285714286,lost,shorter,9,15,1960,ADP,6,mixed
0.008928571428571428,lost,shorter,1,1,1960,ADV,0,mixed
0.044642857142857144,lost,shorter,5,8,1960,AUX,3,mixed
0.03571428571428571,lost,shorter,4,5,1960,CCONJ,1,mixed
0.11607142857142858,lost,shorter,13,23,1960,DET,10,mixed
0.16071428571428573,lost,shorter,18,31,1960,NOUN,13,mixed
0.0,lost,shorter,0,1,1960,PART,1,mixed
0.03571428571428571,lost,shorter,4,4,1960,PRON,0,mixed
0.09821428571428571,lost,shorter,11,15,1960,VERB,4,mixed
0.06097560975609756,unresolved,shorter,5,8,446799,ADJ,3,mixed
0.0975609756097561,unresolved,shorter,8,12,446799,ADP,4,mixed
0.0,unresolved,shorter,0,1,446799,ADV,1,mixed
0.012195121951219513,unresolved,shorter,1,5,446799,AUX,4,mixed
-0.024390243902439025,unresolved,shorter,-2,1,446799,CCONJ,3,mixed
0.12195121951219512,unresolved,shorter,10,18,446799,DET,8,mixed
0.14634146341463414,unresolved,shorter,12,24,446799,NOUN,12,mixed
0.012195121951219513,unresolved,shorter,1,1,446799,NUM,0,mixed
0.012195121951219513,unresolved,shorter,1,1,446799,PART,0,mixed
-0.012195121951219513,unresolved,shorter,-1,2,446799,PRON,3,mixed
-0.012195121951219513,unresolved,shorter,-1,0,446799,SCONJ,1,mixed
0.06097560975609756,unresolved,shorter,5,9,446799,VERB,4,mixed
0.07692307692307693,unresolved,shorter,8,11,323799,ADJ,3,unresolved
0.10576923076923077,unresolved,shorter,11,17,323799,ADP,6,unresolved
0.057692307692307696,unresolved,shorter,6,6,323799,ADV,0,unresolved
-0.038461538461538464,unresolved,shorter,-4,2,323799,AUX,6,unresolved
0.0,unresolved,shorter,0,4,323799,CCONJ,4,unresolved
0.08653846153846154,unresolved,shorter,9,15,323799,DET,6,unresolved
0.10576923076923077,unresolved,shorter,11,24,323799,NOUN,13,unresolved
0.028846153846153848,unresolved,shorter,3,3,323799,NUM,0,unresolved
0.0,unresolved,shorter,0,1,323799,PART,1,unresolved
0.009615384615384616,unresolved,shorter,1,8,323799,PRON,7,unresolved
0.0,unresolved,shorter,0,1,323799,SCONJ,1,unresolved
0.04807692307692308,unresolved,shorter,5,12,323799,VERB,7,unresolved
0.06422018348623854,unresolved,shorter,7,8,162530,ADJ,1,mixed
0.12844036697247707,unresolved,shorter,14,15,162530,ADP,1,mixed
0.03669724770642202,unresolved,shorter,4,5,162530,ADV,1,mixed
0.009174311926605505,unresolved,shorter,1,4,162530,AUX,3,mixed
0.01834862385321101,unresolved,shorter,2,3,162530,CCONJ,1,mixed
0.13761467889908258,unresolved,shorter,15,20,162530,DET,5,mixed
0.22018348623853212,unresolved,shorter,24,31,162530,NOUN,7,mixed
0.01834862385321101,unresolved,shorter,2,2,162530,NUM,0,mixed
0.009174311926605505,unresolved,shorter,1,1,162530,PART,0,mixed
0.027522935779816515,unresolved,shorter,3,5,162530,PRON,2,mixed
0.01834862385321101,unresolved,shorter,2,2,162530,SCONJ,0,mixed
0.07339449541284404,unresolved,shorter,8,13,162530,VERB,5,mixed
0.08421052631578947,lost,shorter,8,10,113333,ADJ,2,mixed
0.09473684210526316,lost,shorter,9,14,113333,ADP,5,mixed
0.010526315789473684,lost,shorter,1,1,113333,ADV,0,mixed
0.010526315789473684,lost,shorter,1,3,113333,AUX,2,mixed
0.0,lost,shorter,0,4,113333,CCONJ,4,mixed
0.09473684210526316,lost,shorter,9,17,113333,DET,8,mixed
0.09473684210526316,lost,shorter,9,30,113333,NOUN,21,mixed
0.042105263157894736,lost,shorter,4,5,113333,PRON,1,mixed
0.05263157894736842,lost,shorter,5,11,113333,VERB,6,mixed
0.0,unresolved,shorter,0,4,377195,ADJ,4,unresolved
0.06862745098039216,unresolved,shorter,7,14,377195,ADP,7,unresolved
0.0,unresolved,shorter,0,1,377195,ADV,1,unresolved
0.0,unresolved,shorter,0,3,377195,AUX,3,unresolved
0.029411764705882353,unresolved,shorter,3,5,377195,CCONJ,2,unresolved
0.12745098039215685,unresolved,shorter,13,23,377195,DET,10,unresolved
0.14705882352941177,unresolved,shorter,15,34,377195,NOUN,19,unresolved
0.0196078431372549,unresolved,shorter,2,2,377195,PART,0,unresolved
-0.0196078431372549,unresolved,shorter,-2,2,377195,PRON,4,unresolved
0.0196078431372549,unresolved,shorter,2,2,377195,SCONJ,0,unresolved
0.049019607843137254,unresolved,shorter,5,12,377195,VERB,7,unresolved
0.07272727272727272,unresolved,shorter,4,4,169273,ADJ,0,mixed
0.03636363636363636,unresolved,shorter,2,7,169273,ADP,5,mixed
0.03636363636363636,unresolved,shorter,2,2,169273,ADV,0,mixed
-0.01818181818181818,unresolved,shorter,-1,3,169273,AUX,4,mixed
-0.03636363636363636,unresolved,shorter,-2,1,169273,CCONJ,3,mixed
0.05454545454545454,unresolved,shorter,3,12,169273,DET,9,mixed
0.03636363636363636,unresolved,shorter,2,15,169273,NOUN,13,mixed
0.01818181818181818,unresolved,shorter,1,1,169273,NUM,0,mixed
0.01818181818181818,unresolved,shorter,1,1,169273,PART,0,mixed
0.0,unresolved,shorter,0,2,169273,PRON,2,mixed
0.03636363636363636,unresolved,shorter,2,7,169273,VERB,5,mixed
0.018691588785046728,unresolved,shorter,2,4,251367,ADJ,2,mixed
0.07476635514018691,unresolved,shorter,8,16,251367,ADP,8,mixed
0.0,unresolved,shorter,0,3,251367,ADV,3,mixed
-0.009345794392523364,unresolved,shorter,-1,6,251367,AUX,7,mixed
0.028037383177570093,unresolved,shorter,3,5,251367,CCONJ,2,mixed
0.09345794392523364,unresolved,shorter,10,19,251367,DET,9,mixed
0.11214953271028037,unresolved,shorter,12,33,251367,NOUN,21,mixed
0.009345794392523364,unresolved,shorter,1,1,251367,NUM,0,mixed
0.018691588785046728,unresolved,shorter,2,2,251367,PART,0,mixed
-0.018691588785046728,unresolved,shorter,-2,3,251367,PRON,5,mixed
0.009345794392523364,unresolved,shorter,1,2,251367,SCONJ,1,mixed
0.07476635514018691,unresolved,shorter,8,13,251367,VERB,5,mixed
-0.024096385542168676,lost,shorter,-2,2,216243,ADJ,4,mixed
0.03614457831325301,lost,shorter,3,8,216243,ADP,5,mixed
0.012048192771084338,lost,shorter,1,2,216243,ADV,1,mixed
0.0,lost,shorter,0,5,216243,AUX,5,mixed
-0.012048192771084338,lost,shorter,-1,2,216243,CCONJ,3,mixed
0.07228915662650602,lost,shorter,6,19,216243,DET,13,mixed
0.10843373493975904,lost,shorter,9,28,216243,NOUN,19,mixed
0.012048192771084338,lost,shorter,1,2,216243,PART,1,mixed
0.024096385542168676,lost,shorter,2,3,216243,PRON,1,mixed
0.0,lost,shorter,0,1,216243,SCONJ,1,mixed
0.060240963855421686,lost,shorter,5,11,216243,VERB,6,mixed
0.07575757575757576,lost,shorter,5,6,5804,ADJ,1,mixed
0.0,lost,shorter,0,6,5804,ADP,6,mixed
0.0,lost,shorter,0,1,5804,ADV,1,mixed
0.015151515151515152,lost,shorter,1,4,5804,AUX,3,mixed
0.06060606060606061,lost,shorter,4,4,5804,CCONJ,0,mixed
0.06060606060606061,lost,shorter,4,14,5804,DET,10,mixed
0.12121212121212122,lost,shorter,8,19,5804,NOUN,11,mixed
0.015151515151515152,lost,shorter,1,1,5804,PART,0,mixed
0.0,lost,shorter,0,1,5804,PRON,1,mixed
0.015151515151515152,lost,shorter,1,1,5804,PROPN,0,mixed
0.06060606060606061,lost,shorter,4,9,5804,VERB,5,mixed
0.02631578947368421,unresolved,shorter,3,8,515682,ADJ,5,mixed
0.07894736842105263,unresolved,shorter,9,16,515682,ADP,7,mixed
0.02631578947368421,unresolved,shorter,3,4,515682,ADV,1,mixed
0.02631578947368421,unresolved,shorter,3,7,515682,AUX,4,mixed
0.02631578947368421,unresolved,shorter,3,6,515682,CCONJ,3,mixed
0.06140350877192982,unresolved,shorter,7,19,515682,DET,12,mixed
0.07894736842105263,unresolved,shorter,9,27,515682,NOUN,18,mixed
0.008771929824561403,unresolved,shorter,1,2,515682,PART,1,mixed
0.008771929824561403,unresolved,shorter,1,5,515682,PRON,4,mixed
0.008771929824561403,unresolved,shorter,1,1,515682,SCONJ,0,mixed
0.08771929824561403,unresolved,shorter,10,19,515682,VERB,9,mixed
0.030303030303030304,lost,shorter,3,6,329433,ADJ,3,mixed
0.06060606060606061,lost,shorter,6,13,329433,ADP,7,mixed
0.020202020202020204,lost,shorter,2,3,329433,ADV,1,mixed
0.020202020202020204,lost,shorter,2,5,329433,AUX,3,mixed
-0.010101010101010102,lost,shorter,-1,2,329433,CCONJ,3,mixed
0.1111111111111111,lost,shorter,11,20,329433,DET,9,mixed
0.13131313131313133,lost,shorter,13,28,329433,NOUN,15,mixed
0.020202020202020204,lost,shorter,2,2,329433,NUM,0,mixed
0.030303030303030304,lost,shorter,3,3,329433,PART,0,mixed
0.0,lost,shorter,0,3,329433,PRON,3,mixed
0.10101010101010101,lost,shorter,10,14,329433,VERB,4,mixed
0.06593406593406594,unchanged,shorter,6,7,92248,ADJ,1,mixed
0.01098901098901099,unchanged,shorter,1,13,92248,ADP,12,mixed
0.01098901098901099,unchanged,shorter,1,1,92248,ADV,0,mixed
0.01098901098901099,unchanged,shorter,1,4,92248,AUX,3,mixed
0.03296703296703297,unchanged,shorter,3,5,92248,CCONJ,2,mixed
0.04395604395604396,unchanged,shorter,4,17,92248,DET,13,mixed
0.08791208791208792,unchanged,shorter,8,28,92248,NOUN,20,mixed
0.01098901098901099,unchanged,shorter,1,1,92248,PART,0,mixed
0.01098901098901099,unchanged,shorter,1,5,92248,PRON,4,mixed
0.07692307692307693,unchanged,shorter,7,10,92248,VERB,3,mixed
-0.03225806451612903,mixed,shorter,-2,4,136466,ADJ,6,mixed
0.12903225806451613,mixed,shorter,8,8,136466,ADP,0,mixed
0.016129032258064516,mixed,shorter,1,1,136466,ADV,0,mixed
0.03225806451612903,mixed,shorter,2,4,136466,AUX,2,mixed
0.0,mixed,shorter,0,2,136466,CCONJ,2,mixed
0.14516129032258066,mixed,shorter,9,14,136466,DET,5,mixed
0.1774193548387097,mixed,shorter,11,16,136466,NOUN,5,mixed
0.03225806451612903,mixed,shorter,2,2,136466,NUM,0,mixed
0.016129032258064516,mixed,shorter,1,1,136466,PART,0,mixed
0.016129032258064516,mixed,shorter,1,2,136466,PRON,1,mixed
0.0967741935483871,mixed,shorter,6,8,136466,VERB,2,mixed
0.015151515151515152,unchanged,shorter,1,2,107558,ADJ,1,mixed
0.045454545454545456,unchanged,shorter,3,7,107558,ADP,4,mixed
0.0,unchanged,shorter,0,1,107558,ADV,1,mixed
-0.015151515151515152,unchanged,shorter,-1,2,107558,AUX,3,mixed
0.0,unchanged,shorter,0,2,107558,CCONJ,2,mixed
0.07575757575757576,unchanged,shorter,5,14,107558,DET,9,mixed
0.15151515151515152,unchanged,shorter,10,20,107558,NOUN,10,mixed
0.015151515151515152,unchanged,shorter,1,1,107558,PART,0,mixed
0.045454545454545456,unchanged,shorter,3,4,107558,PRON,1,mixed
0.030303030303030304,unchanged,shorter,2,3,107558,SCONJ,1,mixed
0.030303030303030304,unchanged,shorter,2,10,107558,VERB,8,mixed
0.030612244897959183,unresolved,shorter,3,4,193349,ADJ,1,mixed
0.12244897959183673,unresolved,shorter,12,15,193349,ADP,3,mixed
0.030612244897959183,unresolved,shorter,3,4,193349,ADV,1,mixed
0.02040816326530612,unresolved,shorter,2,6,193349,AUX,4,mixed
0.01020408163265306,unresolved,shorter,1,2,193349,CCONJ,1,mixed
0.09183673469387756,unresolved,shorter,9,20,193349,DET,11,mixed
0.1326530612244898,unresolved,shorter,13,27,193349,NOUN,14,mixed
0.01020408163265306,unresolved,shorter,1,2,193349,PART,1,mixed
0.05102040816326531,unresolved,shorter,5,5,193349,PRON,0,mixed
0.01020408163265306,unresolved,shorter,1,1,193349,SCONJ,0,mixed
0.061224489795918366,unresolved,shorter,6,12,193349,VERB,6,mixed
0.025974025974025976,unchanged,shorter,2,4,312682,ADJ,2,lost
0.12987012987012986,unchanged,shorter,10,12,312682,ADP,2,lost
0.025974025974025976,unchanged,shorter,2,2,312682,ADV,0,lost
0.025974025974025976,unchanged,shorter,2,3,312682,AUX,1,lost
0.025974025974025976,unchanged,shorter,2,2,312682,CCONJ,0,lost
0.18181818181818182,unchanged,shorter,14,17,312682,DET,3,lost
0.22077922077922077,unchanged,shorter,17,21,312682,NOUN,4,lost
0.0,unchanged,shorter,0,1,312682,NUM,1,lost
0.012987012987012988,unchanged,shorter,1,1,312682,PART,0,lost
0.03896103896103896,unchanged,shorter,3,3,312682,PRON,0,lost
0.012987012987012988,unchanged,shorter,1,1,312682,SCONJ,0,lost
0.12987012987012986,unchanged,shorter,10,10,312682,VERB,0,lost
-0.06557377049180328,unresolved,longer,-4,6,626,ADJ,10,unresolved
-0.04918032786885246,unresolved,longer,-3,9,626,ADP,12,unresolved
0.01639344262295082,unresolved,longer,1,1,626,ADV,0,unresolved
-0.03278688524590164,unresolved,longer,-2,3,626,AUX,5,unresolved
0.0,unresolved,longer,0,2,626,CCONJ,2,unresolved
-0.06557377049180328,unresolved,longer,-4,10,626,DET,14,unresolved
0.04918032786885246,unresolved,longer,3,22,626,NOUN,19,unresolved
-0.04918032786885246,unresolved,longer,-3,1,626,NUM,4,unresolved
0.03278688524590164,unresolved,longer,2,3,626,PRON,1,unresolved
-0.06557377049180328,unresolved,longer,-4,4,626,VERB,8,unresolved
0.0,unresolved,shorter,0,2,439426,ADJ,2,unresolved
0.058823529411764705,unresolved,shorter,3,7,439426,ADP,4,unresolved
-0.0392156862745098,unresolved,shorter,-2,2,439426,AUX,4,unresolved
-0.0392156862745098,unresolved,shorter,-2,0,439426,CCONJ,2,unresolved
0.0392156862745098,unresolved,shorter,2,12,439426,DET,10,unresolved
0.0196078431372549,unresolved,shorter,1,15,439426,NOUN,14,unresolved
0.0196078431372549,unresolved,shorter,1,2,439426,PART,1,unresolved
0.0,unresolved,shorter,0,3,439426,PRON,3,unresolved
0.0196078431372549,unresolved,shorter,1,8,439426,VERB,7,unresolved
0.027777777777777776,gained,shorter,2,6,420914,ADJ,4,unresolved
-0.013888888888888888,gained,shorter,-1,8,420914,ADP,9,unresolved
0.0,gained,shorter,0,1,420914,ADV,1,unresolved
0.0,gained,shorter,0,3,420914,AUX,3,unresolved
0.0,gained,shorter,0,3,420914,CCONJ,3,unresolved
0.041666666666666664,gained,shorter,3,16,420914,DET,13,unresolved
-0.013888888888888888,gained,shorter,-1,16,420914,NOUN,17,unresolved
0.013888888888888888,gained,shorter,1,2,420914,PART,1,unresolved
-0.027777777777777776,gained,shorter,-2,2,420914,PRON,4,unresolved
0.027777777777777776,gained,shorter,2,2,420914,SCONJ,0,unresolved
0.08333333333333333,gained,shorter,6,13,420914,VERB,7,unresolved
0.06329113924050633,lost,shorter,5,6,55155,ADJ,1,unchanged
0.08860759493670886,lost,shorter,7,8,55155,ADP,1,unchanged
0.05063291139240506,lost,shorter,4,4,55155,ADV,0,unchanged
0.02531645569620253,lost,shorter,2,3,55155,AUX,1,unchanged
0.02531645569620253,lost,shorter,2,2,55155,CCONJ,0,unchanged
0.1518987341772152,lost,shorter,12,14,55155,DET,2,unchanged
0.189873417721519,lost,shorter,15,18,55155,NOUN,3,unchanged
0.012658227848101266,lost,shorter,1,2,55155,NUM,1,unchanged
0.012658227848101266,lost,shorter,1,1,55155,PART,0,unchanged
0.06329113924050633,lost,shorter,5,6,55155,PRON,1,unchanged
0.02531645569620253,lost,shorter,2,2,55155,SCONJ,0,unchanged
0.13924050632911392,lost,shorter,11,13,55155,VERB,2,unchanged
0.033707865168539325,lost,shorter,3,5,295076,ADJ,2,lost
0.1348314606741573,lost,shorter,12,15,295076,ADP,3,lost
0.02247191011235955,lost,shorter,2,2,295076,ADV,0,lost
0.033707865168539325,lost,shorter,3,5,295076,AUX,2,lost
0.0,lost,shorter,0,1,295076,CCONJ,1,lost
0.14606741573033707,lost,shorter,13,20,295076,DET,7,lost
0.20224719101123595,lost,shorter,18,25,295076,NOUN,7,lost
0.02247191011235955,lost,shorter,2,2,295076,NUM,0,lost
0.011235955056179775,lost,shorter,1,2,295076,PRON,1,lost
0.0,lost,shorter,0,2,295076,PROPN,2,lost
0.011235955056179775,lost,shorter,1,1,295076,SCONJ,0,lost
0.06741573033707865,lost,shorter,6,9,295076,VERB,3,lost
0.018867924528301886,lost,shorter,2,6,273317,ADJ,4,mixed
0.0660377358490566,lost,shorter,7,14,273317,ADP,7,mixed
0.03773584905660377,lost,shorter,4,5,273317,ADV,1,mixed
0.02830188679245283,lost,shorter,3,6,273317,AUX,3,mixed
0.02830188679245283,lost,shorter,3,5,273317,CCONJ,2,mixed
0.08490566037735849,lost,shorter,9,18,273317,DET,9,mixed
0.1320754716981132,lost,shorter,14,28,273317,NOUN,14,mixed
0.009433962264150943,lost,shorter,1,1,273317,PART,0,mixed
0.03773584905660377,lost,shorter,4,5,273317,PRON,1,mixed
0.009433962264150943,lost,shorter,1,1,273317,PROPN,0,mixed
0.009433962264150943,lost,shorter,1,1,273317,SCONJ,0,mixed
0.09433962264150944,lost,shorter,10,16,273317,VERB,6,mixed
0.030927835051546393,unchanged,shorter,3,4,300876,ADJ,1,mixed
0.05154639175257732,unchanged,shorter,5,9,300876,ADP,4,mixed
0.010309278350515464,unchanged,shorter,1,3,300876,ADV,2,mixed
0.030927835051546393,unchanged,shorter,3,7,300876,AUX,4,mixed
0.030927835051546393,unchanged,shorter,3,6,300876,CCONJ,3,mixed
0.07216494845360824,unchanged,shorter,7,19,300876,DET,12,mixed
0.14432989690721648,unchanged,shorter,14,31,300876,NOUN,17,mixed
-0.010309278350515464,unchanged,shorter,-1,1,300876,NUM,2,mixed
0.010309278350515464,unchanged,shorter,1,1,300876,PART,0,mixed
0.0,unchanged,shorter,0,2,300876,PRON,2,mixed
0.0,unchanged,shorter,0,1,300876,SCONJ,1,mixed
0.07216494845360824,unchanged,shorter,7,13,300876,VERB,6,mixed
0.028985507246376812,unresolved,shorter,2,5,416145,ADJ,3,mixed
0.057971014492753624,unresolved,shorter,4,10,416145,ADP,6,mixed
0.014492753623188406,unresolved,shorter,1,1,416145,ADV,0,mixed
-0.014492753623188406,unresolved,shorter,-1,3,416145,AUX,4,mixed
0.028985507246376812,unresolved,shorter,2,3,416145,CCONJ,1,mixed
0.14492753623188406,unresolved,shorter,10,15,416145,DET,5,mixed
0.17391304347826086,unresolved,shorter,12,20,416145,NOUN,8,mixed
0.028985507246376812,unresolved,shorter,2,2,416145,PART,0,mixed
-0.028985507246376812,unresolved,shorter,-2,1,416145,PRON,3,mixed
0.13043478260869565,unresolved,shorter,9,9,416145,VERB,0,mixed
0.05172413793103448,unchanged,shorter,3,4,20487,ADJ,1,mixed
0.06896551724137931,unchanged,shorter,4,7,20487,ADP,3,mixed
-0.017241379310344827,unchanged,shorter,-1,2,20487,ADV,3,mixed
0.0,unchanged,shorter,0,4,20487,AUX,4,mixed
0.0,unchanged,shorter,0,1,20487,CCONJ,1,mixed
0.08620689655172414,unchanged,shorter,5,9,20487,DET,4,mixed
0.10344827586206896,unchanged,shorter,6,14,20487,NOUN,8,mixed
-0.017241379310344827,unchanged,shorter,-1,1,20487,NUM,2,mixed
0.017241379310344827,unchanged,shorter,1,6,20487,PRON,5,mixed
0.06896551724137931,unchanged,shorter,4,10,20487,VERB,6,mixed
0.02631578947368421,unchanged,shorter,2,5,565778,ADJ,3,mixed
0.06578947368421052,unchanged,shorter,5,10,565778,ADP,5,mixed
0.05263157894736842,unchanged,shorter,4,4,565778,ADV,0,mixed
-0.013157894736842105,unchanged,shorter,-1,3,565778,AUX,4,mixed
0.013157894736842105,unchanged,shorter,1,2,565778,CCONJ,1,mixed
0.09210526315789473,unchanged,shorter,7,15,565778,DET,8,mixed
0.14473684210526316,unchanged,shorter,11,21,565778,NOUN,10,mixed
0.013157894736842105,unchanged,shorter,1,1,565778,NUM,0,mixed
0.013157894736842105,unchanged,shorter,1,2,565778,PART,1,mixed
-0.013157894736842105,unchanged,shorter,-1,3,565778,PRON,4,mixed
-0.013157894736842105,unchanged,shorter,-1,0,565778,SCONJ,1,mixed
0.039473684210526314,unchanged,shorter,3,10,565778,VERB,7,mixed
0.05084745762711865,unresolved,shorter,6,10,451944,ADJ,4,mixed
0.11864406779661017,unresolved,shorter,14,19,451944,ADP,5,mixed
0.05084745762711865,unresolved,shorter,6,8,451944,ADV,2,mixed
0.00847457627118644,unresolved,shorter,1,4,451944,AUX,3,mixed
0.025423728813559324,unresolved,shorter,3,4,451944,CCONJ,1,mixed
0.11864406779661017,unresolved,shorter,14,26,451944,DET,12,mixed
0.1440677966101695,unresolved,shorter,17,32,451944,NOUN,15,mixed
0.01694915254237288,unresolved,shorter,2,2,451944,NUM,0,mixed
-0.00847457627118644,unresolved,shorter,-1,2,451944,PRON,3,mixed
0.00847457627118644,unresolved,shorter,1,1,451944,SCONJ,0,mixed
0.00847457627118644,unresolved,shorter,1,10,451944,VERB,9,mixed
0.009433962264150943,unresolved,shorter,1,2,497049,ADJ,1,unresolved
0.07547169811320754,unresolved,shorter,8,14,497049,ADP,6,unresolved
0.03773584905660377,unresolved,shorter,4,4,497049,ADV,0,unresolved
-0.009433962264150943,unresolved,shorter,-1,5,497049,AUX,6,unresolved
0.018867924528301886,unresolved,shorter,2,4,497049,CCONJ,2,unresolved
0.08490566037735849,unresolved,shorter,9,22,497049,DET,13,unresolved
0.14150943396226415,unresolved,shorter,15,33,497049,NOUN,18,unresolved
0.018867924528301886,unresolved,shorter,2,4,497049,NUM,2,unresolved
-0.018867924528301886,unresolved,shorter,-2,2,497049,PRON,4,unresolved
0.009433962264150943,unresolved,shorter,1,1,497049,PROPN,0,unresolved
-0.009433962264150943,unresolved,shorter,-1,0,497049,SCONJ,1,unresolved
0.05660377358490566,unresolved,shorter,6,15,497049,VERB,9,unresolved
0.03278688524590164,unresolved,shorter,2,4,484303,ADJ,2,unresolved
0.09836065573770492,unresolved,shorter,6,7,484303,ADP,1,unresolved
0.0,unresolved,shorter,0,1,484303,ADV,1,unresolved
0.03278688524590164,unresolved,shorter,2,4,484303,AUX,2,unresolved
0.03278688524590164,unresolved,shorter,2,3,484303,CCONJ,1,unresolved
0.18032786885245902,unresolved,shorter,11,14,484303,DET,3,unresolved
0.22950819672131148,unresolved,shorter,14,18,484303,NOUN,4,unresolved
0.01639344262295082,unresolved,shorter,1,1,484303,PART,0,unresolved
0.0,unresolved,shorter,0,1,484303,PRON,1,unresolved
0.01639344262295082,unresolved,shorter,1,1,484303,SCONJ,0,unresolved
0.08196721311475409,unresolved,shorter,5,7,484303,VERB,2,unresolved
0.02631578947368421,unresolved,shorter,3,8,550051,ADJ,5,mixed
0.06140350877192982,unresolved,shorter,7,14,550051,ADP,7,mixed
0.02631578947368421,unresolved,shorter,3,3,550051,ADV,0,mixed
0.0,unresolved,shorter,0,4,550051,AUX,4,mixed
0.05263157894736842,unresolved,shorter,6,9,550051,CCONJ,3,mixed
0.07017543859649122,unresolved,shorter,8,15,550051,DET,7,mixed
0.16666666666666666,unresolved,shorter,19,35,550051,NOUN,16,mixed
-0.008771929824561403,unresolved,shorter,-1,0,550051,PART,1,mixed
0.03508771929824561,unresolved,shorter,4,7,550051,PRON,3,mixed
0.0,unresolved,shorter,0,1,550051,SCONJ,1,mixed
0.07017543859649122,unresolved,shorter,8,18,550051,VERB,10,mixed
-0.017857142857142856,unresolved,shorter,-1,4,140010,ADJ,5,mixed
-0.03571428571428571,unresolved,shorter,-2,5,140010,ADP,7,mixed
0.05357142857142857,unresolved,shorter,3,3,140010,ADV,0,mixed
-0.017857142857142856,unresolved,shorter,-1,3,140010,AUX,4,mixed
0.017857142857142856,unresolved,shorter,1,2,140010,CCONJ,1,mixed
0.017857142857142856,unresolved,shorter,1,12,140010,DET,11,mixed
0.017857142857142856,unresolved,shorter,1,18,140010,NOUN,17,mixed
0.017857142857142856,unresolved,shorter,1,1,140010,PART,0,mixed
-0.017857142857142856,unresolved,shorter,-1,1,140010,PRON,2,mixed
0.03571428571428571,unresolved,shorter,2,7,140010,VERB,5,mixed
0.08333333333333333,mixed,shorter,8,15,437303,ADJ,7,mixed
0.0625,mixed,shorter,6,13,437303,ADP,7,mixed
0.0,mixed,shorter,0,1,437303,ADV,1,mixed
0.03125,mixed,shorter,3,6,437303,AUX,3,mixed
-0.010416666666666666,mixed,shorter,-1,3,437303,CCONJ,4,mixed
0.052083333333333336,mixed,shorter,5,17,437303,DET,12,mixed
0.10416666666666667,mixed,shorter,10,28,437303,NOUN,18,mixed
0.0,mixed,shorter,0,1,437303,PRON,1,mixed
0.010416666666666666,mixed,shorter,1,1,437303,SCONJ,0,mixed
0.010416666666666666,mixed,shorter,1,11,437303,VERB,10,mixed
0.06923076923076923,lost,shorter,9,14,378276,ADJ,5,mixed
0.1,lost,shorter,13,19,378276,ADP,6,mixed
0.007692307692307693,lost,shorter,1,5,378276,ADV,4,mixed
0.015384615384615385,lost,shorter,2,7,378276,AUX,5,mixed
0.015384615384615385,lost,shorter,2,5,378276,CCONJ,3,mixed
0.1076923076923077,lost,shorter,14,20,378276,DET,6,mixed
0.15384615384615385,lost,shorter,20,35,378276,NOUN,15,mixed
0.023076923076923078,lost,shorter,3,3,378276,NUM,0,mixed
0.007692307692307693,lost,shorter,1,1,378276,PART,0,mixed
0.046153846153846156,lost,shorter,6,9,378276,PRON,3,mixed
0.0,lost,shorter,0,1,378276,SCONJ,1,mixed
0.038461538461538464,lost,shorter,5,11,378276,VERB,6,mixed
0.1206896551724138,unresolved,shorter,7,9,183469,ADJ,2,unresolved
0.06896551724137931,unresolved,shorter,4,7,183469,ADP,3,unresolved
0.017241379310344827,unresolved,shorter,1,2,183469,ADV,1,unresolved
0.06896551724137931,unresolved,shorter,4,7,183469,AUX,3,unresolved
0.017241379310344827,unresolved,shorter,1,2,183469,CCONJ,1,unresolved
0.06896551724137931,unresolved,shorter,4,8,183469,DET,4,unresolved
0.05172413793103448,unresolved,shorter,3,10,183469,NOUN,7,unresolved
-0.017241379310344827,unresolved,shorter,-1,2,183469,NUM,3,unresolved
-0.017241379310344827,unresolved,shorter,-1,0,183469,PART,1,unresolved
0.0,unresolved,shorter,0,4,183469,PRON,4,unresolved
0.05172413793103448,unresolved,shorter,3,7,183469,VERB,4,unresolved
0.0,unchanged,shorter,0,2,220277,ADJ,2,mixed
0.061224489795918366,unchanged,shorter,3,4,220277,ADP,1,mixed
0.02040816326530612,unchanged,shorter,1,2,220277,ADV,1,mixed
-0.02040816326530612,unchanged,shorter,-1,2,220277,AUX,3,mixed
-0.02040816326530612,unchanged,shorter,-1,2,220277,CCONJ,3,mixed
0.061224489795918366,unchanged,shorter,3,8,220277,DET,5,mixed
0.061224489795918366,unchanged,shorter,3,12,220277,NOUN,9,mixed
0.02040816326530612,unchanged,shorter,1,1,220277,PART,0,mixed
0.04081632653061224,unchanged,shorter,2,5,220277,PRON,3,mixed
0.02040816326530612,unchanged,shorter,1,1,220277,SCONJ,0,mixed
0.12244897959183673,unchanged,shorter,6,10,220277,VERB,4,mixed
